Newtimestamp,Road Type,Free Flow Time(seconds),Free Flow Speed(KMPH),Current Time(seconds),Current Speed(KMPH),march_1st,march_2nd,march_3rd,march_4th,april_1st,april_2nd,april_3rd,april_4th,april_5th,may_1st,may_2nd,may_3rd,may_3rd
06/07/19 0:00,FRC2,24,42,24,42,249.6,78.4,54.5,40.3,170.6,76,65.2,122.6,98.3,175.7,50.3,43.8,42.8
06/07/19 0:15,FRC2,24,42,24,42,200,83.1,55.8,40.7,178.2,76.5,64.7,105.3,86.7,174.6,73.3,46.4,45.3
06/07/19 0:30,FRC2,25,41,25,41,166.7,70.9,58.8,41.2,196.5,78.5,63.9,91.4,76.4,170.7,74.2,45,48.4
06/07/19 0:45,FRC2,25,41,25,41,158.1,68.2,57.1,42.5,192.1,78.6,62.5,77.5,74.2,178.3,75,45.1,49.1
06/07/19 1:00,FRC2,25,41,25,41,156.7,65.2,50.4,43.9,192.8,78.6,60.4,68.9,73,185.5,72.2,48.9,47.2
06/07/19 1:15,FRC2,25,41,25,41,166.6,67,45.5,50.1,193.3,78.2,55.1,63.5,63.7,173.4,68.8,49.2,44.9
06/07/19 1:30,FRC2,24,42,36,28,168.7,75.5,43.1,58.5,193.1,77.8,51.4,62.9,59.2,142.4,65.1,44.5,43.3
06/07/19 1:45,FRC2,24,42,24,42,157.1,79.4,40.2,62.8,184.6,78.1,51.8,64.2,57,107.4,66.6,31.3,43.8
06/07/19 2:00,FRC2,24,42,24,42,NaN,NaN,NaN,NaN,NaN,NaN,NaN,NaN,NaN,NaN,83.8,28.5,45.3
06/07/19 2:15,FRC2,24,42,24,42,NaN,NaN,NaN,NaN,NaN,NaN,NaN,NaN,NaN,NaN,75.8,27.1,47.6
06/07/19 2:30,FRC2,24,42,24,42,163.8,99.9,33.5,46.5,170,86.4,45.6,45.7,32.4,64,69.3,31.1,49.2
06/07/19 2:45,FRC2,24,42,24,42,166.7,96,34.2,44.7,171.1,85.5,44.1,44.3,32.3,63.4,62.1,35.3,44.6
06/07/19 3:00,FRC2,24,42,24,42,166.4,104.5,35.2,43.8,170.1,86.1,43.7,44.2,31.1,62.9,72.7,34.2,29
06/07/19 3:15,FRC2,24,42,24,42,164.5,109.4,35.4,41.5,172.3,95.8,44.1,45.8,30,62.1,77.1,34.9,26.6
06/07/19 3:30,FRC2,24,42,33,31,163.9,110,34.2,41.1,175.3,104,45.9,48.2,31.1,63.3,76.1,39.1,18.9
06/07/19 3:45,FRC2,25,41,31,33,164.6,112.4,34.4,42.1,177.9,107.1,48.2,51.9,33.3,66.5,76.2,48.6,17.9
06/07/19 4:00,FRC2,24,42,24,42,160.2,113.1,35.1,39.6,179.4,108.9,49.9,60.1,35.6,81.3,79.1,50.7,17.1
06/07/19 4:15,FRC2,24,42,24,42,152.9,111,34.3,37.7,177.6,111,49.4,64.3,41.6,90.3,93.7,45.8,15.9
06/07/19 4:30,FRC2,24,42,24,42,149.9,108,33.6,36.3,175.6,111.8,48.6,64.8,46.9,90.8,94.5,35.4,18.2
06/07/19 4:45,FRC2,24,42,24,42,150.5,107.2,36.1,34.8,173.8,113.3,49,64.9,49,88.5,101.8,31.1,20.5
06/07/19 5:00,FRC2,24,42,24,42,151.3,108.1,42.8,32.8,173.4,124.2,50.1,65.6,52.5,88.5,112.4,28.8,19.4
06/07/19 5:15,FRC2,24,42,24,42,155.3,108.3,43.8,32.7,173.6,129.7,50,66.1,55.4,90.2,121.1,30.3,17.7
06/07/19 5:30,FRC2,24,42,24,42,168,108.1,42.4,33.1,172.4,143.5,49.2,65.4,55.9,93.1,141.6,34.7,17.3
06/07/19 5:45,FRC2,24,42,24,42,201.6,109.3,43.2,32.2,177.9,143,50.1,64.4,58.5,95.3,126.1,37.6,17.1
06/07/19 6:00,FRC2,24,42,24,42,187.5,109.2,44.6,32,190.8,142.6,52,64.2,66.8,95.1,107.1,36.9,17.8
06/07/19 6:15,FRC2,24,42,24,42,172.7,109.9,47.5,31.7,182.7,140.2,66.2,67.7,76.8,93.8,100.6,33,18.8
06/07/19 6:30,FRC2,24,42,24,42,155.2,111.9,51.1,31.5,185.2,142.5,84.2,78.3,81.3,95.2,96.9,30.7,19.8
06/07/19 6:45,FRC2,24,42,24,42,159.4,117.6,59.2,31.7,198,143,84.5,80.5,92.9,92.7,95.3,31.1,22.1
06/07/19 7:00,FRC2,25,41,25,41,185.2,121.9,62.7,32.2,218.9,146.6,83.5,81.9,95.5,90.9,89.6,25.2,24.5
06/07/19 7:15,FRC2,24,42,32,32,218.6,119.2,64.3,33.3,211.4,149.7,86.6,77,77.5,75,62,20.9,23.7
06/07/19 7:30,FRC2,25,41,25,41,224,112.9,72.1,35.1,195,156.4,90.3,66.5,75,66,51.4,19.6,24.2
06/07/19 7:45,FRC2,25,41,25,41,198.2,111.4,68,37.1,172.5,143.7,81.3,63.8,66.8,64.6,45.8,18.7,23.7
06/07/19 8:00,FRC2,25,41,25,41,188.2,107.8,64.6,39.2,153.6,121.1,63.9,62.4,62.3,52.9,45.1,17.9,24.8
06/07/19 8:15,FRC2,25,41,25,41,190.7,103.8,60.1,39.8,145.5,108.3,63.5,53.3,59,48.5,41.1,17.3,24.8
06/07/19 8:30,FRC2,24,42,34,30,210.3,101,54.1,41.1,116.1,106.4,61.6,48.5,47.7,46.2,38.7,18,22.9
06/07/19 8:45,FRC2,25,41,25,41,239.4,99.2,48.2,41.1,100.3,100.5,58.1,47.4,45.1,44.4,34.6,17.7,19.7
06/07/19 9:00,FRC2,25,41,25,41,247.6,97.3,44.9,40.5,95.8,85.7,51.9,45.2,43.1,42.3,32.6,17.7,17.9
06/07/19 9:15,FRC2,24,42,24,42,226.9,96,41.2,40.1,86.7,75.5,48.1,44.2,38.8,40.8,30.3,17,16.2
06/07/19 9:30,FRC2,24,42,24,42,220.6,86.7,41,38.7,74.3,68.6,46,41.9,28.3,41.2,28.4,17.1,18
06/07/19 9:45,FRC2,24,42,33,31,213.4,74.8,39.8,37.3,69.7,67,43.6,38.9,25.3,39.2,29.2,16.3,17.2
06/07/19 10:00,FRC2,24,42,39,26,189,72.8,37.4,37.1,67,64.7,41.1,34.1,23.4,38.9,28.5,16,16.7
06/07/19 10:15,FRC2,24,42,38,27,176.2,71.5,37.1,36.4,63,61.3,38.6,25.6,NaN,36.2,24.7,14.7,16
06/07/19 10:30,FRC2,25,41,25,41,160.5,60.8,34.8,35.7,52.3,47,36.7,20.6,NaN,35.8,21.9,13.5,14.7
06/07/19 10:45,FRC2,25,41,25,41,159.5,64.5,28,38.1,24.7,46,32.8,16.1,NaN,33.2,19,14.2,13.9
06/07/19 11:00,FRC2,25,41,25,41,145.4,NaN,23.5,34.6,23.5,41.9,32.7,15.4,NaN,34.1,19.9,14.4,13.9
06/07/19 11:15,FRC2,24,42,39,26,150.3,46.1,21.9,33.2,19.6,41.4,32.2,18.9,NaN,32.9,18,14,14.4
06/07/19 11:30,FRC2,25,41,38,27,174.3,39.9,20.2,32.7,20.9,41.9,32.3,20.1,NaN,27.3,15.7,15,14.2
06/07/19 11:45,FRC2,24,42,33,31,203.7,30.6,20.5,32.5,21.7,43.1,33.6,19.6,NaN,24,15.6,14.7,14
06/07/19 12:00,FRC2,24,42,32,32,177,27.6,21.5,33.1,22.1,43.1,33.7,18.8,18.5,22.4,15.2,13.7,13.6
06/07/19 12:15,FRC2,24,42,38,27,164.3,31.6,21.4,30.6,21.6,41.7,33.9,19.1,17.8,21.4,15.3,13.6,13.2
06/07/19 12:30,FRC2,24,42,38,27,161.8,28.9,22.3,28.8,24.3,41.2,33.3,19,16.9,25.2,14.1,13.9,13.1
06/07/19 12:45,FRC2,24,42,34,30,156.1,27.9,22.9,27.7,22.5,40.2,32.5,17.9,16.9,21.4,14.2,14.1,13.1
6/7/19 13:00,FRC2,25,41,25,41,132.6,23,22.4,27.9,22.3,39.4,30.9,18.2,17.7,19.5,15.3,15,13.6
6/7/19 13:15,FRC2,25,41,25,41,123.9,19.2,22.4,28.4,26.1,37.6,17.8,19.5,16.9,18.9,17.9,15.8,12.8
6/7/19 13:30,FRC2,24,42,41,25,107.6,22.4,22.3,27.8,28.3,35.9,17.1,21.6,15.7,17,20,15.1,12.4
6/7/19 13:45,FRC2,24,42,24,42,103.5,22.2,22.6,28.1,31.7,35.3,21,20.4,14.9,NaN,18.3,14.8,11.9
6/7/19 14:00,FRC2,24,42,24,42,85.1,24.3,23.8,28.1,34.2,35.5,19.6,18.6,15.3,NaN,16.8,14,11.6
6/7/19 14:15,FRC2,24,42,24,42,73.7,27,25.4,26.6,31.9,34.1,NaN,19.4,15.1,NaN,18.3,13.1,11.6
6/7/19 14:30,FRC2,24,42,24,42,85.7,24.7,25.8,27,34.1,33.9,1.6,18.5,15.6,NaN,19.5,12.9,11.5
6/7/19 14:45,FRC2,25,41,25,41,101.7,31.8,25.3,28.7,34.9,32.4,9.2,18,15.5,NaN,18,12.8,11.9
6/7/19 15:00,FRC2,25,41,25,41,103.7,32.5,26.7,26.8,36.2,32.2,15,16.4,14.7,NaN,17.3,13.2,12.1
6/7/19 15:15,FRC2,25,41,35,29,98.1,34.8,27.5,26.8,41.4,29.5,15.9,15.9,14,NaN,17.8,13,11.2
6/7/19 15:30,FRC2,25,41,25,41,109,34.8,28.3,29.5,45,28.8,18.2,14.7,14.4,NaN,18.6,12.3,10.5
6/7/19 15:45,FRC2,24,42,24,42,99.9,35,28.1,29.3,45.6,28.3,18.6,14.4,13.8,NaN,19.1,12.4,11
6/7/19 16:00,FRC2,24,42,24,42,95.1,37.4,28.7,30.7,45.7,27.5,20.2,14.7,13.9,NaN,23.1,12.1,11.1
6/7/19 16:15,FRC2,24,42,24,42,135.6,40.2,28.6,32.5,44.2,27.6,19.7,13.9,15.3,NaN,32.4,13.8,11.6
6/7/19 16:30,FRC2,24,42,24,42,135.8,44.2,29.6,34.8,46.8,28.8,20.8,14.5,16.3,NaN,28,13.8,11.3
6/7/19 16:45,FRC2,24,42,24,42,127.8,40.3,29.1,34.1,47.8,29.1,19.7,15,16.7,NaN,32.7,13.1,13.3
6/7/19 17:00,FRC2,24,42,24,42,136.3,36.6,30.3,39.2,49.9,29.5,25.8,19.9,17.7,NaN,31.4,13.1,13.2
6/7/19 17:15,FRC2,24,42,24,42,144.5,40.7,30.2,41.6,53.6,29.8,30,21.8,18.2,NaN,30,13.5,13.9
6/7/19 17:30,FRC2,24,42,24,42,164.2,40,30.5,40.2,49.8,29.7,37.5,21.8,20.6,NaN,30.6,13.5,14
6/7/19 17:45,FRC2,24,42,24,42,145.5,39.4,31.5,36.1,50.7,35.7,41.3,27,22.8,NaN,34.7,13.7,14.4
6/7/19 18:00,FRC2,24,42,24,42,142.6,38.5,31.7,37.9,58.3,44,41.2,27.2,24.8,NaN,38.3,14.4,15.4
6/7/19 18:15,FRC2,24,42,24,42,136.1,39.3,34.8,41,57.5,50.8,42.4,30.9,26,NaN,39.8,15.8,17.3
6/7/19 18:30,FRC2,24,42,24,42,116.1,40.8,51.5,42.1,62.5,58.4,44.6,42.8,26.4,NaN,47.2,17.3,18.4
6/7/19 18:45,FRC2,25,41,25,41,NaN,43,57.1,42.1,74.1,61.5,45.7,48.8,28.9,NaN,50.5,21.5,21.3
6/7/19 19:00,FRC2,24,42,31,33,NaN,48.2,59,43.8,97,72.3,49.2,80.4,32,NaN,41,23,26.8
6/7/19 19:15,FRC2,24,42,24,42,NaN,56.9,66.6,46,84.8,96.7,75.2,107.3,39.6,NaN,40.7,23.3,32.3
6/7/19 19:30,FRC2,24,42,24,42,NaN,61,70.7,45.2,70,93.3,76,124.3,51,NaN,54.7,30.6,35.7
6/7/19 19:45,FRC2,25,41,25,41,NaN,64,63,44.4,85.6,97.3,56,170.7,61.2,NaN,72,49.9,42.2
6/7/19 20:00,FRC2,24,42,24,42,NaN,61.5,64.6,44.3,95.1,113.9,52.4,202.2,62.7,NaN,68.4,49.6,45.5
6/7/19 20:15,FRC2,24,42,24,42,NaN,61,74.2,44.5,104.8,162.4,54.2,236.8,60.2,NaN,63.2,47.4,42.4
6/7/19 20:30,FRC2,25,41,25,41,NaN,62.5,86.8,44.4,175.8,158,55.1,257,68.8,NaN,73.1,51.9,34.9
6/7/19 20:45,FRC2,24,42,24,42,NaN,61.3,100.1,45.2,144.2,175.9,56.4,304.3,94.3,NaN,80,55.6,35
6/7/19 21:00,FRC2,24,42,24,42,NaN,62.5,110.7,45.4,109.1,197.7,58.4,322.5,99.5,NaN,81.6,57.1,36.3
6/7/19 21:15,FRC2,24,42,24,42,NaN,63.7,132.7,45.2,131.4,198.8,57.7,333,107.7,NaN,79.5,57.4,37.8
6/7/19 21:30,FRC2,24,42,24,42,NaN,65.5,136.4,46.2,148.7,207.3,56.2,341,91.7,NaN,74.3,47.2,37.8
6/7/19 21:45,FRC2,24,42,24,42,NaN,68.2,132.3,46.6,157.6,212.3,56,360.7,67.7,NaN,73.4,45.5,40.6
6/7/19 22:00,FRC2,24,42,24,42,NaN,71,120.6,47.1,160.8,227.6,57.2,372.5,55.9,NaN,72.5,45.4,45.3
6/7/19 22:15,FRC2,24,42,24,42,NaN,75.3,122.7,43.1,127.4,209.1,58.7,378.9,54.5,NaN,65.3,47.5,46.2
6/7/19 22:30,FRC2,24,42,24,42,NaN,79,134.6,40,111.7,209.8,60.7,406,52.9,NaN,66.9,49.2,47.1
6/7/19 22:45,FRC2,24,42,24,42,NaN,77.6,136.6,38.8,120.7,219,64.2,409.8,49.8,NaN,69.4,47.5,51.5
6/7/19 23:00,FRC2,24,42,24,42,NaN,76.5,148.7,37.9,159.5,235,66.5,403.1,45.8,NaN,65.9,45,66.6
6/7/19 23:15,FRC2,24,42,24,42,NaN,73.3,157.8,36.2,164.3,253.6,63.2,360.1,44.6,NaN,58.9,44.9,60.8
6/7/19 23:30,FRC2,24,42,24,42,NaN,71.5,161.9,36.9,152.2,252.2,63.6,303,61.9,NaN,58.3,45.5,59.2
6/7/19 23:45,FRC2,25,41,25,41,NaN,72.7,154.3,39.2,148.8,252.7,63.4,273.8,62.9,NaN,61.5,43.4,55.8
7/7/19 0:00,FRC2,25,41,25,41,NaN,78.4,154.3,44.2,146.4,252.7,65.3,222.7,59.4,NaN,66.7,44.6,48
7/7/19 0:15,FRC2,25,41,25,41,NaN,81.4,162.6,48.2,144.3,251,69.4,205.9,58.5,NaN,64.9,43.8,47.4
7/7/19 0:30,FRC2,24,42,24,42,NaN,85,166,47,125.7,241.6,82.7,186.2,57.4,NaN,58,43.7,47.1
7/7/19 0:45,FRC2,24,42,24,42,NaN,88.7,127.5,47.3,120.1,224.2,84.2,180.7,46.5,NaN,55.5,46.5,44.3
7/7/19 1:00,FRC2,24,42,24,42,NaN,89,122,49.3,113.8,221.1,87.8,159.5,49,NaN,55.2,45.1,40.4
7/7/19 1:15,FRC2,24,42,24,42,NaN,86.7,110.6,49.8,110.1,223.9,89.2,136.8,51.6,NaN,55.3,33.6,37.9
7/7/19 1:30,FRC2,24,42,24,42,NaN,86.5,111.9,47.9,107.4,224.5,86.3,124.2,36.7,NaN,54.3,32,39.1
7/7/19 1:45,FRC2,24,42,24,42,NaN,91.4,112.2,46.5,108.1,225.5,69.7,137.6,32.8,NaN,48.7,34.6,39.4
7/7/19 2:00,FRC2,24,42,24,42,NaN,NaN,NaN,NaN,NaN,NaN,NaN,NaN,NaN,NaN,43.4,35.9,33.1
7/7/19 2:15,FRC2,24,42,24,42,NaN,NaN,NaN,NaN,NaN,NaN,NaN,NaN,NaN,NaN,41.4,35.8,27.6
7/7/19 2:30,FRC2,24,42,24,42,NaN,NaN,112.5,43.1,116.4,206.5,69.4,119.7,42.9,NaN,40.6,36.5,25.8
7/7/19 2:45,FRC2,24,42,24,42,NaN,NaN,112.8,42.6,109.9,202.2,67.5,118.6,43.2,NaN,40.5,45.1,26.7
7/7/19 3:00,FRC2,24,42,24,42,NaN,99,115.8,41.4,91.9,189.4,63.8,116.7,44.8,NaN,41.2,56.2,28.8
7/7/19 3:15,FRC2,25,41,25,41,NaN,103.5,119.2,41.9,85.6,188.4,59.1,113,44.1,NaN,39.9,59.8,30.6
7/7/19 3:30,FRC2,25,41,25,41,NaN,100.9,122.6,44.4,75.5,191.2,56.2,106.4,39.5,NaN,40.8,61.9,31.6
7/7/19 3:45,FRC2,25,41,25,41,NaN,77.7,126.2,45.3,72.3,194,54,98.1,34.5,NaN,44.9,62.8,33
7/7/19 4:00,FRC2,25,41,25,41,NaN,72.3,127.1,46.3,70.5,193.8,52.9,85.4,36.6,NaN,47,62.8,47.3
7/7/19 4:15,FRC2,25,41,25,41,NaN,73.1,125.2,46.2,69.2,191.8,52.9,79.8,41.1,NaN,46.8,63,57
7/7/19 4:30,FRC2,25,41,25,41,NaN,73.3,124.1,46,67.5,187.8,52.6,75.8,42.1,NaN,36.7,62.4,49.3
7/7/19 4:45,FRC2,25,41,25,41,NaN,72.6,119.7,47.5,65.4,177.7,53.4,72.3,41.1,NaN,31,58,47.5
7/7/19 5:00,FRC2,25,41,25,41,NaN,71.9,111.8,49.2,62.7,166.8,54.9,73.2,40,NaN,21.7,51.8,45.6
7/7/19 5:15,FRC2,25,41,25,41,NaN,71,103.7,50.2,60.1,138.5,55,86.5,38.2,NaN,17,46.3,44.6
7/7/19 5:30,FRC2,25,41,25,41,NaN,71.7,99.6,50.8,60.4,133.4,54.5,78.9,35.7,NaN,16.8,39.5,44.5
7/7/19 5:45,FRC2,25,41,25,41,NaN,71.3,95.4,62,61.6,120.5,55.7,76,34.8,NaN,17.1,37.6,44.4
7/7/19 6:00,FRC2,25,41,25,41,NaN,69.2,92.2,73,60.2,118.4,58.6,74,37.2,NaN,17.6,36.9,51.2
7/7/19 6:15,FRC2,25,41,25,41,NaN,67.5,91.5,73.8,58.6,120.3,65.5,73.9,42.5,NaN,17.7,36.8,62.7
7/7/19 6:30,FRC2,25,41,25,41,NaN,65.6,90.3,69.5,57.4,135.3,70.4,74.5,44.4,NaN,18.7,38.7,62.8
7/7/19 6:45,FRC2,25,41,25,41,NaN,65.5,86.3,67.9,57.8,122.1,69.8,74.5,45.5,NaN,18.3,39.9,64.1
7/7/19 7:00,FRC2,25,41,25,41,NaN,67.5,79.7,69.4,59.2,119.5,71.4,75.3,45,NaN,17.7,39.6,63.4
7/7/19 7:15,FRC2,25,41,25,41,NaN,65.2,76.2,65.8,61.7,123.9,68.7,76.5,42.9,NaN,17.3,32.4,57.2
7/7/19 7:30,FRC2,25,41,25,41,NaN,53.4,77.4,58.9,63.5,98.8,67.1,75.6,39.7,NaN,18.1,27.6,38.6
7/7/19 7:45,FRC2,25,41,25,41,NaN,55.4,78.5,57.2,60.4,79.9,64.9,71.9,38,NaN,17.9,26,34.9
7/7/19 8:00,FRC2,25,41,25,41,NaN,57.9,77.9,55.4,57.4,75.5,62.6,63.6,37.8,NaN,17.3,25.5,33.5
7/7/19 8:15,FRC2,25,41,25,41,NaN,58,76.3,55,55.1,72.5,56.9,59.8,47.1,NaN,15.9,25,31.6
7/7/19 8:30,FRC2,25,41,25,41,NaN,57.4,74.8,53.6,52.3,64.9,49.2,47,46.1,NaN,15.6,23.7,26.6
7/7/19 8:45,FRC2,25,41,25,41,NaN,53.6,73.2,53.2,52.3,63.5,46.1,39.1,39.3,NaN,15.6,22.7,23.1
7/7/19 9:00,FRC2,25,41,25,41,NaN,51.4,70.4,53,48,60.5,44.5,31.7,36.4,NaN,16.2,21.4,17.8
7/7/19 9:15,FRC2,25,41,25,41,NaN,60.2,63.5,50.3,45.6,55.9,43.3,26.4,35,NaN,16.8,20.5,18.2
7/7/19 9:30,FRC2,25,41,25,41,NaN,58.4,57.4,46.9,44.5,50.4,42.7,21.2,30,NaN,17.2,19.3,18.7
7/7/19 9:45,FRC2,25,41,25,41,NaN,NaN,53.8,46.2,42.8,47.3,41.4,19.8,26.4,NaN,16.5,18.3,17.4
7/7/19 10:00,FRC2,25,41,25,41,NaN,NaN,46.5,45.2,39.7,44.3,40.2,20.2,24.9,NaN,16.7,17.5,16.1
7/7/19 10:15,FRC2,25,41,25,41,NaN,NaN,41.7,44.6,38.3,42.6,38.8,20.2,23.2,NaN,16.1,16.7,15.4
7/7/19 10:30,FRC2,25,41,25,41,NaN,NaN,40.5,42.5,36.5,40.2,37.2,19.8,22.1,NaN,16,16.3,15
7/7/19 10:45,FRC2,25,41,25,41,NaN,NaN,39.2,40.6,35.1,38.1,36,18.1,22.2,22.1,16.2,15.8,14.5
7/7/19 11:00,FRC2,25,41,25,41,NaN,NaN,39.4,40.4,33.9,37.9,36.7,16.9,21.3,21.2,15.5,15.3,14.1
7/7/19 11:15,FRC2,25,41,25,41,NaN,NaN,35.3,40.5,33.6,42.7,38.1,16.6,21.8,21,12.9,14.6,14
7/7/19 11:30,FRC2,25,41,25,41,NaN,NaN,33.8,39.9,34.9,45.3,37.6,17,21.4,20.6,11.9,13.9,12.6
7/7/19 11:45,FRC2,25,41,31,33,NaN,NaN,33.3,36.9,35.7,46.1,38.3,17.3,21,20.3,12.4,14.9,11.9
7/7/19 12:00,FRC2,25,41,25,41,NaN,NaN,32.7,34.9,35.2,45.5,38.8,16.5,20.8,19.7,12.5,13.8,11.9
7/7/19 12:15,FRC2,25,41,25,41,NaN,NaN,31.6,34.3,35.3,42.9,37.4,15.7,19.8,20,13.4,13.2,11.9
7/7/19 12:30,FRC2,25,41,25,41,NaN,NaN,30.6,32.4,35.7,41.2,36,14.5,18.4,19.4,13.4,13.2,12
7/7/19 12:45,FRC2,25,41,25,41,NaN,NaN,29.2,31.1,34.8,41.3,36,14.8,17.1,22.6,13.9,13.2,11.7
7/7/19 13:00,FRC2,25,41,25,41,NaN,NaN,27.9,30.7,34.4,40.5,36.7,14.6,17.6,21,13.8,12.9,11.2
7/7/19 13:15,FRC2,25,41,25,41,NaN,NaN,26.2,29.3,33.6,39.6,35.8,14.5,17.4,20.2,13.4,13.1,10.4
7/7/19 13:30,FRC2,25,41,25,41,NaN,NaN,25.5,27.9,33.6,38.8,34.9,14.1,16.6,19,12.9,13,10.3
7/7/19 13:45,FRC2,25,41,25,41,NaN,NaN,25.6,28.6,32.9,38.5,33.9,14.6,16.6,18.8,13,13,10.9
7/7/19 14:00,FRC2,25,41,25,41,NaN,NaN,25.2,29.4,33.7,37.5,33.5,14.7,18.7,21.1,13.7,12.5,10.9
7/7/19 14:15,FRC2,25,41,25,41,NaN,NaN,24.7,29.2,33.7,35.5,32.7,15.3,20.4,21.6,13.4,12.6,11
7/7/19 14:30,FRC2,25,41,25,41,NaN,NaN,26.3,29.9,33.4,37,31.5,15.1,18.4,19.6,12.2,12.8,12
7/7/19 14:45,FRC2,25,41,25,41,NaN,NaN,27.1,29.1,33.2,36,31.5,15.3,16.2,17.2,10.7,12.8,11.7
7/7/19 15:00,FRC2,25,41,25,41,NaN,NaN,27.5,30.2,33,36.5,31.6,15.4,15.6,15.4,11.6,13,11.6
7/7/19 15:15,FRC2,25,41,25,41,NaN,NaN,26.4,29.9,32.1,35.6,30.8,14.5,15,15.2,12.9,12.6,11.3
7/7/19 15:30,FRC2,25,41,25,41,NaN,NaN,24.4,31.4,28.8,33.2,31.2,14.3,15.3,15.2,14.7,12.9,10.6
7/7/19 15:45,FRC2,25,41,25,41,NaN,NaN,24.4,32.9,26.7,31.8,30.6,14.4,14.4,15.4,13.5,13.4,10.2
7/7/19 16:00,FRC2,25,41,25,41,NaN,NaN,23.5,33.1,26.5,32.6,30.4,14.5,14.7,16.2,13.7,13.3,10.8
7/7/19 16:15,FRC2,25,41,25,41,NaN,NaN,23.2,35.8,27.4,31.2,30.5,15.4,15.3,16.5,14.5,14.2,10.5
7/7/19 16:30,FRC2,25,41,25,41,NaN,NaN,24.2,39,27.9,29.7,31.1,16.1,15.4,17.3,13.3,14.2,11.9
7/7/19 16:45,FRC2,25,41,25,41,NaN,NaN,25.3,40.2,27.8,29.4,33,16.6,16.3,19.8,14.2,14.1,12.5
7/7/19 17:00,FRC2,25,41,25,41,NaN,NaN,27,40.6,32.2,30,34.7,16.5,19.8,20.4,15.9,14.5,12.3
7/7/19 17:15,FRC2,25,41,25,41,NaN,NaN,26.7,42.3,34.2,29.2,34.4,16.9,26.9,22.6,15.7,15,12.5
7/7/19 17:30,FRC2,25,41,25,41,NaN,NaN,27.3,39.2,34.4,29.1,33.6,17.6,25.5,24.1,15.8,16,12.8
7/7/19 17:45,FRC2,25,41,35,29,NaN,NaN,28.8,39.1,34,29.2,33.3,18.4,24.9,26.4,17.1,19.3,13.4
7/7/19 18:00,FRC2,25,41,25,41,NaN,NaN,32.4,40.3,33.4,29.9,33.7,19.7,26.6,30.4,18.6,22.6,14.4
7/7/19 18:15,FRC2,25,41,25,41,NaN,NaN,35,41.7,33.4,30.3,34.9,25.4,32.7,37.6,21.5,26.1,16.6
7/7/19 18:30,FRC2,25,41,25,41,NaN,NaN,37.3,41.7,33.7,32.3,40.9,29.3,40.4,49.4,29.3,36.8,18.9
7/7/19 18:45,FRC2,24,42,24,42,NaN,NaN,39.3,43.1,34.2,34.4,46.1,40.7,49.8,70.1,39.2,43.6,21.6
7/7/19 19:00,FRC2,24,42,24,42,NaN,NaN,43.1,45.1,37.2,37.7,50.1,54.3,68.3,89.9,49.4,51.1,26
7/7/19 19:15,FRC2,25,41,25,41,NaN,NaN,65.4,47,43.3,43.1,57.2,66.3,88.7,100.5,48.5,70.8,46.2
7/7/19 19:30,FRC2,25,41,25,41,NaN,NaN,74.8,46.9,44.1,46.8,59.5,86.3,99.6,130.5,52.6,86.3,72.2
7/7/19 19:45,FRC2,25,41,25,41,NaN,NaN,74.1,47.1,44,49.2,76.4,103.8,146.3,160.7,58.3,92.3,74.4
7/7/19 20:00,FRC2,25,41,25,41,NaN,NaN,85.3,48.2,45.2,45.9,84,107.3,186.1,184.8,75.4,96.5,88.6
7/7/19 20:15,FRC2,25,41,25,41,NaN,NaN,88.9,47.3,45.9,35.8,90.5,134,198.8,205.9,91.9,95.3,122.2
7/7/19 20:30,FRC2,25,41,25,41,NaN,NaN,91.1,51.5,47.6,34.6,99.1,176.2,250.8,246.5,101.2,97.1,149.3
7/7/19 20:45,FRC2,25,41,25,41,NaN,NaN,94.4,50.1,50.6,36,107.3,242.4,263.2,277.3,118.1,108.5,160.7
7/7/19 21:00,FRC2,25,41,25,41,NaN,NaN,118.9,47.3,52.1,38.1,92.1,304.4,250.1,284.2,141.9,115.7,170.7
7/7/19 21:15,FRC2,25,41,25,41,NaN,NaN,125.2,46.6,52.6,38.7,84.1,310.8,240.9,297.9,169.1,117.4,180.9
7/7/19 21:30,FRC2,24,42,31,33,NaN,NaN,115.2,46.2,54.2,47.8,81.7,313.9,217.1,296.1,170.8,123.1,176.5
7/7/19 21:45,FRC2,24,42,24,42,NaN,NaN,104.2,48.1,54.4,59,75.2,316.6,181.5,295.6,174.9,136.4,160.5
7/7/19 22:00,FRC2,24,42,24,42,NaN,NaN,94.4,49,54.5,54.7,71.9,328.5,163.1,318.7,170.5,140.7,158.2
7/7/19 22:15,FRC2,24,42,24,42,NaN,NaN,NaN,49.4,52.3,54.6,72.3,359.9,171,348.7,158.7,147.3,158
7/7/19 22:30,FRC2,24,42,24,42,NaN,NaN,NaN,53.8,53.5,49.8,72.1,361.7,160.9,351.9,140.7,156,159.8
7/7/19 22:45,FRC2,24,42,24,42,NaN,NaN,NaN,56.8,65.8,45.2,71.3,337.7,152.5,356.7,134.8,156.1,157.7
7/7/19 23:00,FRC2,24,42,24,42,NaN,NaN,NaN,56.5,59.7,45.5,68.4,321.1,125,345.1,135,161.9,126
7/7/19 23:15,FRC2,24,42,24,42,NaN,NaN,NaN,55.1,51.4,55.8,60.9,308.4,99.9,341.6,142.1,169,110.8
7/7/19 23:30,FRC2,24,42,24,42,NaN,NaN,NaN,54.7,49.9,47.4,57.9,297.7,87.8,338.3,140.6,191,101.2
7/7/19 23:45,FRC2,24,42,32,32,NaN,NaN,NaN,58.1,49.8,50.8,57.1,226.8,76.5,337.6,149.9,198.5,98.2
8/7/19 0:00,FRC2,24,42,33,31,NaN,NaN,NaN,59.5,48.2,49.2,57.6,204.7,72.7,340.2,157.1,197.7,118.4
8/7/19 0:15,FRC2,24,42,24,42,NaN,NaN,NaN,59.5,47,48,58.9,199.8,86.8,337.9,152.2,192.3,149.2
8/7/19 0:30,FRC2,24,42,24,42,NaN,NaN,NaN,59.7,46.4,48,59.2,191.8,95.5,327.4,154.3,177.9,150.6
8/7/19 0:45,FRC2,24,42,24,42,NaN,NaN,NaN,59.5,44.8,50.1,62.2,187.3,95.3,329.8,159.1,169.5,142.7
8/7/19 1:00,FRC2,24,42,24,42,NaN,NaN,NaN,57,42.2,52.4,67.7,186.3,94.9,344.2,162.9,165.1,124.7
8/7/19 1:15,FRC2,24,42,24,42,NaN,NaN,NaN,52.4,41,50.9,67.6,184.4,91,327,164.4,156.7,119.1
8/7/19 1:30,FRC2,24,42,24,42,NaN,NaN,NaN,49.8,39.9,54.7,65,181.3,87.4,256.2,165.8,154.9,107
8/7/19 1:45,FRC2,24,42,24,42,NaN,NaN,NaN,54.2,38.9,61.5,61.8,180.5,74.8,178.3,166.1,158,98.7
8/7/19 2:00,FRC2,24,42,24,42,NaN,NaN,NaN,NaN,NaN,NaN,NaN,NaN,NaN,NaN,163.8,165,95.7
8/7/19 2:15,FRC2,24,42,24,42,NaN,NaN,NaN,NaN,NaN,NaN,NaN,NaN,NaN,NaN,153.9,179.3,93.3
8/7/19 2:30,FRC2,24,42,30,34,NaN,NaN,NaN,50.5,35.2,49,53.4,195.3,62.1,110.4,140.4,179,94.2
8/7/19 2:45,FRC2,25,41,25,41,NaN,NaN,NaN,48.8,34.4,45.1,53,202.5,62.2,101,139.6,168.7,95.9
8/7/19 3:00,FRC2,25,41,25,41,NaN,NaN,NaN,46,34.8,43,52.4,215.3,70.6,80.9,118.7,157.6,94.9
8/7/19 3:15,FRC2,25,41,25,41,NaN,NaN,NaN,45.5,36.8,44.1,53.7,215.9,87.1,69.8,101.5,150.7,93
8/7/19 3:30,FRC2,25,41,25,41,NaN,NaN,NaN,45.9,37.2,46.3,54.1,218,95,64.1,96.1,141.3,90.1
8/7/19 3:45,FRC2,25,41,25,41,NaN,NaN,NaN,46.1,43.6,44.5,56,224.9,101.9,62,82.8,131.9,86.6
8/7/19 4:00,FRC2,25,41,25,41,NaN,NaN,NaN,44.2,53.6,43.8,58.1,240.8,103,72.4,71.2,122.5,83.9
8/7/19 4:15,FRC2,25,41,25,41,NaN,NaN,NaN,40.6,54.9,46.3,56.2,245.3,100.2,67.8,57.1,119.1,80.6
8/7/19 4:30,FRC2,25,41,25,41,NaN,NaN,NaN,38.4,54.8,44.9,51.6,231.1,94.4,66,48.2,120.3,77.2
8/7/19 4:45,FRC2,25,41,25,41,NaN,NaN,NaN,36.3,53.7,45.9,51,217.6,89.3,71.5,44.5,122.6,73.3
8/7/19 5:00,FRC2,25,41,25,41,NaN,NaN,NaN,35.2,52.7,47,50.4,216.5,76.8,73.8,65.3,125.1,71.2
8/7/19 5:15,FRC2,25,41,25,41,NaN,NaN,NaN,34.7,51.4,47.2,50.1,217.1,72.6,75.2,87.1,117.3,75.4
8/7/19 5:30,FRC2,0.0,0.0,0.0,0.0,NaN,NaN,NaN,34.5,52.4,48.1,49.9,216.9,71.7,73.2,88.6,79.4,75.8
8/7/19 5:45,FRC2,0.0,0.0,0.0,0.0,NaN,NaN,NaN,34.7,59.6,55.4,50,216.7,73.8,74.2,85.4,61.8,57.5
8/7/19 6:00,FRC2,0.0,0.0,0.0,0.0,NaN,NaN,NaN,36.6,71.3,65.6,53.8,217.1,75.7,88.5,85.5,52.9,52
8/7/19 6:15,FRC2,0.0,0.0,0.0,0.0,NaN,NaN,NaN,37.7,68,72.3,72.3,234.1,94.3,98,86.4,72.5,51.3
8/7/19 6:30,FRC2,0.0,0.0,0.0,0.0,NaN,NaN,106,39.1,66.9,108.5,72.8,267.3,119.3,101.6,89.1,86.7,50.8
8/7/19 6:45,FRC2,0.0,0.0,0.0,0.0,NaN,NaN,117.7,40.5,67.8,106.3,76.3,276.3,128.5,120.2,91.7,86.6,53.6
8/7/19 7:00,FRC2,0.0,0.0,0.0,0.0,NaN,NaN,124.8,41.3,65.5,89.4,85,278.5,103,132.3,90.2,84.5,55.1
8/7/19 7:15,FRC2,0.0,0.0,0.0,0.0,NaN,NaN,127.5,48.5,58.5,88.2,69.7,292,94.4,132.4,85.6,85.1,53.7
8/7/19 7:30,FRC2,0.0,0.0,0.0,0.0,NaN,NaN,130.3,50.3,56.6,88.8,69.4,264.2,94.6,118.9,81.6,88.1,49
8/7/19 7:45,FRC2,0.0,0.0,0.0,0.0,NaN,NaN,129.1,49.4,54.4,87.6,71.4,209.7,92,93.4,75.7,90,47.4
8/7/19 8:00,FRC2,0.0,0.0,0.0,0.0,NaN,NaN,123.4,51.3,52.8,93.8,73.2,174.6,75.7,89.1,72.7,89.6,43.5
8/7/19 8:15,FRC2,0.0,0.0,0.0,0.0,NaN,NaN,112.4,51.8,52,78.1,73.7,127.3,66.5,69,68.6,71.3,37.4
8/7/19 8:30,FRC2,0.0,0.0,0.0,0.0,NaN,NaN,104.7,50.8,50.6,71.1,68.9,118.7,64.2,50.4,63.8,63.1,34.6
8/7/19 8:45,FRC2,0.0,0.0,0.0,0.0,NaN,NaN,99.5,51.5,49.6,57.6,62.6,115.5,63.4,49,60.7,57.8,33.9
8/7/19 9:00,FRC2,0.0,0.0,0.0,0.0,NaN,NaN,91.1,51.9,49.5,53.2,61,114.7,61.4,49.3,58.7,51.7,32.1
8/7/19 9:15,FRC2,0.0,0.0,0.0,0.0,NaN,NaN,83.2,50.6,49.1,52.1,60.5,106.2,60.9,49.4,56.7,48.1,31.4
8/7/19 9:30,FRC2,0.0,0.0,0.0,0.0,NaN,NaN,69.7,49.3,46.1,52.1,58.5,81.6,55.6,48.8,47.8,44.4,33.4
8/7/19 9:45,FRC2,0.0,0.0,0.0,0.0,NaN,NaN,65.7,49.3,43.2,43.8,57.1,62.6,49.6,40.9,52,42.3,29.5
8/7/19 10:00,FRC2,0.0,0.0,0.0,0.0,NaN,NaN,59.4,50.6,41.1,24.5,54.9,43.5,49.6,38.1,57.7,34.4,25.5
8/7/19 10:15,FRC2,0.0,0.0,0.0,0.0,95.3,47.4,48.8,50.5,39.7,24.9,50.1,38.5,41.4,33.8,50.5,27.6,21.9
8/7/19 10:30,FRC2,0.0,0.0,0.0,0.0,89.8,40,47,50.5,37.9,24.8,47.8,33.4,32.3,29.6,44.4,25.2,20.7
8/7/19 10:45,FRC2,0.0,0.0,0.0,0.0,86.5,37.2,45.5,48.4,36.4,25.7,47.5,31.9,25.2,28.8,42.9,22.5,22
8/7/19 11:00,FRC2,0.0,0.0,0.0,0.0,82.4,36,39.5,32.6,35.1,26.3,46.3,31.2,23.5,27.6,34.6,19.7,17.6
8/7/19 11:15,FRC2,0.0,0.0,0.0,0.0,74.9,30.5,36.5,31,35.2,26.5,43.6,31.6,20.8,26.7,24.6,17.4,16.2
8/7/19 11:30,FRC2,0.0,0.0,0.0,0.0,67.9,27.1,36.4,31.8,35.2,25.1,43.1,31.2,19.7,25.7,23.3,16.7,17.9
8/7/19 11:45,FRC2,25,41,38,27,65.2,27.9,34.9,26.5,34.6,23.7,42.1,30.4,19.5,24,20.8,17.1,18.4
8/7/19 12:00,FRC2,24,42,41,25,60,25.7,32.6,24.7,34.6,23,41.1,30.9,19.1,23.7,20.5,14.6,18.3
8/7/19 12:15,FRC2,24,42,33,31,50.7,23,31.6,25.9,35.4,22.8,39.8,24.2,18.8,22.7,18.7,14.4,16.3
8/7/19 12:30,FRC2,0.0,0.0,0.0,0.0,46.8,25.8,29.2,27.4,35.4,25.4,38.7,26.8,18.6,21.8,13.4,14.9,14.6
8/7/19 12:45,FRC2,0.0,0.0,0.0,0.0,44.8,26.4,27.7,31.5,35.6,26.2,38.1,20.3,19.3,21.7,14,14,15.4
8/7/19 13:00,FRC2,24,42,39,26,43.4,25,27.9,34.7,35.9,27.8,40,21.8,17.6,21.3,15.1,13.4,14.9
8/7/19 13:15,FRC2,25,41,41,25,41.7,23.7,27.4,36.9,35.6,29,35.7,19.2,18.2,20.3,17.4,13.4,16.1
8/7/19 13:30,FRC2,25,41,39,26,36.8,17.5,26.3,37.7,35.3,28.5,14.8,16.3,16.4,20.9,18.9,12.3,13.7
8/7/19 13:45,FRC2,24,42,33,31,36.2,17.1,24.6,41.1,35.3,30.5,20.7,18.3,17.5,19.6,19.3,12.3,14.3
8/7/19 14:00,FRC2,25,41,33,31,36.2,18.9,24.8,41.6,35.2,34.3,21.4,19.3,18.9,18.8,19.9,12.5,14.2
8/7/19 14:15,FRC2,24,42,24,42,37.5,20.1,27,43.5,35.3,31.9,19.7,18,18.2,17.9,16.5,12.1,14.6
8/7/19 14:30,FRC2,24,42,24,42,35.9,20.9,26,46.8,35.7,32,19.6,15.6,19.6,17.7,15.5,11.8,13.4
8/7/19 14:45,FRC2,24,42,34,30,33.6,22.8,24.2,46.2,36.1,37.9,19.9,17.9,17.6,17.5,14.5,11.6,14
8/7/19 15:00,FRC2,25,41,33,31,32.5,23.5,22.6,44.4,36.1,45.6,19,20,18.2,19,17.6,11.6,13.7
8/7/19 15:15,FRC2,25,41,32,32,32.9,23.2,23.7,42.2,31.4,44.2,14.4,19.2,17.8,16.6,19.4,11.2,12.3
8/7/19 15:30,FRC2,24,42,42,24,30.8,25.3,23.5,37.8,29.7,42.2,12.9,16.7,15.3,15.9,19.5,11.7,11
8/7/19 15:45,FRC2,25,41,35,29,30.6,25.6,22.7,34.9,29.7,40.1,14,15.1,14.3,16.9,27.8,12.1,11.5
8/7/19 16:00,FRC2,24,42,38,27,32.8,29.7,23.2,34.6,29.6,38,14.7,17.9,14.2,18.4,47.1,11.4,12.5
8/7/19 16:15,FRC2,24,42,39,26,34.3,34,23.4,36.1,29,40.2,14.4,20.4,15.3,20.1,49.3,12.1,15
8/7/19 16:30,FRC2,24,42,33,31,34.9,32.1,25.1,38.5,29.1,41.6,14.8,23.7,15.4,20.8,59,12.5,15.3
8/7/19 16:45,FRC2,24,42,32,32,35.5,33.6,27.9,40.8,30.6,40.8,15.9,34.8,15.5,21.8,41.3,15.3,15
8/7/19 17:00,FRC2,24,42,34,30,36.9,36.8,31.1,40.2,33.1,41.6,16.7,19.1,16.2,22,34.7,17.6,13.9
8/7/19 17:15,FRC2,24,42,24,42,37.9,39.3,33.3,38.3,28.5,44,18.8,18.9,17.6,25.8,23.3,20,15.3
8/7/19 17:30,FRC2,25,41,33,31,38.2,42.8,32.9,41.2,18.9,45.6,24.9,28.3,21.9,29.3,20.5,21.6,20.4
8/7/19 17:45,FRC2,25,41,25,41,37.5,44.7,34.4,41.2,27.7,49.7,31.9,39.4,30.1,32.4,20.2,21.9,22.4
8/7/19 18:00,FRC2,25,41,31,33,38.5,52,41.4,41.6,24,55.7,35.2,38.1,42.2,39.7,20.6,24,26.6
8/7/19 18:15,FRC2,24,42,24,42,40.7,60.8,44.6,44.8,31,58.1,50,37.1,50.1,46.8,22.8,29.6,30
8/7/19 18:30,FRC2,24,42,24,42,41.8,76.9,44.8,45,33.3,58.8,63.6,40.2,73.1,47.8,23.7,42.9,32.2
8/7/19 18:45,FRC2,24,42,24,42,42.3,69.1,48.1,46.8,39.4,60.2,77.8,50.1,156.2,54.8,24.1,66,48.2
8/7/19 19:00,FRC2,24,42,24,42,45.2,44,62.9,49.2,54.3,66.8,101.7,64.5,179.9,89.5,29.7,77.2,70.2
8/7/19 19:15,FRC2,24,42,24,42,53.9,52.7,78.1,50.1,60.8,72.1,116.8,109.5,174.4,135,31.2,61.7,85.2
8/7/19 19:30,FRC2,24,42,24,42,58.9,71.4,81.5,49.9,57.3,74,127.9,134.7,181.6,170.1,32.5,50.1,76.8
8/7/19 19:45,FRC2,24,42,24,42,61.4,78.6,89.6,49.9,56.1,72.8,132.4,183.7,175.8,206.6,32,49.5,88
8/7/19 20:00,FRC2,24,42,24,42,63.1,99.1,91.8,50.2,60,73.2,166.3,205,211.2,262.9,31.1,62.7,113.7
8/7/19 20:15,FRC2,24,42,24,42,62.7,124.2,83.8,47.9,58.4,77.8,199.2,209.9,292.9,312.5,32.4,73.5,141.5
8/7/19 20:30,FRC2,25,41,25,41,61.9,124.5,85.9,47.7,64.9,74.4,229.6,231.5,359.1,304,43.3,104.1,148.3
8/7/19 20:45,FRC2,25,41,25,41,58.7,123.8,100,48.3,69.4,72.2,237.6,280,396.5,271.6,24.8,89.9,164.9
8/7/19 21:00,FRC2,25,41,25,41,52.4,125.9,111.2,53.3,63.1,71,280.8,282.1,404.6,306.6,23.4,84.9,180.3
8/7/19 21:15,FRC2,25,41,25,41,53,145,143.2,55.9,60.1,78.5,326.5,321.1,431.6,377.5,23.1,71.5,196.9
8/7/19 21:30,FRC2,25,41,25,41,54.8,173.2,176.5,61.3,61.5,70.3,342.8,319.1,444.7,409.7,37.3,71.5,185.1
8/7/19 21:45,FRC2,25,41,25,41,51.6,184.6,245.8,67.2,65,73.7,329.6,307.1,453.8,414.2,23.9,71.5,179.4
8/7/19 22:00,FRC2,24,42,24,42,52.1,171.9,256.3,67.5,65.6,68.8,328.2,314.9,499.6,408.1,18.6,68,149.5
8/7/19 22:15,FRC2,24,42,24,42,49.4,163.4,257,70.3,66.3,66.5,326.7,341.7,NaN,405.7,18,63.7,139.3
8/7/19 22:30,FRC2,24,42,24,42,50.7,158.4,261.6,73.3,66.7,65.5,331.5,376.6,NaN,409.6,17.5,60.7,140.7
8/7/19 22:45,FRC2,24,42,24,42,48.6,154.3,271.4,73.8,75.4,65.8,346.3,384.3,NaN,414.8,16.8,60.9,146.9
8/7/19 23:00,FRC2,24,42,24,42,43.9,149.5,276.3,68.3,81.1,66.6,362,383.2,NaN,423.4,14.4,61.9,156
8/7/19 23:15,FRC2,24,42,24,42,43.4,137,277.9,65.6,68,64.7,371,386,NaN,425.6,14.8,68.4,165.6
8/7/19 23:30,FRC2,24,42,33,31,49.1,98.9,261.4,67.5,64.8,62.4,390.1,384.6,NaN,418.9,16.2,86.3,189.7
8/7/19 23:45,FRC2,25,41,25,41,56.2,84.3,232.8,73.4,65.2,60.9,362.3,365.3,NaN,404.2,18.5,92.5,199.7
9/7/19 0:00,FRC2,25,41,25,41,56.5,84.2,224.4,74.4,71.6,61,204.4,353.9,NaN,373.1,18.8,100.7,206.7
9/7/19 0:15,FRC2,25,41,25,41,53.7,79.2,221.3,72.5,75.8,60.4,146.3,339.4,NaN,317.4,20,105.3,180.1
9/7/19 0:30,FRC2,25,41,25,41,52.9,70.2,207.3,70.1,74.9,59.2,124.4,299.9,NaN,308.8,20.1,104.8,165.1
9/7/19 0:45,FRC2,25,41,25,41,52.4,66.8,183.7,67.4,72.6,63.1,108.2,278.9,NaN,348.8,19.5,101.7,151.6
9/7/19 1:00,FRC2,25,41,25,41,50.6,62,176.3,66.6,72.2,72.7,93,270.8,NaN,361.7,19.6,97,139.9
9/7/19 1:15,FRC2,25,41,25,41,48.5,56,159,66.8,74.2,82.8,79.6,226.4,NaN,364.2,19.6,90.5,130
9/7/19 1:30,FRC2,25,41,25,41,46.3,54,141.9,64.3,77.2,83,73.6,201.6,NaN,366.8,20.3,84.2,123.6
9/7/19 1:45,FRC2,25,41,25,41,44.9,51,137.2,60.5,78.3,82,68,173.4,NaN,367.9,21.7,72.8,120.8
9/7/19 2:00,FRC2,25,41,25,41,NaN,NaN,NaN,NaN,NaN,NaN,NaN,NaN,NaN,NaN,25.8,59.9,118.4
9/7/19 2:15,FRC2,24,42,24,42,NaN,NaN,NaN,NaN,NaN,NaN,NaN,NaN,NaN,NaN,25.2,52.7,115
9/7/19 2:30,FRC2,24,42,24,42,39.4,44.3,124.5,49.2,96.3,68.9,45.5,187.9,NaN,295,23.7,50.9,112.9
9/7/19 2:45,FRC2,24,42,24,42,39.1,44.2,122.2,48.4,99,68.2,44.4,202.6,NaN,279.8,23.2,39.5,110.4
9/7/19 3:00,FRC2,24,42,24,42,38.9,44.1,118.9,48.4,98.1,67.3,43.6,235.8,NaN,264.4,25,33.3,105.6
9/7/19 3:15,FRC2,24,42,42,24,39.1,44.7,116.6,56,97.9,67,43.9,252.6,NaN,246,23.3,33.1,100.9
9/7/19 3:30,FRC2,25,41,39,26,39.5,44.7,114.5,60.2,99.8,65.7,43.8,251,NaN,233.8,21.6,33.8,95.7
9/7/19 3:45,FRC2,25,41,33,31,38.9,44,112.7,61.1,100.4,65.5,42.8,250.2,NaN,212.8,20.7,42,89.4
9/7/19 4:00,FRC2,25,41,25,41,36,42.5,112.3,64.1,99.9,64.5,41.2,250.8,NaN,205.7,19,43.8,85.2
9/7/19 4:15,FRC2,25,41,25,41,34.8,41.3,112.5,62.3,99.7,63.1,40.2,247.4,NaN,203.9,19.2,44,94.1
9/7/19 4:30,FRC2,25,41,25,41,36.4,42.1,115.5,59.1,97.9,62.2,39.6,242.3,NaN,200.3,22.4,44.1,97.1
9/7/19 4:45,FRC2,25,41,25,41,39.1,43.1,118.4,55.6,96.8,60.7,39.7,NaN,NaN,185.5,26.9,45.5,86.3
9/7/19 5:00,FRC2,25,41,25,41,41.9,42.6,121.8,54.1,96,58.8,39.2,NaN,NaN,172.3,27.7,47.3,78.5
9/7/19 5:15,FRC2,25,41,25,41,43.1,41.3,125.8,54.3,95.4,57.4,38.8,NaN,NaN,162,24.3,48.8,76.4
9/7/19 5:30,FRC2,25,41,25,41,43.9,41.6,130,55.4,97,58,38.6,NaN,NaN,171.4,26.2,51.2,60.6
9/7/19 5:45,FRC2,25,41,25,41,46.2,45.4,132.2,57.5,101.2,57.5,39.3,NaN,NaN,186.8,28.2,56.7,53.2
9/7/19 6:00,FRC2,25,41,25,41,58.8,52,134.8,59.1,113.7,63.4,41.4,NaN,NaN,183.5,28.2,73,50.9
9/7/19 6:15,FRC2,25,41,25,41,67.6,60.8,145.5,60.9,122.2,65.8,41.7,NaN,NaN,170.3,28.8,84.3,52
9/7/19 6:30,FRC2,25,41,25,41,66.9,63.3,159.8,62.9,128.9,71.4,45.3,NaN,NaN,173.2,31.2,100.2,53.1
9/7/19 6:45,FRC2,25,41,25,41,68,64.6,155.4,63.3,153.6,74.1,52.6,NaN,NaN,182.1,34.3,106.3,53.8
9/7/19 7:00,FRC2,25,41,25,41,71,62.6,119.6,64.3,163.9,75.4,55.5,NaN,NaN,191,39.2,113.4,60.4
9/7/19 7:15,FRC2,25,41,25,41,76.3,63.7,109.4,63.9,160.1,75.9,51.1,NaN,NaN,198,37.7,111.8,63.1
9/7/19 7:30,FRC2,25,41,25,41,78.1,77.5,105,74.8,158.5,74.4,57.4,NaN,NaN,178.9,37.4,91,60.8
9/7/19 7:45,FRC2,24,42,33,31,74.4,90.2,98,81.3,129,73.5,58.9,NaN,NaN,141.1,37.1,65.1,58.2
9/7/19 8:00,FRC2,24,42,24,42,80.7,88.5,93.8,77.8,113,71.8,66.3,NaN,NaN,107.8,42,56.8,53.3
9/7/19 8:15,FRC2,25,41,31,33,81.2,88.9,91.5,69.8,109.8,61.5,70,NaN,NaN,75.3,51.9,51.8,43.5
9/7/19 8:30,FRC2,25,41,41,25,80,85.9,87.3,63,108.2,60.7,69.3,NaN,NaN,50,51.7,49.8,42.5
9/7/19 8:45,FRC2,24,42,24,42,79,73.8,84.6,57.8,107.6,60.3,62.9,NaN,NaN,41.2,39.9,41.6,43.5
9/7/19 9:00,FRC2,25,41,31,33,74.6,79.4,81.2,56,100.4,58.6,61.5,NaN,NaN,34.5,38.9,37.8,41.2
9/7/19 9:15,FRC2,0.0,0.0,0.0,0.0,65.6,72.3,74.7,54.9,94.4,55.7,64.4,NaN,NaN,28.1,39.5,36,40.4
9/7/19 9:30,FRC2,0.0,0.0,0.0,0.0,63.2,69.4,71.3,53.2,82.9,46.1,67.5,NaN,19.1,27.3,34.9,34.1,37.6
9/7/19 9:45,FRC2,0.0,0.0,0.0,0.0,62.5,67.2,65,52,76.2,32.6,68.7,NaN,20.7,26.1,32.7,33.6,29.5
9/7/19 10:00,FRC2,0.0,0.0,0.0,0.0,51.7,62.3,56.3,49.7,62.3,27.9,68.3,NaN,22,24.9,30.5,33.5,26.6
9/7/19 10:15,FRC2,0.0,0.0,0.0,0.0,46,59.8,53.1,47.7,53.7,24.3,70,NaN,24,24.1,19.8,31.2,23.5
9/7/19 10:30,FRC2,0.0,0.0,0.0,0.0,39.4,57.9,50.5,45.2,55.9,24.5,68.7,NaN,21.8,22.5,15.7,29.1,22.2
9/7/19 10:45,FRC2,0.0,0.0,0.0,0.0,25.4,55.2,45.6,41.4,54.1,28.4,66.5,NaN,21.4,19.9,16.2,24.2,18.7
9/7/19 11:00,FRC2,0.0,0.0,0.0,0.0,22.1,54,42.9,39.9,49.4,28.7,67.8,NaN,26.2,19,18.7,20.8,17.3
9/7/19 11:15,FRC2,0.0,0.0,0.0,0.0,20.1,53.2,42.6,39.3,45,28.3,64.4,NaN,28.4,16.7,18.1,19.1,16.4
9/7/19 11:30,FRC2,0.0,0.0,0.0,0.0,17.5,49.3,41.1,38.1,45.5,35.1,62.9,NaN,31.5,15,15.9,20.4,15.5
9/7/19 11:45,FRC2,0.0,0.0,0.0,0.0,18.7,46.7,38.8,36.3,46.1,34.8,54.2,NaN,27.3,14.9,14.9,17.9,16
9/7/19 12:00,FRC2,0.0,0.0,0.0,0.0,20.8,46,37.8,34.9,47,35.9,54.4,NaN,23.9,15,14.7,17.5,16.5
9/7/19 12:15,FRC2,0.0,0.0,0.0,0.0,19.4,43.8,35.7,34.8,46.8,33.1,60.2,NaN,21.8,15.7,14.7,17.5,15.9
9/7/19 12:30,FRC2,24,42,42,24,18.5,40.1,32.2,33.1,46.7,34.5,63.1,NaN,21.7,14.7,13.8,17.8,16.2
9/7/19 12:45,FRC2,25,41,33,31,19,35.3,29.7,36.9,46.1,31.1,43.7,NaN,19.6,15.5,12.4,15.4,15.7
9/7/19 13:00,FRC2,25,41,42,24,21.3,35.5,28.3,34.6,41.2,33,35.5,13.6,15.3,15.1,12,14.1,16
9/7/19 13:15,FRC2,24,42,34,30,26.8,35.1,29,32.1,39.5,34.2,31.5,17.5,16.5,15.3,14,13.1,15.4
9/7/19 13:30,FRC2,25,41,35,29,26.8,36.7,29.5,29.8,39.3,33.7,29.7,17.2,18.1,14.6,14.2,12.2,13.7
9/7/19 13:45,FRC2,24,42,44,23,23.4,38.7,30.5,NaN,38.9,27.5,28.6,16.9,21.4,14.6,13.3,12.4,13.6
9/7/19 14:00,FRC2,25,41,39,26,17.4,37,26.7,NaN,38.3,28.4,24,15.8,17.5,16.3,12,13.4,14
9/7/19 14:15,FRC2,24,42,33,31,17.7,38.3,25.8,NaN,36.1,28.8,24.3,17.8,21,16.2,12.6,13,14
9/7/19 14:30,FRC2,24,42,31,33,17.9,38.8,28,NaN,34.8,28.2,26,19.1,21.5,16.8,17.5,11.4,14.1
9/7/19 14:45,FRC2,24,42,35,29,18.4,26.1,25.4,NaN,34.8,31.4,21.7,17,19.6,16.8,15.1,11,13.7
9/7/19 15:00,FRC2,25,41,34,30,19.3,22.8,25.8,NaN,34.8,33.7,15.6,16.1,14.4,17.5,13.4,11.4,13.8
9/7/19 15:15,FRC2,24,42,34,30,20.6,30.8,26.4,NaN,31.1,36.1,23.3,14.7,12.1,16.2,13.4,10.9,13.4
9/7/19 15:30,FRC2,25,41,39,26,23.7,26.8,26.9,NaN,30.5,36.5,32.6,15.3,11.8,17.1,13.1,13.4,15.7
9/7/19 15:45,FRC2,25,41,25,41,24.3,30.6,26.8,NaN,29.9,36,32,15,11.4,14.7,12.1,14,14.9
9/7/19 16:00,FRC2,25,41,44,23,25.8,36.9,27.6,NaN,28.8,34.9,29.4,17.7,11,14.7,12.4,13.3,14.4
9/7/19 16:15,FRC2,24,42,38,27,34.4,37.1,28.8,NaN,28.1,34,30.1,22.1,12,16.1,13.2,12.7,17
9/7/19 16:30,FRC2,24,42,32,32,32.7,38.1,31.2,NaN,28.9,34.5,28.2,20.6,12.7,21.7,13.7,13.8,17.4
9/7/19 16:45,FRC2,25,41,33,31,32.1,40.9,32.5,NaN,28.1,35.6,25.5,17.5,19.1,18.2,11.7,15.3,17.9
9/7/19 17:00,FRC2,24,42,34,30,37.2,49.8,41.2,NaN,28.9,41.8,22,18.5,22,18.7,13.1,15.4,19
9/7/19 17:15,FRC2,24,42,24,42,37.7,43.7,43.6,NaN,30.9,43.2,22.6,19.1,21.5,19.7,32,17.5,17.2
9/7/19 17:30,FRC2,25,41,34,30,38.3,48.1,45.1,33.8,35.3,45,23.2,20,30.4,24.6,31.3,18.1,18.9
9/7/19 17:45,FRC2,25,41,25,41,41.3,45.8,43.2,27.7,37.1,45.3,22.3,35.6,37.9,27.1,25.2,20.4,20.5
9/7/19 18:00,FRC2,25,41,38,27,43.5,45.6,50.1,24.8,40.3,53.3,20.9,41.7,58.9,30.7,24.9,28.2,22.2
9/7/19 18:15,FRC2,25,41,25,41,45.2,46.1,78.2,29,55.6,61.3,19.8,54.2,92.4,40.1,33.2,35.8,21.5
9/7/19 18:30,FRC2,25,41,25,41,50.4,47.4,95.6,34.6,52.5,81,28,71.3,193.6,51.2,44,42.5,25.9
9/7/19 18:45,FRC2,24,42,24,42,59,49.3,104,44.5,56.1,87.7,38.9,87.7,258.3,81.5,44.7,32.6,28.7
9/7/19 19:00,FRC2,25,41,34,30,74.2,58.2,114,54.5,62.1,80.7,52.5,112,210.7,106.4,54,32.9,42.2
9/7/19 19:15,FRC2,25,41,25,41,117.2,77.9,133.5,55.8,71.1,101.3,45.7,146,152.6,166.4,56.4,43,48
9/7/19 19:30,FRC2,24,42,24,42,136.6,75.2,180.2,53.2,75.8,117.6,47.5,175.4,170.5,200.5,68,59.3,51
9/7/19 19:45,FRC2,24,42,24,42,143.7,61.2,265.4,59.2,79.3,116.1,45.1,205.2,253.6,242,77.5,43.1,65.5
9/7/19 20:00,FRC2,25,41,38,27,144.8,60.4,235,72.6,104.8,120.4,24,265.9,238.2,267.2,81.5,29.6,94.3
9/7/19 20:15,FRC2,25,41,31,33,143.1,63.4,242,73.8,126.5,151.2,21.9,284.6,223.2,291.6,87.8,24.2,142.7
9/7/19 20:30,FRC2,24,42,24,42,129.9,65.8,239.8,80.9,135.4,195.7,19.6,304.8,223.6,293.9,99.3,27.6,182.6
9/7/19 20:45,FRC2,24,42,24,42,125.8,69.6,216.9,89.2,132.5,194.4,19,348.6,210.2,346.3,111.4,36.8,184.6
9/7/19 21:00,FRC2,24,42,24,42,131.1,67.5,221.2,92.3,128.7,201,17.9,358.2,191.1,374.4,134.1,42.7,208.5
9/7/19 21:15,FRC2,24,42,33,31,133.6,67.6,225.5,94.9,128,232.7,16.9,274.8,164.3,393.8,182.8,44.4,222.4
9/7/19 21:30,FRC2,25,41,31,33,162.9,65.9,231.5,109.6,132.3,256.7,15.6,180.6,150.9,422.5,207.4,46.1,220.3
9/7/19 21:45,FRC2,24,42,24,42,193.8,65.4,238.2,123.5,138.7,275.6,14.6,160.7,136.1,479.8,223.5,48.9,225.9
9/7/19 22:00,FRC2,24,42,24,42,196,68.2,243.1,118.2,142.6,303.1,13.7,141.4,133.5,489.2,226.5,56.7,253.8
9/7/19 22:15,FRC2,24,42,24,42,195.7,70,246.8,104.8,181.6,315.8,13.7,131.8,126.1,NaN,224.8,61.7,227.1
9/7/19 22:30,FRC2,25,41,25,41,196.9,72.7,264.6,125,164.2,330.9,14.8,104.1,121,NaN,235.1,62.5,185.5
9/7/19 22:45,FRC2,25,41,25,41,202.7,77.7,286.5,111.3,145.6,337.1,16.9,119.3,120.4,NaN,286.6,64,149.1
9/7/19 23:00,FRC2,25,41,25,41,210.3,73.8,279.5,92.3,142,347.4,18.9,90.9,122.4,NaN,288.5,65.1,149.6
9/7/19 23:15,FRC2,25,41,25,41,210.2,73.8,280.9,88.4,132.7,348.8,19,73.1,131.9,468,285.7,63.6,135.2
9/7/19 23:30,FRC2,25,41,25,41,208.1,76,282,85.7,119.6,336.9,17.4,51.5,145.4,462.3,292.3,62.2,112.6
9/7/19 23:45,FRC2,25,41,25,41,189.8,73.4,287.2,76.5,120.1,333.6,14.5,50.6,148,462.3,320.7,61.1,86.9
10/7/19 0:00,FRC2,25,41,25,41,169.8,73,287.2,71,129.6,336.7,12.7,43.3,146.4,461.9,293.6,58.2,76.2
10/7/19 0:15,FRC2,24,42,38,27,171.4,78.3,288.5,71.5,119.3,339.9,12,33.9,138.8,459.2,254.4,58.3,63.8
10/7/19 0:30,FRC2,25,41,25,41,170.2,71.6,284.8,73,137.2,318.3,11.7,29.1,137.5,460.5,199.9,58.1,61.9
10/7/19 0:45,FRC2,25,41,25,41,169.7,68.6,280.3,74.6,124.8,309.8,11.5,27.6,124.9,453.9,187.5,52.1,60.5
10/7/19 1:00,FRC2,25,41,44,23,170.3,67.9,277,75.9,123.1,305.8,11.2,32.4,123.7,445.6,183.8,43.2,59.3
10/7/19 1:15,FRC2,24,42,35,29,170.6,77.1,273.3,62.6,116.6,297.9,11.4,30.2,93.9,465.2,181.5,38.6,55
10/7/19 1:30,FRC2,25,41,25,41,168.8,82.4,263.9,51.6,111.7,292.4,11.3,29.9,64.7,455.6,187.4,38.2,40.7
10/7/19 1:45,FRC2,24,42,34,30,150,82.5,260,50.7,115,288.7,10.7,30.1,53,431.8,197.1,39.2,37.6
10/7/19 2:00,FRC2,25,41,25,41,NaN,NaN,NaN,NaN,NaN,NaN,NaN,NaN,NaN,NaN,203.3,38.6,40.5
10/7/19 2:15,FRC2,25,41,25,41,NaN,NaN,NaN,NaN,NaN,NaN,NaN,NaN,NaN,NaN,209,36.4,48.5
10/7/19 2:30,FRC2,25,41,25,41,121.9,98.1,NaN,52.6,108.6,275.7,14.8,25.9,52.6,358,230.7,35.2,49.9
10/7/19 2:45,FRC2,24,42,34,30,122.3,94.3,NaN,52.2,102.9,275.6,14.1,24.9,60.2,349.2,234.9,34.5,57.1
10/7/19 3:00,FRC2,24,42,39,26,123.5,91,NaN,52.5,96.9,275.1,13,23.8,56.6,320.4,236.2,34.3,71.7
10/7/19 3:15,FRC2,25,41,25,41,126.9,84.4,NaN,53.1,95.8,269.9,14,22.9,54.8,274.3,239.5,33.4,84.2
10/7/19 3:30,FRC2,25,41,25,41,126.9,82.9,NaN,53.8,97.5,263.5,14.7,31.5,53.6,251.3,237.1,34.3,86.5
10/7/19 3:45,FRC2,24,42,46,22,111.4,83.7,NaN,54.8,98.7,260.5,14.2,24.9,52.7,229.4,224.3,37,89
10/7/19 4:00,FRC2,24,42,46,22,83.1,82.5,NaN,56,101.7,255.1,13.7,23.8,52.1,211.7,203,40.4,90.3
10/7/19 4:15,FRC2,24,42,24,42,75.2,81,NaN,57.2,107.4,249.3,13.3,22.6,52.1,210.3,164.8,41.9,90.1
10/7/19 4:30,FRC2,25,41,25,41,69.9,81.5,NaN,58.3,118.1,245.5,13.4,22.3,58.4,205.6,132.8,43,82
10/7/19 4:45,FRC2,25,41,25,41,65.8,82.7,NaN,60.8,115,241.1,14.4,23.3,55.8,201.3,118,45.9,79
10/7/19 5:00,FRC2,25,41,25,41,66.9,83.7,NaN,61.1,110.3,237.1,15.2,25.6,58.2,197.2,109.7,47.8,76.9
10/7/19 5:15,FRC2,25,41,25,41,67,85.5,NaN,59.8,100.3,231.6,18.6,25.3,61.4,198.6,91.7,55.7,75.2
10/7/19 5:30,FRC2,24,42,24,42,68.5,88.2,NaN,58.6,98.3,198.5,22.6,31.7,69.3,210.4,83.6,58,73.1
10/7/19 5:45,FRC2,24,42,24,42,72,91.3,NaN,57.3,100.2,185.8,31,33.6,79.2,206.9,74.5,61.3,69.5
10/7/19 6:00,FRC2,25,41,25,41,78.3,104.1,NaN,58.9,104,187,28.8,25.4,115.8,185.3,77.9,73,66.8
10/7/19 6:15,FRC2,24,42,24,42,89.4,106.8,NaN,60.9,109.9,187.1,27,29,113.4,142.5,85.3,93.2,68.3
10/7/19 6:30,FRC2,25,41,25,41,94.7,104.7,NaN,67.3,111.5,193.3,25.6,39.9,114.8,125.4,89.8,75.1,70.1
10/7/19 6:45,FRC2,25,41,25,41,95.9,97.5,NaN,71.1,111.2,203.7,26.5,37.3,122.2,109.3,99.8,54.4,68.9
10/7/19 7:00,FRC2,25,41,25,41,94.2,107.6,NaN,71.5,108.2,175.3,26.2,35.3,93.7,84.6,90.5,38.1,59.9
10/7/19 7:15,FRC2,25,41,25,41,92.7,100.5,81,69.1,104.3,147.3,26.3,43.2,70.4,79.5,78.6,34.5,55.4
10/7/19 7:30,FRC2,25,41,25,41,90.7,94.6,84,66.4,100.3,138.6,28,47,72.1,73.6,67.7,32.1,50.7
10/7/19 7:45,FRC2,25,41,25,41,85.5,110.2,81.6,69.5,95.3,119.6,31.5,73.4,66.6,74.2,66.4,31,44
10/7/19 8:00,FRC2,25,41,25,41,83.5,106.7,76.3,72.9,81.7,104.6,29.4,63.1,69,71.8,62.2,32.3,43.7
10/7/19 8:15,FRC2,25,41,25,41,80.2,106.3,72.1,73,71.5,95.9,28.2,57.4,69.2,53.7,69.6,34.4,41.9
10/7/19 8:30,FRC2,25,41,25,41,69.9,101.5,70.1,66.6,67.2,88.8,26.1,41.3,75.2,48.2,38.2,38.9,39.5
10/7/19 8:45,FRC2,24,42,32,32,67.1,101.4,68.4,57.9,63.5,80.4,23.5,45.4,81.2,44,28.6,50.7,38
10/7/19 9:00,FRC2,24,42,32,32,69.5,102,61.7,55.5,58.8,70.8,21.7,42.1,79.2,34.6,24.8,51.7,38.7
10/7/19 9:15,FRC2,25,41,35,29,65.2,101.4,57.1,52.9,56.2,65.8,20.9,46.7,75.6,30.4,28.8,51.2,38
10/7/19 9:30,FRC2,24,42,24,42,61.3,100,49.8,47.7,52.1,65.4,21.1,42.4,71,26.9,29.4,51,35.6
10/7/19 9:45,FRC2,25,41,25,41,58,97.9,45,44.3,47.6,63.8,19.1,35.5,59.8,22.9,27.6,49.1,33.5
10/7/19 10:00,FRC2,24,42,33,31,55,86.5,23.7,38.6,44.8,58.8,16.2,29.3,46.4,21.3,25.9,44.8,30.7
10/7/19 10:15,FRC2,24,42,34,30,51.4,83.1,18.1,27.6,43.5,54.7,14.5,24.5,44.1,20.2,27.6,35.6,25.2
10/7/19 10:30,FRC2,24,42,42,24,49.7,77.8,16.5,27.9,42.1,50.7,13.6,23.1,41,19.8,28.8,36,22.4
10/7/19 10:45,FRC2,25,41,51,20,47.4,66.9,18.3,29.3,39.7,48.3,13.4,23.9,47.5,20,29.5,34.8,21.2
10/7/19 11:00,FRC2,25,41,39,26,46,63.7,20.8,30.9,38.6,45.9,13.4,26.1,49,20.5,29.5,32.8,19
10/7/19 11:15,FRC2,24,42,42,24,44.8,65.1,24,31.8,38.4,45.8,13.5,33.3,42.5,19.9,34.2,30.5,17
10/7/19 11:30,FRC2,25,41,46,22,42.3,65.4,22.6,31.5,38.9,45.8,15,28.3,43,17.7,32.1,31.5,16.4
10/7/19 11:45,FRC2,25,41,46,22,39.5,64.2,22.8,30.5,38.1,45.3,14.6,23.7,43,16.9,32.1,31.6,15.2
10/7/19 12:00,FRC2,25,41,49,21,36.7,61.3,23,29.8,37.6,42.6,13.7,24.3,40.9,NaN,37.1,29.6,14.7
10/7/19 12:15,FRC2,25,41,38,27,33.9,62,22.7,29.2,37.8,40.6,12.9,31.4,42,NaN,39,28.7,14.1
10/7/19 12:30,FRC2,25,41,33,31,32.6,65.5,22.4,27.7,37.2,36.7,12.3,26.9,40,19.8,41.5,28,13.3
10/7/19 12:45,FRC2,24,42,35,29,29.9,62.2,21.3,24.4,37.3,33.9,12,21.7,37.8,31.2,36.6,28.1,14
10/7/19 13:00,FRC2,25,41,35,29,29,62.4,22.1,22.5,37.5,33.1,11.1,15,28.7,18.5,35,27.3,15.3
10/7/19 13:15,FRC2,24,42,42,24,28.2,68.5,21.3,25.3,37.9,32.6,9.8,14,27.7,18.8,38.2,25.4,14.7
10/7/19 13:30,FRC2,24,42,33,31,27.7,76.4,21.7,27.9,36.7,32.4,10.1,13.4,27.4,18.8,33.3,21.3,12.6
10/7/19 13:45,FRC2,24,42,35,29,28.2,109.5,20.7,29.9,38,33.2,12.6,17.1,26,18,30.8,21.5,12
10/7/19 14:00,FRC2,24,42,33,31,31,92,20.7,30.5,38.7,32.8,8.9,20.3,23.4,17.8,33.1,20.6,12.3
10/7/19 14:15,FRC2,24,42,24,42,31.6,77.2,24.4,35.6,37.7,33.2,8.6,19.1,23.9,18.3,32.1,22.6,12.2
10/7/19 14:30,FRC2,24,42,34,30,29.7,77.5,22.7,24.9,37,30.4,10.7,19.2,23.8,19,29.6,22.1,12.2
10/7/19 14:45,FRC2,25,41,25,41,29.7,66.8,21.5,25.1,37.8,30.3,13.6,17.7,21.3,19.6,26.8,22.2,11.3
10/7/19 15:00,FRC2,24,42,24,42,28.6,70.7,21.5,28.2,37.2,29.6,16.4,16.8,21.7,18.9,30,21.7,11.4
10/7/19 15:15,FRC2,24,42,33,31,29.5,73.9,21.9,26.1,31.4,30.1,15.2,16.5,23,15.9,33.9,20.8,11
10/7/19 15:30,FRC2,25,41,35,29,29.3,74.5,21.8,29.9,31.2,29.9,15.8,15.2,14.8,15.7,32,21.3,12.4
10/7/19 15:45,FRC2,24,42,24,42,29,77.1,22.3,27,30.7,26.9,17.7,16.6,14.8,15.6,36.9,20.5,13.4
10/7/19 16:00,FRC2,24,42,24,42,38.2,74.2,22.8,28.7,30.3,25.3,18.7,16.1,16.1,17.1,40.7,17.5,12.5
10/7/19 16:15,FRC2,25,41,25,41,36.7,76.4,24.1,32.9,31,26.2,19.5,16,18.6,16.3,40.6,14.8,13.1
10/7/19 16:30,FRC2,24,42,24,42,36.6,81.1,27,31.6,31.4,25.2,18,NaN,19.1,16.9,30.9,15.7,14.1
10/7/19 16:45,FRC2,25,41,25,41,36.8,84.5,31.5,31,34.2,25.4,15.1,NaN,26,23.4,34.4,23.1,15.2
10/7/19 17:00,FRC2,24,42,24,42,39.9,101.5,38.4,30.3,34.5,25.6,14.1,NaN,25.2,25.4,31.7,28.9,16.7
10/7/19 17:15,FRC2,25,41,25,41,45.6,115.2,45.5,37.3,42.8,24.3,17.1,NaN,24.3,23.4,32,29.6,16.7
10/7/19 17:30,FRC2,25,41,25,41,44.2,118.3,47.2,43.1,46.4,24.1,22.6,NaN,27.4,24.6,29.6,25.9,18.9
10/7/19 17:45,FRC2,25,41,33,31,45.1,114.6,47.5,45.1,46.1,25.8,21.4,NaN,29,36.4,30.1,21.2,25.8
10/7/19 18:00,FRC2,25,41,25,41,45.8,127.2,55.3,44.2,43,31.1,20.9,NaN,44.9,42.9,32.5,27.2,24.6
10/7/19 18:15,FRC2,24,42,24,42,58,163.8,68.4,43.2,66.4,36.2,22.1,84.9,62.1,58.3,33.9,45.2,25.7
10/7/19 18:30,FRC2,0.0,0.0,0.0,0.0,80.6,154.5,72.2,45.3,69.8,37.7,26.6,98.8,79.9,74.2,57.3,70.8,44.2
10/7/19 18:45,FRC2,0.0,0.0,0.0,0.0,101,167,73.3,49,81.8,47.6,30.3,138.1,105.2,99.9,85.3,91.2,55.8
10/7/19 19:00,FRC2,0.0,0.0,0.0,0.0,95.5,173.7,78.6,56.7,103.4,72.3,29.4,150.3,142.9,99.9,116.4,115.9,68.1
10/7/19 19:15,FRC2,0.0,0.0,0.0,0.0,96.4,184.5,91.8,70,126.4,88,30.2,210.2,216.7,103.9,118.2,141.4,91
10/7/19 19:30,FRC2,0.0,0.0,0.0,0.0,95.8,203,110.1,108.1,169.5,94.6,41.4,182.1,266.3,115.1,145.2,166.3,124.4
10/7/19 19:45,FRC2,0.0,0.0,0.0,0.0,109.8,194.6,106.7,152.4,164.3,103.9,40.4,209.1,289.2,132.4,163.1,244.9,176.2
10/7/19 20:00,FRC2,0.0,0.0,0.0,0.0,134.3,193.9,112.7,178.6,184.6,101.4,36.8,223.5,317.5,140.3,163.1,271.8,241.8
10/7/19 20:15,FRC2,0.0,0.0,0.0,0.0,148.3,208.5,125.5,182.7,201.7,96.2,28.6,245.4,329.6,153.9,166.1,297.6,270.7
10/7/19 20:30,FRC2,0.0,0.0,0.0,0.0,173.9,263.5,126.4,185.5,247.6,84.7,27.3,241.8,337.8,160.5,163.3,314.5,318.9
10/7/19 20:45,FRC2,0.0,0.0,0.0,0.0,215.1,327.8,162.1,191.6,290.2,97.9,23.2,243.1,256.2,169.5,147.4,334.3,332.7
10/7/19 21:00,FRC2,0.0,0.0,0.0,0.0,323.6,359.3,165.2,185.3,316.3,123.2,21.8,250.5,142.5,187,147.6,367.2,317.6
10/7/19 21:15,FRC2,0.0,0.0,0.0,0.0,394.7,369.2,157.7,173.9,345.2,110.3,22.2,269.5,100.8,201,164,226.9,321.4
10/7/19 21:30,FRC2,0.0,0.0,0.0,0.0,416.8,380.5,150,164.6,431.1,89,23.1,271.1,76.7,222.2,168,144,360.7
10/7/19 21:45,FRC2,0.0,0.0,0.0,0.0,430.6,391.1,140.7,157,429,85.1,21.3,271.6,127.4,207,160.2,135.4,390.7
10/7/19 22:00,FRC2,0.0,0.0,0.0,0.0,432.9,404.4,142.5,149.2,399.7,83.4,22.1,274.7,142.6,202,136.8,118.8,402.6
10/7/19 22:15,FRC2,0.0,0.0,0.0,0.0,437.7,410,153,147.4,391,71.8,23.6,274.1,113.7,203.4,118.7,106.4,405.1
10/7/19 22:30,FRC2,0.0,0.0,0.0,0.0,433.9,374.2,147.4,206.7,385.2,67.9,33.9,255,109.2,230.9,115.3,100.8,399.5
10/7/19 22:45,FRC2,0.0,0.0,0.0,0.0,437.3,281.4,159.1,217.6,422.2,67.9,32.7,209.8,125.1,236.1,111.7,98.5,392
10/7/19 23:00,FRC2,0.0,0.0,0.0,0.0,435.3,236.7,157.6,239.5,401.2,68.1,28.2,115,140.1,239.2,138.8,104.8,387.7
10/7/19 23:15,FRC2,0.0,0.0,0.0,0.0,405.5,227.2,158.3,241.7,401.9,63.9,30.3,66.7,136.4,273.4,143.2,111.1,385.3
10/7/19 23:30,FRC2,0.0,0.0,0.0,0.0,386.4,215.3,166.7,238.3,420.1,58.3,38.1,55.7,147.9,286.6,143.9,129.2,389.2
10/7/19 23:45,FRC2,0.0,0.0,0.0,0.0,344.7,218.5,175.4,233.1,420.9,54.4,32,47.1,185.7,319.1,143.3,130.6,391
11/7/19 0:00,FRC2,0.0,0.0,0.0,0.0,317.5,225.2,184,236.2,419.8,51.5,30.9,46.9,157,317.2,142.6,143.5,381.6
11/7/19 0:15,FRC2,0.0,0.0,0.0,0.0,286.2,238.5,189.5,257.1,398,51.9,31.2,49.8,133,309.7,141.4,158.6,352.1
11/7/19 0:30,FRC2,0.0,0.0,0.0,0.0,277.8,238.4,189.6,269.2,372.6,52.7,31.7,61,121.6,243.3,137.7,163.9,350
11/7/19 0:45,FRC2,0.0,0.0,0.0,0.0,271.1,234.4,187.6,271.6,355.3,52.5,33.5,74.9,120.3,191.7,133.8,179,334.9
11/7/19 1:00,FRC2,0.0,0.0,0.0,0.0,267.5,237.6,171.4,274.2,332.8,52.6,33,88.9,133.5,139.9,132.1,185.1,321.8
11/7/19 1:15,FRC2,0.0,0.0,0.0,0.0,264.5,229.3,146.3,276.6,328.2,51.9,29,112.6,146.4,102.2,131.3,171,311.3
11/7/19 1:30,FRC2,0.0,0.0,0.0,0.0,264.8,236.1,127.4,278.1,328.8,52.1,28.2,79,143.5,89.8,125.9,132.1,283.3
11/7/19 1:45,FRC2,0.0,0.0,0.0,0.0,266.4,239.8,115,271.4,331,52,28.3,65.1,133.3,83.3,130.8,118,266.4
11/7/19 2:00,FRC2,0.0,0.0,0.0,0.0,NaN,NaN,NaN,NaN,NaN,NaN,NaN,NaN,NaN,81.7,126.7,115.5,244.8
11/7/19 2:15,FRC2,0.0,0.0,0.0,0.0,NaN,NaN,NaN,NaN,NaN,NaN,NaN,NaN,NaN,77.8,124.7,112.9,225
11/7/19 2:30,FRC2,0.0,0.0,0.0,0.0,283.3,236.7,93.5,261.6,313.8,67.1,21.9,29.8,43.6,66.6,122.8,111.7,222.6
11/7/19 2:45,FRC2,0.0,0.0,0.0,0.0,278.6,235,92.8,245.4,315.1,63.5,23.8,25.8,36.1,68.8,114.9,111.3,224.9
11/7/19 3:00,FRC2,0.0,0.0,0.0,0.0,273.7,232.5,91.5,221.8,326.8,64,26.6,22.5,30,82.8,101.7,111.3,230.1
11/7/19 3:15,FRC2,0.0,0.0,0.0,0.0,276.3,232,91.1,213.5,332.9,69.9,27.7,21.7,28.3,77.3,88.8,109.2,243.6
11/7/19 3:30,FRC2,0.0,0.0,0.0,0.0,269.1,231.2,91.1,206.7,331.9,63.3,27.9,21.4,29.3,63.6,80.6,107.4,248.4
11/7/19 3:45,FRC2,0.0,0.0,0.0,0.0,224.6,229.2,92.6,186.4,330.8,51.3,29.8,20.5,36.9,56.2,76.7,104.7,222.8
11/7/19 4:00,FRC2,0.0,0.0,0.0,0.0,200.3,234.9,93.1,172.9,325.4,48.2,29.9,19.3,39.7,49.9,74.2,101.5,183
11/7/19 4:15,FRC2,0.0,0.0,0.0,0.0,181.9,231,93.2,173.5,321.6,50.2,29.3,18,38.7,46.9,72.3,100.3,162.8
11/7/19 4:30,FRC2,0.0,0.0,0.0,0.0,174.7,223.9,94.3,174,307.5,51.7,30.4,17.9,43.6,41.7,73.3,99.1,147.1
11/7/19 4:45,FRC2,0.0,0.0,0.0,0.0,170.9,220.8,92.9,170.1,293.1,52.9,32.7,18.5,45.7,34.8,96,99.3,139.8
11/7/19 5:00,FRC2,0.0,0.0,0.0,0.0,168.4,228.7,88.3,168.4,290.3,57.2,35.1,17.4,45.8,33.3,49.4,102.2,133.5
11/7/19 5:15,FRC2,0.0,0.0,0.0,0.0,166,233,85.7,174.3,278.9,60,37.7,17.2,42.7,32,24.9,107.7,131.5
11/7/19 5:30,FRC2,0.0,0.0,0.0,0.0,165.5,230,82.9,157,266.1,60.4,40.1,17.7,39.5,30.9,15.6,108.4,129.6
11/7/19 5:45,FRC2,0.0,0.0,0.0,0.0,166.3,225.5,80.7,142.6,259.5,62.1,41,19.7,39.2,31.1,12.5,112.6,131.6
11/7/19 6:00,FRC2,0.0,0.0,0.0,0.0,166.5,221.1,80.2,139.3,257.2,67.8,40.5,22.1,40.3,35.5,11.6,127.4,137
11/7/19 6:15,FRC2,0.0,0.0,0.0,0.0,167.9,196.9,79.7,139.6,255.9,77,40.4,31.1,41.1,41.5,12.1,127.2,148.3
11/7/19 6:30,FRC2,0.0,0.0,0.0,0.0,168.6,196.8,79.9,138.5,257.2,80.9,40.4,31,53,38.6,14.7,116.2,150.4
11/7/19 6:45,FRC2,0.0,0.0,0.0,0.0,169.4,224.8,80.8,141.1,264.7,103.9,47.2,33.6,74.4,38.6,19.5,108.6,154.6
11/7/19 7:00,FRC2,0.0,0.0,0.0,0.0,177.3,236.9,82.7,175,276.4,111.3,47.2,32.2,78.6,40.3,21.8,93.7,163.3
11/7/19 7:15,FRC2,0.0,0.0,0.0,0.0,196.9,194.2,84.8,158.1,280.6,115.7,41.2,28.2,80.5,40.2,23,88.8,169.6
11/7/19 7:30,FRC2,0.0,0.0,0.0,0.0,204.6,154.2,96.6,152.1,280.8,114.6,44.9,27.3,91.5,40.6,28.8,85.4,179.2
11/7/19 7:45,FRC2,0.0,0.0,0.0,0.0,203,152.8,101.4,153.3,269.2,114.5,47,28.3,80.5,39.4,52,78.2,177.7
11/7/19 8:00,FRC2,0.0,0.0,0.0,0.0,187,149.7,98.7,152.3,233.8,108.1,46.1,28.6,75.8,38,47.6,76.7,140.5
11/7/19 8:15,FRC2,0.0,0.0,0.0,0.0,140.7,148.5,91.1,145.1,191.4,83.4,45,27.9,78.2,32.6,46.8,75.2,112.2
11/7/19 8:30,FRC2,0.0,0.0,0.0,0.0,126.8,149.3,79,134,172.7,79.8,44.4,27.9,65.3,30.4,46.6,75.8,96.1
11/7/19 8:45,FRC2,0.0,0.0,0.0,0.0,113.9,144.5,67,131.5,155.4,85.2,42.5,24.4,60.3,32.7,44.6,68.8,80.5
11/7/19 9:00,FRC2,0.0,0.0,0.0,0.0,113.7,129.6,62,122.3,126.3,82.4,41.6,20.8,60.2,31.8,35.1,62.3,75.2
11/7/19 9:15,FRC2,0.0,0.0,0.0,0.0,106.6,130.5,59.9,104.3,110.8,75.4,38.8,20.1,57.9,28.3,35.4,60.2,69.7
11/7/19 9:30,FRC2,0.0,0.0,0.0,0.0,98.5,116,56.6,87.2,99.8,70,34.4,20.1,57.1,25.9,38.6,48.3,47.2
11/7/19 9:45,FRC2,0.0,0.0,0.0,0.0,83.1,109.3,51.1,83.6,80.5,68.1,30.2,19.3,48.8,25.1,45.7,39.9,32.3
11/7/19 10:00,FRC2,0.0,0.0,0.0,0.0,75.2,89.2,46.2,83.3,29.8,65.9,27.6,19.5,47.8,25.2,52.1,35.7,32.9
11/7/19 10:15,FRC2,0.0,0.0,0.0,0.0,63.4,86.2,43.4,81.2,31.5,62.3,24.6,22.4,43.8,23.5,58.9,30.5,33.5
11/7/19 10:30,FRC2,0.0,0.0,0.0,0.0,58.6,81,41.5,76.9,27.2,60,24.1,21.9,43.4,23.4,51.9,28.2,31.8
11/7/19 10:45,FRC2,0.0,0.0,0.0,0.0,55.7,75.7,39.8,66.4,27.3,57.1,21.5,21.3,41.9,22.5,50.4,26.8,23.9
11/7/19 11:00,FRC2,0.0,0.0,0.0,0.0,54.9,77.1,36.7,55.7,25.6,53.4,24.8,25.9,41.2,21,41.1,25.1,20.2
11/7/19 11:15,FRC2,0.0,0.0,0.0,0.0,53.1,80.4,35.9,53.5,24.4,48.1,25.5,26.7,41.8,20.9,31.3,24.8,17.7
11/7/19 11:30,FRC2,0.0,0.0,0.0,0.0,47.6,81,36.2,50.9,18.4,47.5,22.1,24.7,34.5,19.9,24.3,23.6,16.5
11/7/19 11:45,FRC2,0.0,0.0,0.0,0.0,46.7,57.4,35.2,30.7,15.5,45,19.8,31.7,33.3,19.5,20,21.9,18.1
11/7/19 12:00,FRC2,0.0,0.0,0.0,0.0,45.5,55.9,33.3,21.2,15.5,43.4,19.8,33.7,37.4,17.5,12.8,20.8,16.3
11/7/19 12:15,FRC2,0.0,0.0,0.0,0.0,41.8,51.1,31.1,23.2,18.7,40.4,18.7,31.7,37.1,19.3,14,18.1,14.3
11/7/19 12:30,FRC2,0.0,0.0,0.0,0.0,39.5,50.4,27.5,23.3,18.6,39,18.5,31.2,38.2,18.6,13.6,15.3,13.7
11/7/19 12:45,FRC2,0.0,0.0,0.0,0.0,36.9,41,27.1,22.7,19.2,36.7,24.9,27.1,34.3,17.7,13.6,15.1,13.7
11/7/19 13:00,FRC2,0.0,0.0,0.0,0.0,34.6,31.9,27.1,23.1,20.5,35.8,27.2,28.8,35.9,17.7,13.4,14.8,13.5
11/7/19 13:15,FRC2,0.0,0.0,0.0,0.0,34.4,30.2,26.2,24.9,20.7,35.3,27.3,31.6,31.8,18.1,11.6,13.6,12.4
11/7/19 13:30,FRC2,0.0,0.0,0.0,0.0,32.9,33.1,25.2,28.2,21.3,33.8,24.2,27.4,30.9,17.9,14.9,12.5,11.8
11/7/19 13:45,FRC2,25,41,38,27,31.3,32.4,24.3,27.3,22.9,34.8,21.3,20.4,30.1,15.3,17.4,12.3,12.2
11/7/19 14:00,FRC2,24,42,24,42,30,28.3,23.9,27,27,36,20.3,28.9,32.2,15.5,17.7,12.6,11.3
11/7/19 14:15,FRC2,25,41,25,41,30.3,42.7,23.5,25.3,30.5,37.7,20.2,22.7,34.3,16.5,17.2,12.8,11.4
11/7/19 14:30,FRC2,25,41,25,41,31.7,36.3,22.8,25.9,29,35.8,20.9,17,29.4,16,20.3,14.2,11.6
11/7/19 14:45,FRC2,24,42,24,42,32.9,38.9,23.4,29.3,29.6,34.4,20.4,16,28.6,16,24.1,15.1,11.8
11/7/19 15:00,FRC2,25,41,25,41,27.4,35.8,23.6,29.1,28.9,34.8,19.5,15,29.6,16,25.5,15.5,12.6
11/7/19 15:15,FRC2,25,41,25,41,23.3,33.8,22.7,30.5,29.1,32.4,16.8,14.5,31,17,25.1,16.3,12.3
11/7/19 15:30,FRC2,24,42,33,31,25.6,40,22.7,33.4,29,31.7,14.7,20.1,30.8,17.9,19.6,15.5,11.4
11/7/19 15:45,FRC2,24,42,33,31,26.6,40.2,22.7,30.7,27.9,30.8,16.4,37,36.6,18.1,15.9,16.9,15.4
11/7/19 16:00,FRC2,24,42,38,27,26.3,39.6,23.8,31.3,27.2,31.8,15.5,27.6,29,17.7,15.9,20.4,15.6
11/7/19 16:15,FRC2,25,41,25,41,27.8,34.5,24.2,31.6,26.9,33.2,15.1,21,31.1,20.4,15.7,21.4,16.6
11/7/19 16:30,FRC2,24,42,34,30,30.2,39.3,26.3,31.3,27.1,24.7,14.3,20.6,31.2,23.3,13.6,25.2,17.9
11/7/19 16:45,FRC2,25,41,31,33,36.5,41,30,34.4,28,20.1,13.6,29.3,16,25.3,20,45.7,17.8
11/7/19 17:00,FRC2,25,41,33,31,37.8,45.4,28.8,37.4,28.8,24,14,35.2,14.2,25.7,24.2,44.6,20.3
11/7/19 17:15,FRC2,24,42,30,34,39.7,56.4,29.3,41.4,30.5,29.1,14.9,40.3,14.5,26.4,24.5,68.9,20.3
11/7/19 17:30,FRC2,24,42,34,30,51.5,57.6,29.6,34.8,33.9,30,15.7,42.5,15.1,30.5,23.6,76.8,22.5
11/7/19 17:45,FRC2,25,41,25,41,57.5,56.7,29.8,34.3,35,29.7,18.7,45.7,16,39.5,23.9,82.4,23.3
11/7/19 18:00,FRC2,24,42,24,42,59.7,55.1,31.1,35.4,35.2,29.9,19.9,55.2,17.9,52.6,28.5,78.4,25.3
11/7/19 18:15,FRC2,24,42,33,31,68.2,59.5,32.4,58.3,45.4,36,22.8,60.4,20.4,66.7,35.1,33.9,36.5
11/7/19 18:30,FRC2,24,42,24,42,85.4,69.1,34.3,85.1,69.5,43.1,27.1,60.8,23.2,69.1,43.3,22.7,45.8
11/7/19 18:45,FRC2,25,41,25,41,94.6,73,35.2,93,81.8,46.3,26.6,58.2,35.7,88.6,61.1,21,50.3
11/7/19 19:00,FRC2,24,42,24,42,130.7,71.5,37.1,96.6,75.3,57.4,34.7,52.1,48.3,109.9,56.7,32.5,62.9
11/7/19 19:15,FRC2,24,42,24,42,156.9,90.2,38.1,97.2,78.7,90,44.3,52.4,46.8,121,62.8,30.4,90.9
11/7/19 19:30,FRC2,24,42,24,42,173.2,99.1,39.4,112.9,83.2,89,51.5,51.9,37.4,148.5,76.7,31.4,149.8
11/7/19 19:45,FRC2,25,41,25,41,171.3,113.8,40,119.1,95.1,78.2,56.8,51.8,40.2,178.7,71.2,36.6,186
11/7/19 20:00,FRC2,24,42,24,42,190.1,105.8,40.5,120.5,108.1,85.7,60.5,60,55.3,217.5,79.8,45.9,225.6
11/7/19 20:15,FRC2,24,42,24,42,196.6,102,40.1,135.2,106.6,114.7,65.5,67.5,79,221.8,103.7,50.5,256.1
11/7/19 20:30,FRC2,24,42,24,42,223.5,114.9,41.1,147.2,115.7,133.4,72.8,79.7,74.8,213.4,107.9,46.1,276.2
11/7/19 20:45,FRC2,24,42,24,42,209.3,114.8,43.2,171.7,144.8,134.5,74.3,79.9,60.8,211.6,112.8,54.6,293.6
11/7/19 21:00,FRC2,24,42,24,42,213.3,134.9,43.6,223.3,203.4,136.3,73.2,66.5,64.1,217.1,105.9,53.9,300.2
11/7/19 21:15,FRC2,24,42,24,42,282.5,137,39.9,264.3,212.5,140,83.6,71.5,59.2,231,123.8,69.5,314.4
11/7/19 21:30,FRC2,24,42,24,42,215.4,139.5,40.1,282.1,238.3,153.4,100.2,78.2,54,239.8,125.6,67,311.1
11/7/19 21:45,FRC2,24,42,24,42,186.6,144.7,40.7,303.3,244.8,162.7,96.5,79.4,56.2,217.1,121.2,87.4,310.9
11/7/19 22:00,FRC2,24,42,24,42,161.1,165.7,41.5,309.9,250.9,166,91.1,94.8,55.6,222.2,134.6,106.1,314.1
11/7/19 22:15,FRC2,24,42,24,42,164.7,162.6,42.4,317.7,256.2,194,92.2,102,42.8,203.5,173.5,122.2,319.5
11/7/19 22:30,FRC2,24,42,24,42,147.2,163.4,40.6,325,263,189.3,103.2,122.2,35.1,211.3,192.7,117.7,319.1
11/7/19 22:45,FRC2,25,41,33,31,146.6,173.2,39.3,333.2,264.4,150.6,112.6,126.8,27.1,216.2,208.8,114.7,317
11/7/19 23:00,FRC2,25,41,25,41,174.6,157.3,41.3,347.5,265,135.9,118.8,124.9,25.5,207.6,215.3,104.2,318.6
11/7/19 23:15,FRC2,25,41,25,41,190.8,189.5,44.2,357.7,264.5,131.8,124.6,123.2,26.5,173.2,221.7,99.6,321.5
11/7/19 23:30,FRC2,25,41,25,41,199.5,183.1,45.6,366.7,262.5,145.6,141.1,122.1,28.3,146.8,231.2,103.8,317.5
11/7/19 23:45,FRC2,24,42,24,42,220.7,167.4,47.1,405.2,255,136.3,149.8,121.2,29.8,90.3,238.5,97.3,287.8
12/7/19 0:00,FRC2,25,41,34,30,215.7,166.3,46.2,416,253.8,104.6,146.8,122.6,28.5,55.6,243.7,86,251
12/7/19 0:15,FRC2,25,41,25,41,238.3,167.1,45.9,415.8,254.7,90.5,139.7,129.8,25.3,40.6,245.2,87.5,147.7
12/7/19 0:30,FRC2,25,41,25,41,202.1,171,42.9,407.8,254,83.3,134,151.9,24.5,34.5,233.3,77,101.1
12/7/19 0:45,FRC2,25,41,25,41,173.8,174.8,40.5,404.5,250.9,78.1,125.7,160.7,24.6,30.8,214,74.2,62.4
12/7/19 1:00,FRC2,25,41,36,28,149,177,40.4,400.8,245,74.8,122.5,158.8,24.9,28.1,207.8,77.2,39.7
12/7/19 1:15,FRC2,25,41,25,41,141.7,184.3,39.1,400.6,241.1,66.4,113.2,154.6,24.9,26,206.3,85,31.5
12/7/19 1:30,FRC2,25,41,25,41,141.9,209.2,37.9,404.2,236.4,61.9,104,152.5,24.3,25.2,220.1,84.2,27.9
12/7/19 1:45,FRC2,25,41,25,41,138.6,216.5,35.6,403.9,228.9,60.7,100,153.9,21.2,26.6,230.4,80.4,26.3
12/7/19 2:00,FRC2,25,41,25,41,NaN,NaN,NaN,NaN,NaN,NaN,NaN,NaN,NaN,28.2,212.2,73.5,35.3
12/7/19 2:15,FRC2,25,41,25,41,NaN,NaN,NaN,NaN,NaN,NaN,NaN,NaN,NaN,29.9,176.8,74.4,39
12/7/19 2:30,FRC2,25,41,25,41,148.4,154.2,29.8,347,236.9,52.8,86.4,154.8,18.8,32,144.1,75.1,40
12/7/19 2:45,FRC2,25,41,25,41,145.3,149.4,29.1,344,235.9,52.3,82,153.1,21.2,40.9,93.9,73.9,41
12/7/19 3:00,FRC2,24,42,35,29,144.7,138.9,29.9,336,230.4,51.5,69.2,166.1,21.9,39.6,60.5,71.5,42.2
12/7/19 3:15,FRC2,24,42,24,42,146.3,129.8,30.8,318.6,231.2,55.2,63.6,167.6,22.7,30.3,50.8,73.6,41.4
12/7/19 3:30,FRC2,24,42,24,42,147,125.9,31.5,307.9,233.6,58.7,53.4,149.4,25.8,28.6,57.9,80.6,36.1
12/7/19 3:45,FRC2,24,42,24,42,148.6,121.3,32.5,300.5,221.1,57.8,51.8,142.8,32.7,31.3,47.1,84.1,31.6
12/7/19 4:00,FRC2,25,41,33,31,151.8,120.6,33.2,292.3,215.8,56.2,52.1,120,35.9,29.4,57.7,71.9,26.6
12/7/19 4:15,FRC2,24,42,34,30,139,128.2,32.6,287.6,212,50,53.1,104,36.4,26.8,57,71,22.8
12/7/19 4:30,FRC2,24,42,24,42,137.1,134.5,32,286.5,209.9,47.3,55,97.7,35.3,24.5,51.5,69.8,21.3
12/7/19 4:45,FRC2,24,42,24,42,137.5,132.7,32,286.2,209.8,44.4,57.9,100,38.4,23.6,57.2,67.8,21.7
12/7/19 5:00,FRC2,24,42,24,42,139.1,127.2,31.9,284.6,213.6,42,61.4,104,40,22.7,60.4,64.4,25.5
12/7/19 5:15,FRC2,24,42,24,42,144.2,106.3,31.8,284.4,209.2,40.6,65.1,105.5,40.7,22.4,37.2,60.7,31.8
12/7/19 5:30,FRC2,24,42,24,42,147.2,101.3,32.1,285.6,201.2,38.6,67.5,108.4,40.8,23.4,24.8,59.1,29.6
12/7/19 5:45,FRC2,24,42,24,42,154.5,100.8,32,284.5,197.2,38.2,70.6,112.5,43.5,25.7,21.9,61.3,27.9
12/7/19 6:00,FRC2,24,42,24,42,195.3,100.2,34,285.4,196,37.9,77.8,114,46.9,28.9,21.7,70.2,29.8
12/7/19 6:15,FRC2,24,42,24,42,214.3,100.5,40.9,287.4,199.7,38.5,87.5,113.9,51.1,32.5,21.6,82,36.4
12/7/19 6:30,FRC2,24,42,24,42,240.5,112.9,43.5,274.9,198.1,45.1,92,115.1,57.3,35.9,20.6,94.4,40.7
12/7/19 6:45,FRC2,24,42,24,42,221,136.5,47.8,267.4,203.8,51.3,83.8,119.9,75,47.3,17.6,92.7,41.1
12/7/19 7:00,FRC2,24,42,24,42,220.5,144.2,48.2,256.7,232.2,46.7,70.9,134.2,89.4,40.7,18.9,81.6,41.6
12/7/19 7:15,FRC2,24,42,24,42,240.8,144,49.2,254.7,231.5,49.7,63.1,135.7,84.7,37.2,22.6,57.8,39.8
12/7/19 7:30,FRC2,24,42,24,42,267,141.3,48.5,254.1,228.2,53.1,54,113,75.3,41.5,25.8,42.7,38.5
12/7/19 7:45,FRC2,24,42,24,42,267.5,136.5,48.5,247.6,223.3,52,50,92.4,80.4,45,27,39.6,38.7
12/7/19 8:00,FRC2,24,42,24,42,292.7,105.1,47.6,218.7,207.2,57.7,51.2,84.2,82,44.6,26.9,28,38.2
12/7/19 8:15,FRC2,24,42,24,42,267,90,46.9,162.4,181.7,55.9,51.6,79.9,82.5,41.2,25.2,23.2,36.2
12/7/19 8:30,FRC2,24,42,36,28,199.8,85.7,45.2,131.4,177.6,57.6,48.4,76.8,79.4,36.4,24.3,22,33.9
12/7/19 8:45,FRC2,25,41,31,33,163.8,83.2,45.6,122.1,158.3,58.2,39.5,76.4,59.9,34.3,23.7,24,32.2
12/7/19 9:00,FRC2,24,42,33,31,152.9,77.8,45.3,121.2,138.7,61.6,35.9,71.6,53.3,32.7,23.8,25.9,30.1
12/7/19 9:15,FRC2,24,42,33,31,152.1,63.9,44.9,107.3,102.8,61,31.5,60.8,51.8,30.1,24,19.9,27.4
12/7/19 9:30,FRC2,24,42,34,30,147.6,63.1,44.6,97.8,95.3,49.5,28.9,55.8,51.3,28.2,25.8,19.4,25.2
12/7/19 9:45,FRC2,25,41,36,28,135.5,60.6,42.6,92,90.8,43.3,25.6,49,49.2,24.2,28,18.6,24.4
12/7/19 10:00,FRC2,24,42,31,33,118.3,59,41.2,72.6,85.3,42.5,20.2,37.3,42.1,22.7,28.6,16.7,23.9
12/7/19 10:15,FRC2,24,42,33,31,104.7,43.7,39.4,66.5,79.4,42.5,17.6,33.2,41.1,21.3,28.2,16.2,23.9
12/7/19 10:30,FRC2,24,42,24,42,84.9,36.8,37.7,57.4,73.8,39.2,16.3,32.1,34.1,20.4,27.8,15.8,24.1
12/7/19 10:45,FRC2,24,42,39,26,74.9,37.8,36.1,54.5,62.2,38.4,16.1,31.3,32.7,19.9,26.9,15.2,21.8
12/7/19 11:00,FRC2,25,41,31,33,71.3,35.8,35.1,55.4,57.2,37.5,16.1,30.5,37.3,19.2,25.2,15.2,22.2
12/7/19 11:15,FRC2,25,41,25,41,71.6,29.9,34.1,54,58.8,36.9,15.8,30.3,34.8,18.3,17.5,17.4,21.8
12/7/19 11:30,FRC2,25,41,49,21,62.2,28,32.1,51.7,58.6,36.6,15.4,29.8,37.4,17.9,16.6,20.6,22.4
12/7/19 11:45,FRC2,24,42,36,28,64.1,26.6,30,43.5,48.4,37.6,16,24.8,32.5,17.8,14.8,18.6,24
12/7/19 12:00,FRC2,25,41,38,27,53.1,26.2,28.7,24.6,47.2,39,17.2,23.7,29.8,18.4,13.7,18.8,20
12/7/19 12:15,FRC2,24,42,38,27,54.8,22.1,27.5,23.7,44,41.5,17.6,23.1,30.8,17.9,11.8,20.5,19.6
12/7/19 12:30,FRC2,25,41,49,21,55.3,23.1,25.6,23.2,40.4,42.3,16.9,20.9,24.2,16.9,12.2,19.8,18.3
12/7/19 12:45,FRC2,25,41,32,32,56.5,23.9,26.7,22.9,39.3,42.5,15.4,20.6,22.8,16.1,10.9,18.6,16.4
12/7/19 13:00,FRC2,24,42,42,24,49.2,27.8,27.7,22.4,39.7,41.8,13.2,19.8,23.4,15.3,10.6,17.8,14.5
12/7/19 13:15,FRC2,24,42,24,42,52.4,30.2,25.8,21.7,40.2,25.9,13.2,19.3,23.6,15.7,10.3,20.3,13.8
12/7/19 13:30,FRC2,25,41,25,41,54.9,NaN,NaN,22.5,38.4,19.9,10.2,16.4,22.8,15.1,9.7,23.7,13.4
12/7/19 13:45,FRC2,24,42,34,30,46.9,NaN,NaN,25,35.7,19.1,12,16.2,24,14.9,9.4,24.7,13.5
12/7/19 14:00,FRC2,25,41,41,25,47.3,NaN,NaN,18.5,36.6,19.6,13.2,19.2,17.2,15.5,10.9,25.2,12.7
12/7/19 14:15,FRC2,24,42,32,32,46.2,NaN,NaN,17.4,35.9,26.6,12.9,20.8,22.4,15.7,11.7,27.4,11.9
12/7/19 14:30,FRC2,24,42,24,42,47.3,NaN,NaN,18.4,36.3,25.6,13.7,27.4,23.4,16.3,12.3,27.7,11.3
12/7/19 14:45,FRC2,24,42,33,31,48.8,20.5,NaN,16.7,34.8,24.7,13.5,21.9,23.7,13.8,10.5,26.6,11.2
12/7/19 15:00,FRC2,25,41,25,41,46.6,20.1,NaN,17.6,35,26,15.4,20.7,21.5,12.1,10.3,26.4,11.9
12/7/19 15:15,FRC2,24,42,33,31,49.5,20.8,NaN,17.6,31.4,26.1,15.2,19,21.7,13.1,15,24.6,11.1
12/7/19 15:30,FRC2,24,42,24,42,43.6,21.9,NaN,18.3,30.3,26.9,14.1,17.2,14.1,15.6,21.1,25,11.3
12/7/19 15:45,FRC2,25,41,25,41,44.8,22.1,NaN,20.1,31.4,26.6,13.6,18.4,16,18.3,24.4,25.1,12.2
12/7/19 16:00,FRC2,24,42,33,31,53.8,23.3,NaN,23.4,34,30.3,13.7,17.8,26.1,14.6,27.4,24.2,12.5
12/7/19 16:15,FRC2,24,42,24,42,52.4,21.1,27.1,21.2,36.6,33,14.9,19.1,32,13.8,28.9,22.8,12.3
12/7/19 16:30,FRC2,25,41,34,30,51.2,35.8,26.4,31,37.6,32.9,15.2,19.1,36.4,14.7,25.2,21.9,13.3
12/7/19 16:45,FRC2,25,41,35,29,53.1,19.9,26.2,33.2,33.8,31.2,14.4,21.2,45.6,16.3,25.1,19.5,14.2
12/7/19 17:00,FRC2,24,42,32,32,51.5,19.3,27.7,33.8,32.3,30.7,14.8,22.2,76,15.6,36.8,18.8,15.3
12/7/19 17:15,FRC2,25,41,31,33,49.1,22.5,28,33,38.1,30.9,15.3,23.2,68.3,16.6,40.8,19.2,17.3
12/7/19 17:30,FRC2,24,42,24,42,49.4,25.2,30.4,34.1,37,35.5,16.8,25,41.9,18.8,45.4,18.4,20.4
12/7/19 17:45,FRC2,24,42,24,42,51.3,32.2,32.8,35.8,44.8,34.2,18.3,27.2,13.1,24.7,53.5,17.9,24.6
12/7/19 18:00,FRC2,25,41,25,41,55.5,38.5,31.4,40.1,33.5,32.9,19.2,30.8,15.3,32.4,54.2,18.6,27.4
12/7/19 18:15,FRC2,25,41,25,41,77.6,39.1,33.1,47.4,57.1,40,21.3,37.7,15.5,44.4,60.5,19.9,33
12/7/19 18:30,FRC2,25,41,38,27,100.5,39.7,34.8,52.1,64.5,46.4,30.4,40.5,20.2,69.1,78.8,23.7,38.6
12/7/19 18:45,FRC2,24,42,24,42,112.5,41,37,64.3,77,47,36.3,56.9,26.7,91.8,70.2,25.9,55.7
12/7/19 19:00,FRC2,24,42,24,42,119.7,45,40.1,70.6,108.9,48.4,41.3,74.2,25,71.5,57.4,28,73.1
12/7/19 19:15,FRC2,24,42,24,42,128.1,50,42.9,75.3,146.5,61.3,56.5,95.4,24.8,36.4,57.8,30.8,87.9
12/7/19 19:30,FRC2,24,42,24,42,132.7,52.9,44.4,80.5,185.6,74.8,64.8,165.2,24.7,30.9,58.8,34.3,100.8
12/7/19 19:45,FRC2,24,42,24,42,145.5,56.8,46.4,82.9,201.1,70.5,85.4,188.9,25.7,27.6,49.9,46.1,120
12/7/19 20:00,FRC2,24,42,24,42,169,69.6,46.4,81.7,236.1,66.1,99,229.3,31.5,25.8,45.4,52.3,155.9
12/7/19 20:15,FRC2,24,42,24,42,145.9,78.4,46.5,82,242.3,71.1,116.7,250.5,38.9,27.2,44.6,55.6,193.6
12/7/19 20:30,FRC2,24,42,24,42,141.7,80.1,46.1,85.3,243.3,71.7,120.3,226.5,63.8,33.2,43.1,57.8,244.4
12/7/19 20:45,FRC2,25,41,33,31,130.7,82.2,49.8,87.3,259.8,70.3,124.3,208.8,84.6,42.7,27.7,57.4,276.1
12/7/19 21:00,FRC2,24,42,24,42,123.4,82.5,52.6,91,270.6,75.4,127.7,212.4,119.7,48.7,19,53.4,325
12/7/19 21:15,FRC2,25,41,25,41,119.6,80.7,56.6,104.4,282,88.9,132.9,234.3,145.9,48.8,17.5,55.2,349
12/7/19 21:30,FRC2,24,42,33,31,115.2,79.7,59.1,131.8,322.4,86.7,142.2,253.2,177.6,55.6,16.7,63.5,366.4
12/7/19 21:45,FRC2,24,42,24,42,112.4,81.3,58.4,129.3,335.6,87.2,154.9,226.9,191.3,50.9,22.9,65.4,375.4
12/7/19 22:00,FRC2,24,42,24,42,105.6,82.8,55.7,175.5,318,92.6,178,178.4,180.4,61.7,25.8,67.6,380.8
12/7/19 22:15,FRC2,24,42,24,42,103.1,78.2,51.5,214.3,262.6,95.6,159.5,141.3,186.7,41.6,34.6,63,377.7
12/7/19 22:30,FRC2,24,42,24,42,92.3,74.9,47.6,229.4,185.5,95.6,133.1,137.4,196.5,37.3,31.4,69.5,362.9
12/7/19 22:45,FRC2,24,42,24,42,77.4,68.8,44.2,224.8,130.1,88.8,130.5,129.2,198.6,32.6,34.1,70.6,331.3
12/7/19 23:00,FRC2,24,42,24,42,66.6,62.2,41.9,251.9,114,79.9,129.8,125.4,196.5,33.3,40.4,54,334.9
12/7/19 23:15,FRC2,24,42,24,42,67.4,64.1,40.9,267.9,97.7,74.5,129.5,115.3,193.3,35.7,38.2,42.5,326.9
12/7/19 23:30,FRC2,24,42,24,42,66.9,62.3,41.3,228.6,91,68.4,126.9,104.1,190.9,44.2,36.6,39.4,325.9
12/7/19 23:45,FRC2,24,42,24,42,64,56.1,41.1,183.6,84.8,66.5,126.5,97.1,182.3,44.9,38.3,40.6,337.3