newtimestamp,Road Type,Free Flow Time(seconds),Free Flow Speed(KMPH),Current Time(seconds),Current Speed(KMPH),march_1st,march_2nd,march_3rd,march_4th,april_1st,april_2nd,april_3rd,april_4th,april_5th,may_1st,may_2nd,may_3rd,may_4th
06/07/19 0:00,FRC1,203,33,203,33,130,27.4,119.6,64.2,77.6,35.2,27.2,68,83.8,74.1,13.8,35.4,68.2
06/07/19 0:15,FRC1,203,33,203,33,68.9,30.3,114.3,49.3,54.5,34.6,28.4,64.4,97.6,50.3,12.9,29.9,79.6
06/07/19 0:30,FRC1,203,33,257,26,36.7,30.5,93.3,64.7,47.7,NaN,25.1,61.6,70.1,57,13,30.1,62.7
06/07/19 0:45,FRC1,203,33,203,33,34.6,31.2,108,39.3,45.2,46,23.2,57.3,61.3,69.4,14.6,29.6,68.9
06/07/19 1:00,FRC1,203,33,203,33,40.4,32,79.8,54.1,46.3,129.3,21.9,52,54.1,60.6,15.3,24.6,80.1
06/07/19 1:15,FRC1,203,33,203,33,53,30.1,90.2,46.4,45.3,218.2,20.1,47.2,39.7,39.5,14.4,15.6,53.5
06/07/19 1:30,FRC1,203,33,203,33,70.5,28,90.4,49.8,50,239,19.2,42.8,32.6,28.5,13.3,14.4,87.6
06/07/19 1:45,FRC1,203,33,203,33,NaN,NaN,NaN,NaN,NaN,NaN,NaN,NaN,NaN,NaN,NaN,NaN,NaN
06/07/19 2:00,FRC1,203,33,203,33,NaN,NaN,NaN,NaN,NaN,NaN,NaN,NaN,NaN,NaN,NaN,NaN,NaN
06/07/19 2:15,FRC1,209,32,209,32,NaN,NaN,NaN,NaN,NaN,NaN,NaN,NaN,NaN,NaN,NaN,NaN,NaN
06/07/19 2:30,FRC1,209,32,209,32,42.6,42.1,96.9,32.7,57.3,110,14.5,114.5,29.7,47.5,18.6,25.4,39.7
06/07/19 2:45,FRC1,209,32,372,18,41.3,71.6,101,43.7,107.5,82.9,15.3,83.9,29.6,47.8,19.2,24,42.1
06/07/19 3:00,FRC1,209,32,209,32,39.8,81.2,100.2,61.1,69.5,73.2,16,66.1,27.1,65.5,18.6,22,39.7
06/07/19 3:15,FRC1,209,32,209,32,40.6,88.5,55.5,44.4,50.7,83.1,16.9,56.1,23.7,102.8,17.5,18.5,34.4
06/07/19 3:30,FRC1,209,32,209,32,46.4,74,60.8,42.2,36.8,131.7,17.6,53.8,20.8,59.6,17.4,16.8,26.7
06/07/19 3:45,FRC1,209,32,209,32,65.6,55.2,72.2,38.8,36.7,165.9,18.1,63.1,18,52.1,22.1,16.8,24.6
06/07/19 4:00,FRC1,209,32,209,32,60.5,62.3,67,31.2,42.1,212.8,19.3,72.2,17.1,50.7,48.1,26.9,23.1
06/07/19 4:15,FRC1,209,32,209,32,68.1,53.1,93.8,38.7,67.9,142.7,19.5,75.3,16.7,64.5,70.7,56.5,23.1
06/07/19 4:30,FRC1,209,32,209,32,88.4,54.7,98.2,46.2,55.2,113.8,19.3,56.6,17,91.1,107.7,59,24.2
06/07/19 4:45,FRC1,209,32,209,32,102.7,64.5,79.6,42.2,49.3,123.5,20.3,53.6,17.1,89.6,108,37,17.9
06/07/19 5:00,FRC1,209,32,209,32,92.2,96.7,79.2,43,45.3,91.1,22.5,54.8,17.6,79.9,69.4,43,17.8
06/07/19 5:15,FRC1,209,32,209,32,89.3,94,63.1,34.4,41.1,70.1,25.1,61.8,19.5,80.6,89,45.7,20.6
06/07/19 5:30,FRC1,209,32,209,32,76.5,114.4,38.9,31.6,44.4,59.9,26,63.7,22.2,76.5,71,44.7,25
06/07/19 5:45,FRC1,209,32,209,32,80.3,119.8,58.7,42.8,38.9,44.3,26,57.3,88.3,70.4,45.5,38.9,37.8
06/07/19 6:00,FRC1,209,32,209,32,67.6,143.5,59.9,59,37.3,43.4,24.7,53.2,134.2,53.7,39,23,41
06/07/19 6:15,FRC1,209,32,209,32,66.2,132.6,61.2,57.6,37.5,33.1,31.6,66.2,116.7,68.9,53.1,19.6,51.5
06/07/19 6:30,FRC1,209,32,209,32,67.5,124.6,61.5,75.7,80.9,28.2,46.4,67.5,100.7,81.4,54.9,21.4,39.8
06/07/19 6:45,FRC1,203,33,257,26,81.8,112.7,84.6,67.4,99,28.8,53.2,77.1,74.7,89.1,54.6,20.2,43.2
06/07/19 7:00,FRC1,209,32,268,25,120.5,108.7,67.7,61.4,84.6,29.3,106.6,68,63.9,60,24.8,19.6,41.3
06/07/19 7:15,FRC1,209,32,257,26,135.7,104.3,73.7,63.5,109.5,29.6,124,69.3,68.6,45.9,21.7,19.8,41.4
06/07/19 7:30,FRC1,203,33,268,25,155,111.7,79.9,69.9,109.8,29.4,107.4,75.6,69.1,39.7,25,22.1,40.2
06/07/19 7:45,FRC1,203,33,279,24,137.5,105.2,65.8,64.9,101.8,30.5,71,76.5,66.3,51.3,23.9,24.3,42.1
06/07/19 8:00,FRC1,209,32,319,21,134.4,54,48.5,39.1,102,32.4,59.4,82.8,56.6,48.8,25.3,15.3,32.5
06/07/19 8:15,FRC1,203,33,291,23,140.6,49,32.6,33.4,81.6,38.4,39.5,94.2,39.1,37.1,26.6,18,25.1
06/07/19 8:30,FRC1,203,33,319,21,137.5,50.4,44.6,31.3,69.2,39.7,33.4,76.6,46,28.3,24.8,13.3,20.6
06/07/19 8:45,FRC1,209,32,319,21,108.6,53.6,46.4,25.4,60.2,38.1,33.4,38.4,35.2,22.1,22.4,12.9,18
06/07/19 9:00,FRC1,203,33,319,21,98,46.2,37,21.7,41.3,37.2,31.9,27.4,38.3,17.9,21,11.3,17.8
06/07/19 9:15,FRC1,203,33,335,20,81.4,42,32.7,22.6,35.1,37.6,27.6,22.6,25.2,15.1,22.7,12,17.2
06/07/19 9:30,FRC1,203,33,335,20,55.9,39.6,28.3,22.4,36.8,38.1,22.4,14.9,21.4,13.6,21.3,11.2,16.2
06/07/19 9:45,FRC1,203,33,335,20,43.9,39,24.5,19.9,37.5,38.4,20.5,14.2,19.3,12.2,19.8,11.3,15
06/07/19 10:00,FRC1,209,32,304,22,47,32.8,20.4,17.5,37.7,34.6,18.7,14.6,18.3,12.4,17.8,10.4,14.5
06/07/19 10:15,FRC1,209,32,319,21,53.2,31.8,19.3,19.4,38.4,24.9,18.5,14.1,17.9,12.1,16.7,10,14.9
06/07/19 10:30,FRC1,203,33,419,16,51.3,30.4,20.2,19.4,36.9,20.9,17.5,13.7,19.1,11.6,17,9.8,14.8
06/07/19 10:45,FRC1,203,33,335,20,52.5,28.3,18.2,17.2,36,18.6,NaN,14.1,20.8,10.8,13.3,9.6,14.4
06/07/19 11:00,FRC1,209,32,319,21,52.5,24.5,18.3,16.8,35.5,17.1,NaN,13.2,19,10.4,12.9,9.3,13.9
06/07/19 11:15,FRC1,209,32,319,21,49.8,21,17.9,18.5,31.7,16.4,NaN,13.3,17.8,10.6,12.4,9.5,14
06/07/19 11:30,FRC1,203,33,419,16,47.5,18.2,16.2,17,26.8,16.8,14.3,12.5,16.7,10,12,8.8,13.7
06/07/19 11:45,FRC1,209,32,670,10,45.9,17.3,15.8,15.5,25,17.9,13.2,11.9,16.4,9.7,12.6,8.5,13.6
06/07/19 12:00,FRC1,203,33,670,10,41.8,15.7,16.8,15.7,24.9,19,13.7,12.4,16,9.1,13.4,8.2,13.3
06/07/19 12:15,FRC1,197,34,670,10,46.2,15.4,15.7,16.1,24.2,20.8,14.7,12.2,17.4,9.6,11.6,9.3,12.5
06/07/19 12:30,FRC1,203,33,394,17,56.4,17.6,14.7,16.3,18,19.9,15,11.6,18.2,7.1,12.7,8.4,12.1
06/07/19 12:45,FRC1,203,33,394,17,45.3,13.8,15,16,14.6,14.7,14.1,12.4,17.2,9,12,8,12.8
6/7/19 13:00,FRC1,209,32,319,21,36.5,12.7,14.3,14.2,16.1,15,13.6,11.3,16.1,9.7,9.1,7.5,12.1
6/7/19 13:15,FRC1,203,33,419,16,32.1,14.7,14.4,13.7,17.7,13.7,11.7,10.9,15.1,8.6,7.9,7.2,11.2
6/7/19 13:30,FRC1,203,33,558,12,29.9,14.8,14.1,14,17.5,12.7,11.2,10.7,14.2,NaN,8.4,7.6,10.9
6/7/19 13:45,FRC1,209,32,515,13,26.9,14.1,13.6,14.6,16.9,12,11.3,11.8,14.9,NaN,10.6,8.2,11.1
6/7/19 14:00,FRC1,203,33,394,17,25.3,13.7,13.7,15.2,17.3,13.1,10.6,13.4,15.3,NaN,12,8.6,11.6
6/7/19 14:15,FRC1,203,33,319,21,26.8,13.1,13.9,16.1,17.7,14.1,11.5,14.4,14.8,NaN,11.9,8.9,12.1
6/7/19 14:30,FRC1,203,33,394,17,25.6,13.8,14.7,16.3,17.7,NaN,12,13.8,17.8,NaN,12,8.5,12.2
6/7/19 14:45,FRC1,203,33,335,20,34.7,13.4,15.3,14.7,17.4,13.7,12.3,13.9,19.9,NaN,12.4,9.6,12.8
6/7/19 15:00,FRC1,197,34,478,14,37.8,14.5,16.4,14.2,16.6,14.4,12.5,13.9,18.4,NaN,10.5,8.8,13.1
6/7/19 15:15,FRC1,203,33,419,16,42.8,14.8,17.2,16.1,16.5,13.5,12.9,13.4,16.9,NaN,10.5,8,12.5
6/7/19 15:30,FRC1,209,32,372,18,47.1,15.8,17,15.6,16.7,15.3,12.9,12.7,17.6,NaN,9.8,8.6,11.8
6/7/19 15:45,FRC1,203,33,319,21,49.6,15.5,16.8,16.5,17.1,13.7,11.8,13.1,18.4,NaN,10.3,8.5,12.1
6/7/19 16:00,FRC1,203,33,304,22,46.8,17.3,16.6,13.4,17.6,14.3,11.9,13.8,17.8,NaN,10.3,8.8,13.3
6/7/19 16:15,FRC1,203,33,319,21,43,15.2,16.2,15.5,16.8,14.8,12.4,15.4,18,NaN,12,8.6,12.3
6/7/19 16:30,FRC1,203,33,352,19,47.6,14.1,16.7,16.6,17.9,14.8,11.5,14,18.3,NaN,12,9.2,11.5
6/7/19 16:45,FRC1,209,32,335,20,48,18.5,18.2,20.2,20.8,16,12,12.8,18.8,NaN,14.4,10.2,12.9
6/7/19 17:00,FRC1,209,32,352,19,50.2,17.6,22.1,22.4,21.5,16.5,12.9,12.1,21.1,NaN,13.8,13.6,13.6
6/7/19 17:15,FRC1,203,33,352,19,62.9,15.8,22.7,23.2,22.7,16.9,13.7,12.3,22.7,NaN,14.1,16.9,14.1
6/7/19 17:30,FRC1,203,33,335,20,68.3,17.2,26.1,24,18.8,20.2,13.9,13.2,26.4,NaN,14,13.2,16.4
6/7/19 17:45,FRC1,209,32,335,20,64.8,18.7,28,23.8,20.7,23.8,14.6,13.8,25.6,NaN,16,13.6,18.2
6/7/19 18:00,FRC1,209,32,372,18,58.9,20.8,30,20.3,25.7,22.5,15.7,15.9,26.4,NaN,15.5,14.6,22.4
6/7/19 18:15,FRC1,203,33,319,21,50.6,24.8,31.2,23.4,27.8,25.7,17.2,18.6,29.4,NaN,16.6,15.6,28.3
6/7/19 18:30,FRC1,203,33,304,22,61.8,24.9,43.8,29.2,26.4,42,19,18.9,33.6,NaN,16.1,18.4,31.7
6/7/19 18:45,FRC1,203,33,304,22,70.5,26.3,58.7,34.6,37.1,46.3,22.4,20.6,42,NaN,16,20.4,29.3
6/7/19 19:00,FRC1,209,32,304,22,61.6,27.7,50.3,34.6,46.6,57.6,25,28.5,44.3,NaN,18.8,22.5,30.2
6/7/19 19:15,FRC1,203,33,319,21,60,29.6,50.5,34.4,37.4,85.8,24.4,41.6,69.4,NaN,21.5,24,33.5
6/7/19 19:30,FRC1,209,32,394,17,59.3,32.7,75.5,36.1,36.7,96.2,23.5,48,69.6,NaN,30.1,25.8,35.5
6/7/19 19:45,FRC1,203,33,478,14,52.2,33.8,86.4,35.8,36.7,97.1,24.2,56.6,71.5,NaN,32.4,29.3,36.4
6/7/19 20:00,FRC1,197,34,515,13,44.3,36,70.9,35.6,37.1,86,24.9,63.1,76.5,NaN,26.5,33.3,41.6
6/7/19 20:15,FRC1,209,32,515,13,36.9,37,63.5,34.1,38.7,78.9,24.6,75,73,NaN,33.3,36.1,49.4
6/7/19 20:30,FRC1,203,33,372,18,41.1,36.9,50.3,30.1,40,70.2,23.3,78.9,68.1,NaN,35.6,38.5,50.1
6/7/19 20:45,FRC1,209,32,352,19,39,38.7,50.3,28.5,38.3,86.9,25.4,93.7,55.1,NaN,32.1,40.2,41.7
6/7/19 21:00,FRC1,203,33,335,20,37.1,39.8,50.2,30.8,35.9,78.8,27.5,103.2,51.3,NaN,29.5,37.2,36.1
6/7/19 21:15,FRC1,203,33,319,21,39.2,38.7,47.8,33.3,40.8,71.4,25.8,123.6,58.2,NaN,30,34.6,33.5
6/7/19 21:30,FRC1,203,33,291,23,51.6,32.7,44.7,31.9,44.7,88.2,24.8,126.1,58.8,NaN,28.5,34.5,36.5
6/7/19 21:45,FRC1,209,32,268,25,48.8,29.7,42,33.6,53,81.1,25.7,129,65.4,NaN,28.3,33.4,44.1
6/7/19 22:00,FRC1,209,32,209,32,56.5,38,42.1,37,34.9,81.4,28.8,144.5,64.7,NaN,28.7,32.1,63.9
6/7/19 22:15,FRC1,209,32,257,26,51.6,61.6,40.6,39.8,31.4,80.3,33.4,167.9,64.1,NaN,31.9,32.8,61.9
6/7/19 22:30,FRC1,209,32,268,25,49.6,64.3,46.2,49.4,21.9,75.9,36.6,167.7,68.6,NaN,52.2,34,59.1
6/7/19 22:45,FRC1,209,32,209,32,51.2,79,57.7,63.1,23.1,73.3,57,166.9,77.3,NaN,65.5,38.8,55.5
6/7/19 23:00,FRC1,209,32,209,32,51.6,77.9,64.6,59.8,24,71.5,50.7,169.9,75.1,NaN,62.6,55.7,55.1
6/7/19 23:15,FRC1,209,32,209,32,37.9,81.3,83.3,61.7,24.4,75.2,88.9,168,57,NaN,59.2,57.1,57.7
6/7/19 23:30,FRC1,209,32,209,32,32.4,93,122.1,48.2,25.2,95.9,96.2,166.3,39.6,NaN,74.5,54.3,56.9
6/7/19 23:45,FRC1,209,32,209,32,27.5,112,133.3,34.6,28.1,99.1,93,165.8,38.6,NaN,66.2,48.2,45.5
7/7/19 0:00,FRC1,203,33,203,33,25.5,114.7,174.7,34.2,47.4,82.6,80.1,180.7,46.3,NaN,59.6,45.2,30.1
7/7/19 0:15,FRC1,203,33,203,33,26.4,129.2,180.3,51.1,39.2,78.7,58.8,167.4,55.1,NaN,57.5,53.4,22
7/7/19 0:30,FRC1,203,33,203,33,30.1,130.4,114.9,47.6,38.4,64.3,35.4,150.4,55.4,NaN,73.3,45.8,24.1
7/7/19 0:45,FRC1,203,33,203,33,30.4,130.3,71.2,44.6,47.5,60.2,49.7,121.5,63.9,NaN,91.7,42.3,25.6
7/7/19 1:00,FRC1,203,33,203,33,24.7,107.4,51,83.4,49.2,59.3,70.4,108.9,51.7,NaN,82.9,40.5,27.5
7/7/19 1:15,FRC1,203,33,203,33,16.1,142.8,48.2,93.9,58.9,58.8,61.9,124.4,60.7,NaN,54.1,33.2,28.9
7/7/19 1:30,FRC1,203,33,203,33,15.2,151.1,47.3,129.2,60.6,60.6,86.7,178.2,64.4,NaN,45.2,19.5,41.1
7/7/19 1:45,FRC1,209,32,291,23,NaN,130.3,NaN,NaN,NaN,NaN,NaN,NaN,NaN,NaN,NaN,NaN,NaN
7/7/19 2:00,FRC1,203,33,203,33,NaN,NaN,NaN,NaN,NaN,NaN,NaN,NaN,NaN,NaN,NaN,NaN,NaN
7/7/19 2:15,FRC1,203,33,203,33,NaN,NaN,NaN,NaN,NaN,NaN,NaN,NaN,NaN,NaN,NaN,NaN,NaN
7/7/19 2:30,FRC1,203,33,203,33,20,NaN,90.6,150.6,68.3,99.2,73.5,101,53.8,NaN,102.3,60,20.3
7/7/19 2:45,FRC1,203,33,203,33,21.6,NaN,140.6,136.6,67,103.1,68.9,84.3,52.6,NaN,84.2,96.2,19.5
7/7/19 3:00,FRC1,203,33,203,33,22.9,97.3,119.1,138.6,69,71.1,80.6,76.2,86.1,NaN,48.5,72.3,19.3
7/7/19 3:15,FRC1,203,33,203,33,22.4,89.9,79.2,130.7,68.6,67.8,63.8,77,114.2,NaN,71.2,45.1,19.2
7/7/19 3:30,FRC1,203,33,203,33,19.9,31.5,63.1,115.7,53.8,59.2,33.8,79.7,113.7,NaN,85.3,44.4,19.3
7/7/19 3:45,FRC1,203,33,203,33,19.1,28.5,71.8,121,45.2,42.9,35.4,81.7,118.7,NaN,71.6,76.6,18.7
7/7/19 4:00,FRC1,203,33,203,33,18.8,76.5,63.2,138.1,49.1,36.8,28.9,80.5,147.3,NaN,40.2,83.3,20.5
7/7/19 4:15,FRC1,203,33,203,33,21,108.2,43.7,86,44.3,40.1,27.3,78.3,111.3,NaN,33.4,86.4,52
7/7/19 4:30,FRC1,203,33,203,33,23.8,113,35.3,79.8,35.8,55.5,53.1,75.7,82.8,NaN,20.6,66.1,103
7/7/19 4:45,FRC1,203,33,203,33,23.9,88.1,55,80.2,25.5,72.8,51.6,72.3,75.9,NaN,20.4,62.2,102.4
7/7/19 5:00,FRC1,203,33,203,33,21.5,106,64.9,88.8,29,70.3,62.8,68.5,68.6,NaN,19.2,75.4,112
7/7/19 5:15,FRC1,203,33,203,33,23.8,112.4,68,59.3,56,60.3,91.1,70.9,74.7,NaN,22.2,67.2,83.6
7/7/19 5:30,FRC1,203,33,203,33,27.4,103.2,61.4,58.4,62,45.8,87.3,75.7,88.3,NaN,24.5,76.4,91.9
7/7/19 5:45,FRC1,203,33,203,33,27.6,82.7,55.3,38.7,67,43.8,60.2,78.6,86.8,NaN,25.9,70,48
7/7/19 6:00,FRC1,203,33,203,33,27.1,85.7,54.6,38.4,80.8,43.2,64.6,80,104.8,NaN,25,81,32.4
7/7/19 6:15,FRC1,203,33,203,33,28.9,68.6,75.8,37.5,83.4,63.2,68.5,81.2,110,NaN,25.9,69.7,36
7/7/19 6:30,FRC1,203,33,203,33,29.7,73.6,69.2,37.2,77.5,81.8,82.8,81.8,61.9,NaN,20.8,54.9,35.3
7/7/19 6:45,FRC1,203,33,203,33,29.1,83.3,81.6,41.2,71.7,79.4,89,82.9,56.4,NaN,18.6,63.5,34.8
7/7/19 7:00,FRC1,203,33,203,33,27.7,87.1,74.9,37.8,68.6,74,89.2,80.8,70.6,NaN,20.4,53.2,34.2
7/7/19 7:15,FRC1,203,33,203,33,29,91.3,87.9,34,69.6,64.3,67.6,58.1,73,NaN,27.8,43.3,46
7/7/19 7:30,FRC1,203,33,203,33,29.7,71.5,80.6,32.5,64.9,41.6,61.9,49.3,62.2,NaN,21,44.5,56.4
7/7/19 7:45,FRC1,203,33,203,33,30.8,82.1,84.5,31.4,76.3,24.5,36.6,39.9,55.7,NaN,19,43.9,35.8
7/7/19 8:00,FRC1,203,33,203,33,31.5,63.4,73.1,29.2,67.9,22.9,37.2,35.7,53.5,NaN,19.1,27.7,30
7/7/19 8:15,FRC1,203,33,203,33,31.8,46.3,48.3,26.2,55.9,21.7,40,29.5,48.3,NaN,18.8,17.9,28.3
7/7/19 8:30,FRC1,209,32,209,32,31.7,45.2,52,24.7,48.8,20.5,29.6,27.4,35.8,NaN,17.4,17.1,26.9
7/7/19 8:45,FRC1,209,32,209,32,34,41.5,35.6,24.4,37.9,20.4,31.1,27.6,31.9,NaN,13,16.2,25.3
7/7/19 9:00,FRC1,203,33,319,21,31.8,25.9,30,24.7,34.9,19.2,25.4,25.9,23,NaN,11.2,12.4,19.1
7/7/19 9:15,FRC1,203,33,319,21,28.2,37.2,28,25.9,28.4,18.7,22.9,22,21.9,NaN,11.7,12.1,14.9
7/7/19 9:30,FRC1,209,32,257,26,24.3,26.6,23.4,27.3,21.1,19,18.7,19.4,20,NaN,9.1,13.1,13.8
7/7/19 9:45,FRC1,203,33,203,33,21.7,23.5,22,29.4,19.7,19.3,16.5,17.8,17.9,NaN,7.9,13,13.6
7/7/19 10:00,FRC1,209,32,209,32,19.2,21.4,21.1,28.7,15.6,19.7,15.2,17.7,18.3,NaN,8.3,12.8,13.9
7/7/19 10:15,FRC1,203,33,203,33,18.8,19.3,20.5,27.8,17,19.6,13.1,16.5,19.1,NaN,8.4,12.2,15.1
7/7/19 10:30,FRC1,209,32,335,20,19.1,18.5,17.5,24.9,18.6,19,13.7,14.9,18.2,15.4,9.4,11.4,14.8
7/7/19 10:45,FRC1,203,33,319,21,19.7,16.3,17.1,23.3,18,17.6,14.3,14.1,18.5,13.7,9.5,10.5,12.8
7/7/19 11:00,FRC1,203,33,268,25,19.3,15.5,14.3,20.6,18.2,17,14,12.1,21.3,13,8.3,9.5,11.5
7/7/19 11:15,FRC1,209,32,268,25,18.2,14.4,17.8,20.1,17.8,16,13.6,11.2,24.2,12.6,8.4,9.5,12.5
7/7/19 11:30,FRC1,209,32,319,21,18,13.8,15.2,20.1,17.8,15.2,13.5,10.6,21.1,11.1,8,9.6,14.3
7/7/19 11:45,FRC1,209,32,319,21,18.3,14,15.1,18.2,17.1,14.9,12.7,10.4,21,11.3,8,9.9,17.8
7/7/19 12:00,FRC1,203,33,257,26,18.9,14.4,12.8,16.9,16.8,14.3,12.3,10.6,17.8,10.9,7.4,9.9,11.7
7/7/19 12:15,FRC1,209,32,304,22,19,13.1,12.7,15.2,16.5,13.9,13.3,10.4,14.8,11.7,7.4,9.5,11.2
7/7/19 12:30,FRC1,209,32,335,20,18.5,13.1,11.8,15.8,18.1,14.9,13.9,9.7,15.6,11.4,7.3,10.9,9.1
7/7/19 12:45,FRC1,209,32,394,17,18.1,13.2,12,14.2,17.5,13.8,12.9,9.2,17.1,11.1,7.2,9.9,8.6
7/7/19 13:00,FRC1,203,33,352,19,18.7,13.1,11.8,13.4,16.7,13.3,12.2,9.3,13.8,11.3,7.4,9.5,8.3
7/7/19 13:15,FRC1,203,33,335,20,18.6,13.2,12,12.7,14.3,12.4,12.2,10,13,10.9,7.1,9.7,8.3
7/7/19 13:30,FRC1,209,32,319,21,18.1,12.7,13.1,11.5,13.6,12.3,11.5,11.2,14.2,11,6.7,9.7,8.4
7/7/19 13:45,FRC1,203,33,268,25,16.1,12.3,13.1,12.4,15.4,12.3,10.9,11.4,16.4,12.8,6.9,9.1,8.6
7/7/19 14:00,FRC1,209,32,279,24,14.7,14.3,12.7,13.8,16,12.3,10.7,11.5,13.5,11.1,7.8,9.5,9.6
7/7/19 14:15,FRC1,203,33,268,25,14.9,13.6,14.4,11.5,14.5,12.2,12.8,12.3,14.7,9.3,7.8,10,9.5
7/7/19 14:30,FRC1,209,32,209,32,15.8,12.6,14.8,15.5,15.3,12,12.9,12.5,13.9,8.6,7.4,11,11
7/7/19 14:45,FRC1,203,33,279,24,16.9,11.4,14.8,14.9,16.8,12,13.4,12.3,14,10.9,7.9,9.7,12
7/7/19 15:00,FRC1,203,33,279,24,16.9,11.4,13.7,14.4,16.5,11.8,14,12,13.3,12.4,8.1,9.9,12.3
7/7/19 15:15,FRC1,209,32,268,25,16.7,12.3,14.7,13.5,16.7,11.6,13.4,13.5,12.8,15.7,9,9.9,11.3
7/7/19 15:30,FRC1,203,33,268,25,16.4,12.8,13.7,13.2,16.3,11.8,14,13.6,14.4,13.9,9.6,10.5,11.5
7/7/19 15:45,FRC1,209,32,268,25,16,13.8,16.7,14.1,16,12,13.8,14.2,15.6,13.5,9.2,11,11.4
7/7/19 16:00,FRC1,209,32,279,24,16.4,14.1,15.5,13.1,16.4,12.2,13.5,15.4,16.5,17.2,7.9,11.9,12.2
7/7/19 16:15,FRC1,209,32,279,24,16.5,14.8,16.3,13.3,15.4,12.4,13.1,14.8,17,16.6,7.9,11.9,11.7
7/7/19 16:30,FRC1,203,33,279,24,17.1,14,17.5,12.8,14.5,13,17.6,14.9,23.8,21.9,10,12,13.1
7/7/19 16:45,FRC1,203,33,335,20,17.9,14.8,17.9,14.4,16,13.5,21.9,16.2,26.5,21.6,11.2,13.5,14.2
7/7/19 17:00,FRC1,203,33,335,20,19,17.3,18.4,15.4,17.1,14.3,22.4,18.6,23,24.2,12.9,13.6,15.6
7/7/19 17:15,FRC1,203,33,304,22,19.8,18.5,18.7,17.4,17.3,14.9,24.3,21.2,22.7,34.9,16.3,14.9,18.9
7/7/19 17:30,FRC1,203,33,304,22,19.9,20.5,19.4,18.9,18.6,15.8,23.1,24.8,31.2,33.1,18.5,17.9,22.6
7/7/19 17:45,FRC1,209,32,319,21,22.3,21.2,26,20.2,19.9,18.3,21.5,36.7,38.7,35.2,20.7,22.7,26.9
7/7/19 18:00,FRC1,203,33,291,23,36.7,36.9,30.2,20.9,28.8,17.5,25.4,45.4,53.7,35.3,24.3,27.2,29.5
7/7/19 18:15,FRC1,203,33,291,23,43.8,60,33.2,22.9,36.1,17.3,36.7,45.7,45.1,35.7,28.1,28,33.7
7/7/19 18:30,FRC1,203,33,352,19,46.2,60.9,42.7,21.1,44.2,19.9,43,56.1,52.3,46.6,47.2,29.9,46.5
7/7/19 18:45,FRC1,203,33,291,23,51.1,54.5,51.1,22.6,56.2,20.6,52.2,74.6,50.2,51.3,48.3,29.5,55.7
7/7/19 19:00,FRC1,209,32,268,25,56,44.2,51.5,22.3,56.8,21,54.1,68.2,51.7,69,44.4,33.5,42.4
7/7/19 19:15,FRC1,203,33,304,22,54.4,52.2,52.8,21.3,53.6,22.6,53.7,56,76.4,81.4,67.4,56,42.8
7/7/19 19:30,FRC1,209,32,304,22,53.6,66.2,56,23.2,48.2,23.9,61.1,55.4,101.2,80.3,65.6,74.9,61
7/7/19 19:45,FRC1,209,32,291,23,54.5,61.1,45.9,24.9,49.5,25,95.9,60.2,98.5,89.3,60.6,70.8,52.1
7/7/19 20:00,FRC1,203,33,335,20,59.7,63.6,45.7,25.9,51.1,19.5,94.3,67.8,99.2,104,66.1,87.2,50
7/7/19 20:15,FRC1,203,33,304,22,73.2,75.5,55.1,26,53.3,18.8,87.8,81.9,109.2,107.2,78.1,92.4,58.1
7/7/19 20:30,FRC1,209,32,291,23,79.6,77.3,45.7,25.4,44.9,17.7,69.9,90.3,108.4,134.2,77.8,89.1,61.1
7/7/19 20:45,FRC1,209,32,268,25,76.4,115.1,43.7,24.4,42.3,20.8,56.1,116.1,73.1,152.3,67.3,91.8,63.4
7/7/19 21:00,FRC1,203,33,268,25,94.7,111.2,43.5,22.5,38.1,20,49.9,107.7,76.9,151.4,55.6,84.3,59.1
7/7/19 21:15,FRC1,209,32,279,24,110.4,83.8,46.5,27.2,41.3,19.9,46.2,149.2,80,173.5,70.1,84,47.2
7/7/19 21:30,FRC1,203,33,203,33,106.8,81.5,49.5,37.1,41.9,22.8,42.1,175.3,69.2,154.8,65.7,85.8,76.9
7/7/19 21:45,FRC1,203,33,203,33,107.6,82.3,49.5,45,43.7,22.2,42.1,125.7,46.8,137.1,76.3,85,74.9
7/7/19 22:00,FRC1,203,33,203,33,128.8,91.8,43.5,42.7,54.8,20.9,38.9,95.4,77.3,134.8,86.9,85.9,66.5
7/7/19 22:15,FRC1,203,33,203,33,149.6,93.4,41,42.4,65.6,21.3,32.7,97,66.1,122.9,91.6,100.4,58.7
7/7/19 22:30,FRC1,203,33,203,33,149.5,96.9,38.5,46.3,41.9,21.6,27.8,88.2,68.4,108,99.7,123.2,52.5
7/7/19 22:45,FRC1,203,33,203,33,143.6,99.7,52.5,53.5,35.2,20.2,30.6,78.7,91.9,103.9,115.1,130.9,66.9
7/7/19 23:00,FRC1,203,33,203,33,137.9,100.3,50.5,58.1,27.1,22.3,29.4,74.8,68.8,107.6,104.2,136.1,56.8
7/7/19 23:15,FRC1,203,33,203,33,141,103.1,111.4,58.7,32.6,23.5,29.4,72.3,74.7,155.8,112.1,136.3,48.1
7/7/19 23:30,FRC1,203,33,203,33,119.7,110.6,163,50.2,50.9,23.8,27.4,91.3,79.3,159,106.4,146.2,58.1
7/7/19 23:45,FRC1,203,33,203,33,92.7,113.6,198.6,68.7,68.4,31.3,25.5,96.4,120,155.4,101.4,149.7,74.8
8/7/19 0:00,FRC1,203,33,203,33,85.6,113.7,202,77,83,NaN,24.7,99.7,184.8,154.5,69.4,153.7,62
8/7/19 0:15,FRC1,203,33,203,33,65.9,108.7,173,64.2,80.9,42.1,25.3,99.6,151.8,154.1,46.6,187.9,61
8/7/19 0:30,FRC1,203,33,203,33,55.4,105.9,174.9,50,68.1,44.1,24.8,113,106.4,156.4,50.1,176.9,51.9
8/7/19 0:45,FRC1,203,33,203,33,52.4,101,147.7,64.1,70.9,45,18,108.8,67.3,184,25.9,154,41.4
8/7/19 1:00,FRC1,203,33,203,33,51.7,96.4,117.9,47.5,71.2,51.4,15.1,115.8,50.7,303.4,23.5,149.4,40.7
8/7/19 1:15,FRC1,203,33,203,33,54.8,87.2,137.5,24.9,48.7,50.9,16.8,121.7,94.1,285.6,23.6,84.6,76.4
8/7/19 1:30,FRC1,203,33,203,33,57.7,74.8,134.7,19.5,44.2,42.4,18.2,106.5,108.6,201.7,25,81.5,130.7
8/7/19 1:45,FRC1,209,32,209,32,NaN,NaN,NaN,NaN,NaN,NaN,NaN,NaN,NaN,NaN,NaN,NaN,NaN
8/7/19 2:00,FRC1,209,32,209,32,NaN,NaN,NaN,NaN,NaN,NaN,NaN,NaN,NaN,NaN,NaN,NaN,NaN
8/7/19 2:15,FRC1,209,32,209,32,NaN,NaN,NaN,NaN,NaN,NaN,NaN,NaN,NaN,NaN,NaN,NaN,NaN
8/7/19 2:30,FRC1,209,32,291,23,68.2,57.3,118.5,36.6,98,27.7,17,69.5,116.3,103.1,22.6,160.2,77.5
8/7/19 2:45,FRC1,209,32,209,32,72.3,55.6,169.9,47.1,83.3,28.8,17.7,45.9,100.6,86.5,22.7,175.1,83.7
8/7/19 3:00,FRC1,209,32,209,32,70.3,52.1,113.3,40.8,81.5,26.7,18.3,42.1,78.6,83.2,32.8,176.2,67.2
8/7/19 3:15,FRC1,209,32,209,32,64.5,53.9,88.1,47.6,73.9,24.2,18.5,43.8,64,80,49.4,177.1,93.9
8/7/19 3:30,FRC1,209,32,209,32,56.7,58.3,77.2,46.9,59.6,24.6,19.3,44.9,77.9,75.9,58,159.9,99.4
8/7/19 3:45,FRC1,209,32,209,32,57.6,52.1,70.6,44.2,61.1,26.2,20.9,43.2,96.7,60,70.1,151.8,97.6
8/7/19 4:00,FRC1,209,32,209,32,67.8,38.1,61.2,47.6,59.3,22.5,24,40,144.4,56.1,99.8,147.3,82.5
8/7/19 4:15,FRC1,209,32,209,32,89.4,35.9,63.2,37.7,51.7,20.6,26.9,40.5,164.8,56.9,92.1,115.4,62.4
8/7/19 4:30,FRC1,209,32,209,32,84.4,NaN,92.5,31.2,51.4,19.4,27.4,57.3,156,57.2,69.8,109.5,54.1
8/7/19 4:45,FRC1,209,32,209,32,68.4,35.5,91.8,45.5,52.9,21.2,28.8,61.7,151.1,57.4,79.3,96.2,48.6
8/7/19 5:00,FRC1,209,32,209,32,64.3,37,79.3,40.3,48.1,33.7,30.6,61.8,125.4,57,82.4,74.9,83.4
8/7/19 5:15,FRC1,209,32,209,32,91.3,38,67.9,49.5,23.8,33.8,43.9,59.2,105.3,56.1,90.1,59.6,62.1
8/7/19 5:30,FRC1,0.0,0.0,0.0,0.0,90,37.2,74.5,60.8,26.3,44.8,52.4,61.1,80.9,54.1,73,41.4,52.4
8/7/19 5:45,FRC1,0.0,0.0,0.0,0.0,93.6,35.1,67.3,52.7,27.5,41.8,56.3,77.2,65.4,49.9,72.7,32.8,48.9
8/7/19 6:00,FRC1,0.0,0.0,0.0,0.0,94.1,33.7,60.7,55.4,29.7,41.1,67.7,79,55.6,NaN,92,33.9,44.8
8/7/19 6:15,FRC1,0.0,0.0,0.0,0.0,100.3,33.6,83.2,47,31.2,43.8,75.5,70.2,49.4,NaN,105.7,35.6,35.6
8/7/19 6:30,FRC1,0.0,0.0,0.0,0.0,106.7,34.9,109,49.6,38.4,47.7,82.9,50.5,50.4,NaN,95.9,35.5,39.4
8/7/19 6:45,FRC1,0.0,0.0,0.0,0.0,112.8,37.6,107,49,42.8,68.5,85.3,68.7,53.2,NaN,78.4,35.7,38.7
8/7/19 7:00,FRC1,0.0,0.0,0.0,0.0,122.5,38.9,89.8,32,41.8,79.7,53.6,65.7,53.4,NaN,49.8,37.8,36
8/7/19 7:15,FRC1,0.0,0.0,0.0,0.0,126.6,37.5,91.6,44,36.4,82.5,65,57.6,56,NaN,43.1,41.9,33.8
8/7/19 7:30,FRC1,0.0,0.0,0.0,0.0,128.7,39.1,118.5,37.1,35.1,82.6,71.9,54.3,64.5,NaN,63.8,47.7,31.5
8/7/19 7:45,FRC1,0.0,0.0,0.0,0.0,105.3,40.3,138.8,41.4,33.6,71.1,67.7,59.4,76.3,NaN,51.6,54.4,28.8
8/7/19 8:00,FRC1,0.0,0.0,0.0,0.0,102.8,40.2,90.3,38.7,33.1,68.5,59.9,63.5,75.8,NaN,46.3,43.4,26.9
8/7/19 8:15,FRC1,0.0,0.0,0.0,0.0,110.5,39.9,58.5,32.2,44.7,57.5,56.3,58.1,71.7,NaN,43.9,31.6,26.2
8/7/19 8:30,FRC1,0.0,0.0,0.0,0.0,119.4,37.7,53.1,40.2,37.6,31.9,34.4,50.3,59,NaN,43.8,28.3,26.9
8/7/19 8:45,FRC1,0.0,0.0,0.0,0.0,81.8,32.1,44.4,35,31.7,30.6,33.4,37.4,49,NaN,41.6,27.2,26.4
8/7/19 9:00,FRC1,0.0,0.0,0.0,0.0,49.3,25.9,35.5,30.7,25.5,33.7,30.9,36,44.9,NaN,41.5,26,25.4
8/7/19 9:15,FRC1,0.0,0.0,0.0,0.0,41.6,23.5,25.8,25.9,23.9,35.2,23.3,34.1,40.1,NaN,38.5,25.2,30.1
8/7/19 9:30,FRC1,0.0,0.0,0.0,0.0,45.1,23.3,28.1,26.3,23.5,35.7,25.4,28.9,37.4,NaN,37.1,24.6,29.4
8/7/19 9:45,FRC1,0.0,0.0,0.0,0.0,41.6,23.8,28.5,24.4,19.3,NaN,23,18.9,35.1,26.6,35,21.8,25.2
8/7/19 10:00,FRC1,0.0,0.0,0.0,0.0,40.5,24.4,28.2,28.1,17.8,36.3,19.8,16.4,29.9,24.8,32.3,20,21.1
8/7/19 10:15,FRC1,0.0,0.0,0.0,0.0,30.4,25.5,25,27.7,18.2,37.4,17.8,12.8,23.5,23.7,29.2,18.4,19.3
8/7/19 10:30,FRC1,0.0,0.0,0.0,0.0,23.4,21.9,23.3,24.8,19.3,38.4,15.5,10.9,18.1,21.3,26.4,17.1,18.9
8/7/19 10:45,FRC1,0.0,0.0,0.0,0.0,20.5,19.6,21.5,20.4,19.6,39.1,16.1,11.3,16,18.7,17.7,14.6,16.5
8/7/19 11:00,FRC1,0.0,0.0,0.0,0.0,21.8,17.7,18.6,17.2,19.1,39.3,16.2,11.1,15.3,16.1,11.8,12.9,14.7
8/7/19 11:15,FRC1,0.0,0.0,0.0,0.0,22.7,15.6,16.8,18.6,19,39.3,17.2,10.7,15.2,13.6,11.2,11.6,14.2
8/7/19 11:30,FRC1,0.0,0.0,0.0,0.0,24,15.3,15.1,16,19,39.2,15.2,10.8,14.2,13.7,11.8,11.1,13.9
8/7/19 11:45,FRC1,209,32,515,13,24.6,15.1,14.7,17.6,17.8,38.8,16.1,12.2,14.2,13.9,11.9,11.4,13.5
8/7/19 12:00,FRC1,216,31,609,11,23.4,15.4,14.1,17.7,16.3,35.9,14.8,12.9,14,16,11.8,12.7,15.4
8/7/19 12:15,FRC1,209,32,558,12,20.5,15.3,13.9,17,16.1,31.5,15,12.4,14,18.4,11.5,12.1,14.1
8/7/19 12:30,FRC1,0.0,0.0,0.0,0.0,18.1,14.2,13.5,15.4,21.7,29.4,15.4,12.9,13.6,16.9,11.2,11.8,12.8
8/7/19 12:45,FRC1,0.0,0.0,0.0,0.0,16.9,13.9,14.6,15.7,19.7,25.7,14.1,12.9,14.2,15.2,11.3,11.2,11.9
8/7/19 13:00,FRC1,209,32,1117,6,15.2,14.1,14.6,14.5,18.1,22.1,13.3,12.6,13.8,13.2,11.2,10.7,10.9
8/7/19 13:15,FRC1,203,33,515,13,14.2,14.5,14.9,12.8,16.4,22.8,12.7,10.6,13.2,12.6,10.2,10.6,10.3
8/7/19 13:30,FRC1,216,31,744,9,13.4,14.7,14.7,12.7,16,22.7,13.3,11.4,12.5,12.6,10.6,9.6,10.3
8/7/19 13:45,FRC1,209,32,558,12,13.3,14.5,14.3,13.9,15.4,24.5,13.6,11.5,14.1,11.9,10.4,9.7,12.4
8/7/19 14:00,FRC1,209,32,515,13,13.4,15.3,14,13.7,16,25.8,12.8,13.9,17.7,15,11.7,11.5,13.4
8/7/19 14:15,FRC1,209,32,446,15,14.7,15.2,14.8,13.3,17.9,25.1,12.4,15.2,12.6,17,11.6,10.8,11.1
8/7/19 14:30,FRC1,209,32,670,10,15.6,13.7,15,12.3,19.2,22.1,12.9,16.7,15.2,11.5,12.4,10.9,10.7
8/7/19 14:45,FRC1,203,33,558,12,16.1,12.9,15.3,12.3,18.7,21.3,14.1,15.4,15.6,14.7,14.5,10.8,10.6
8/7/19 15:00,FRC1,209,32,558,12,16.2,12.7,15.7,12.6,19.3,20.7,14.2,14.5,18.8,14.8,15.3,10.6,11.1
8/7/19 15:15,FRC1,203,33,609,11,14.9,12.7,16.2,12.3,20.5,19.9,14.1,14.1,14.8,16.6,18.6,9.3,10.5
8/7/19 15:30,FRC1,209,32,372,18,14.6,12.9,15.8,12.3,19.5,17.9,13,15.7,15,22.1,14.2,10,10.2
8/7/19 15:45,FRC1,203,33,335,20,16.1,12.8,16.3,14.6,19.9,16.7,14.2,17.5,14.5,26.3,14.7,10.1,9.8
8/7/19 16:00,FRC1,203,33,335,20,15,13.2,17,15.4,19.2,15.3,14.5,20.9,19,16.7,16.2,9.8,10.5
8/7/19 16:15,FRC1,203,33,352,19,15.3,13.4,17,14.4,17.3,14.5,16.7,19.5,19.5,20.8,17,10.3,9.8
8/7/19 16:30,FRC1,203,33,372,18,14.9,13.7,18,13.6,17.5,15.4,17.8,20.8,18.4,18,16.5,12,11.4
8/7/19 16:45,FRC1,209,32,394,17,15.8,13.4,19.3,14,21.3,14.2,16.9,21,21.9,23.5,18.2,12.9,11.9
8/7/19 17:00,FRC1,203,33,352,19,17,14.3,20.5,15.2,19.5,14.6,16.2,19.3,25.6,24.1,19.6,13.5,12.6
8/7/19 17:15,FRC1,197,34,446,15,17.3,18.2,24.9,14.8,20.4,15.5,18.2,27.7,33.9,24.6,19.4,15,14.9
8/7/19 17:30,FRC1,209,32,394,17,17,28,21.5,16,22.6,15.6,21.7,31.4,49.2,32.9,10.2,16.4,20.4
8/7/19 17:45,FRC1,203,33,335,20,20.2,32.1,23.9,16.7,25,16.4,29.6,31,72,29.4,10.4,20.7,23.6
8/7/19 18:00,FRC1,203,33,304,22,27.8,38.6,31.2,17,26.2,17.7,29.2,NaN,53.2,30.9,11.2,28,29.9
8/7/19 18:15,FRC1,209,32,268,25,37.9,42.6,35.9,18.1,27.7,20.4,27.6,47.5,47.7,35.4,12.6,29.1,27.6
8/7/19 18:30,FRC1,203,33,335,20,38.2,35.5,44.2,18.5,28.8,21.4,34.5,60.2,45.9,44.9,12.7,28.4,36.8
8/7/19 18:45,FRC1,203,33,446,15,34.3,39.2,64.6,19,29.1,22.5,42.1,78.5,51.7,63.1,13,33.1,48.6
8/7/19 19:00,FRC1,203,33,394,17,42,48.8,81.5,20.1,43.4,31.5,50.2,81.2,63,89.1,14.5,38.6,49.9
8/7/19 19:15,FRC1,203,33,372,18,48.2,50.1,61.1,23,48.8,31.8,59.5,92.3,69.1,96.5,15.3,37.6,62.1
8/7/19 19:30,FRC1,203,33,352,19,58.6,37.6,49.4,23.3,34.8,31.9,65.7,110.2,92.2,96,17.1,33.7,58.2
8/7/19 19:45,FRC1,203,33,515,13,57.9,40.7,50.8,24.1,31.8,33.2,72.1,110.1,140.2,110.9,23.2,39.1,52.7
8/7/19 20:00,FRC1,203,33,446,15,41.9,79.4,59.9,26.4,38,31,91.6,109.5,169.4,114.2,31.6,47.5,50.6
8/7/19 20:15,FRC1,203,33,394,17,40.3,74,69.3,29.7,42.5,34.5,92,120.9,128.4,109.5,25.8,59.3,74.7
8/7/19 20:30,FRC1,203,33,372,18,45.1,74.6,82.9,28.7,52.1,41.8,97.3,100.8,112.5,98.3,12.3,63.3,89.7
8/7/19 20:45,FRC1,203,33,291,23,45,78.2,94.4,30.8,49.1,39.7,101.6,82.6,109,100.3,13.6,64.5,79.4
8/7/19 21:00,FRC1,203,33,304,22,27.4,80,94.3,34.3,43.7,31.7,103.2,71.3,111.8,116.2,14.4,53.9,76.7
8/7/19 21:15,FRC1,209,32,335,20,20.9,69,93.8,37.6,43.1,36.7,105.1,73.8,137.8,128.7,13.6,46.5,80.3
8/7/19 21:30,FRC1,203,33,304,22,19,44,102.4,41.7,45,36.5,107.8,114.8,224.3,156.7,11.9,43.6,87.5
8/7/19 21:45,FRC1,209,32,268,25,20.7,32.6,95.8,51.3,49.8,38.2,136.8,107.8,232.1,166.9,12,42.5,87.9
8/7/19 22:00,FRC1,203,33,257,26,23.1,30.8,107.1,58.2,55.5,40.5,189.5,100.3,111.3,156.5,11.2,37.9,86.3
8/7/19 22:15,FRC1,203,33,319,21,32.4,29,123.1,60.5,102.1,46.2,228.5,94.9,72,149.5,12.5,35.7,88.7
8/7/19 22:30,FRC1,209,32,209,32,33.1,29,127.8,63.3,79.6,51.7,246.8,92,67.5,147.9,30.6,36.5,89
8/7/19 22:45,FRC1,203,33,203,33,26.6,24.7,141.9,80.6,40.5,42.2,263,127.1,72.8,162.1,34,38.3,98.4
8/7/19 23:00,FRC1,209,32,209,32,29.8,23.6,158,79,48.4,42.9,236.6,132.3,79.7,148.6,22.8,39.9,121.8
8/7/19 23:15,FRC1,209,32,209,32,37.1,21.3,171.8,88.9,62.6,49.9,217,133.2,79.3,146.5,17.5,42.6,189.1
8/7/19 23:30,FRC1,209,32,419,16,48.9,20.5,204.3,108.6,115.7,51.7,117.2,141.8,62.5,133.2,9.8,48.2,229.5
8/7/19 23:45,FRC1,203,33,203,33,36.3,21.1,167.4,72.7,124.2,46.2,93.8,153.9,53.9,132.3,11,60.3,218.6
9/7/19 0:00,FRC1,203,33,203,33,55.3,22.2,142.2,76.2,129.5,64.2,28,152,51.6,106.8,22.5,71.2,187.5
9/7/19 0:15,FRC1,203,33,203,33,78,21.3,117.3,82.9,165.6,64.7,24.8,185.3,45.2,94.2,52.4,93.8,189.2
9/7/19 0:30,FRC1,203,33,203,33,72.5,19.1,130.5,86.4,152.1,86.4,29.3,252.3,40.4,83.8,69.7,86.3,235
9/7/19 0:45,FRC1,203,33,203,33,64.6,17.6,141.2,83.7,165.6,71,19.9,264.5,34.2,68.7,67.8,69.9,210.7
9/7/19 1:00,FRC1,203,33,203,33,50.7,16.2,147.6,81.5,187.4,67.3,19.7,266.8,30.6,63.9,36.3,76.9,204.5
9/7/19 1:15,FRC1,203,33,203,33,46.4,16,135.9,70,140.9,68.4,22,290.1,27.9,64.1,40.2,76.2,213.1
9/7/19 1:30,FRC1,203,33,203,33,69.8,15.9,127.3,58.9,140.9,62.4,17.8,277.9,28.2,81.8,23.4,52.9,194.8
9/7/19 1:45,FRC1,209,32,209,32,NaN,NaN,NaN,NaN,NaN,NaN,NaN,NaN,NaN,NaN,NaN,NaN,NaN
9/7/19 2:00,FRC1,209,32,209,32,NaN,NaN,NaN,NaN,NaN,NaN,NaN,NaN,NaN,NaN,NaN,NaN,NaN
9/7/19 2:15,FRC1,203,33,257,26,NaN,NaN,NaN,NaN,NaN,NaN,NaN,NaN,NaN,NaN,NaN,NaN,NaN
9/7/19 2:30,FRC1,203,33,268,25,69.7,17.5,160.8,54.1,120.9,53.3,21.4,252,28.9,137.9,25.5,30.4,213.6
9/7/19 2:45,FRC1,203,33,257,26,72.6,18.2,168.6,66,97.3,53.1,19.9,230.3,28.9,160.2,19.5,34.7,183.1
9/7/19 3:00,FRC1,209,32,209,32,81.2,18.8,173.8,60.3,90.3,50.4,14.6,207.5,44.4,174.6,13.4,37.8,172.8
9/7/19 3:15,FRC1,209,32,209,32,87.5,20.5,173.4,57.5,75.5,53.3,15.6,230.1,55.1,175.8,21.3,36.5,159.2
9/7/19 3:30,FRC1,209,32,209,32,88,21.7,165.7,54.8,74,52.6,15,232.4,32,134.6,45.1,35.3,137
9/7/19 3:45,FRC1,209,32,209,32,104.6,20.7,139,54.4,68.2,57.2,20.5,193,32.8,81.1,30.3,34.2,138.8
9/7/19 4:00,FRC1,209,32,209,32,103.4,21.4,132.7,35.4,76.2,68.1,13.6,143.4,37.6,65.5,16.9,34.8,126.5
9/7/19 4:15,FRC1,209,32,209,32,120.9,20.9,95,36.2,76.4,56.8,12.8,105.9,38.5,64.9,16.7,33.7,117.8
9/7/19 4:30,FRC1,209,32,209,32,121.9,20.5,72.3,64.3,78.9,64.3,18.6,92.4,40.6,64.7,13,33.7,130.5
9/7/19 4:45,FRC1,209,32,209,32,94.2,20.3,72.3,57.7,87.2,75.1,21.1,93.4,50,67.8,13,30.6,127.4
9/7/19 5:00,FRC1,209,32,209,32,74.6,21.2,103.7,63.1,98.2,58.8,11.2,117.3,45.2,66.3,13.2,29.1,124.1
9/7/19 5:15,FRC1,209,32,209,32,50.2,21.3,100.6,80,94.3,56.8,11.4,118.7,44.3,60.7,15.1,31.5,76.8
9/7/19 5:30,FRC1,209,32,209,32,36,21.6,173.8,87.4,93.1,46.9,21.4,139.5,53.7,55.7,15.8,33.3,70.6
9/7/19 5:45,FRC1,209,32,209,32,41.5,21.7,176.9,80.1,81,49.2,22.1,137.7,59.3,56.1,19.3,32.3,78.1
9/7/19 6:00,FRC1,209,32,209,32,40.9,22.7,150.2,96.6,131.8,52,17.5,107.1,64.9,57.3,32.8,33.4,77.4
9/7/19 6:15,FRC1,209,32,209,32,60.2,27.1,140,82.2,162.7,53.5,17,109.5,69.2,57.5,33.3,41.7,66
9/7/19 6:30,FRC1,209,32,209,32,76.5,31.2,120.6,64.8,159.8,52.2,17.1,101.9,71.8,61.8,31.8,59.7,53.2
9/7/19 6:45,FRC1,209,32,209,32,49,33.5,80.4,99.5,130.7,50.7,17.4,92.2,74.4,65.8,29.6,49,50.8
9/7/19 7:00,FRC1,209,32,209,32,47.9,41.1,73.8,92.5,128.7,52,18.6,72.9,77.7,67.3,29.2,43.1,49.8
9/7/19 7:15,FRC1,209,32,209,32,58.1,41.3,76.1,70,111.2,44.7,23.1,97.2,83.2,68.2,37.3,42.7,47.2
9/7/19 7:30,FRC1,209,32,209,32,50.4,37.6,77.3,63.1,117.2,39.7,19.8,135.8,69.8,72,49.3,42,46.9
9/7/19 7:45,FRC1,209,32,209,32,58.3,26.9,71,57.4,70.7,41.1,16.5,111.9,50.9,57.1,37.6,34.5,44.1
9/7/19 8:00,FRC1,209,32,209,32,47.2,22.1,58.2,52.9,54.3,54.3,17.1,87.4,50.8,41.8,31.4,28.2,39.6
9/7/19 8:15,FRC1,209,32,304,22,39.8,21.3,59.2,51.9,49,30.6,15.9,91.8,51.9,28.9,31,31.2,37.4
9/7/19 8:30,FRC1,203,33,279,24,37.2,21.7,60.8,45.4,42.3,27.4,15.8,81.9,37.1,23.3,29.5,36.4,41
9/7/19 8:45,FRC1,203,33,446,15,36.1,20.1,59.5,38.7,40.3,31.6,16.6,77.3,35.5,22.6,25.4,35.2,33.4
9/7/19 9:00,FRC1,209,32,279,24,36.3,20.5,48.5,31.1,39.8,37,16.6,68.9,37.5,20.7,19.1,29.2,22.9
9/7/19 9:15,FRC1,0.0,0.0,0.0,0.0,33.3,19.3,37.4,27.9,38.9,36,16,54.9,36.5,16.8,17.2,24.1,23
9/7/19 9:30,FRC1,0.0,0.0,0.0,0.0,31.3,18.6,32.1,26.4,59.4,36,16.1,37.2,29.6,16.8,14.9,22.1,19.6
9/7/19 9:45,FRC1,0.0,0.0,0.0,0.0,29,NaN,30.3,23.8,64.5,34.4,15.2,26.7,21.4,13.5,14.1,20.5,17.7
9/7/19 10:00,FRC1,0.0,0.0,0.0,0.0,26.9,NaN,28.8,22.9,44.2,31.6,15.3,23.3,38.8,12.2,13.3,20,16.1
9/7/19 10:15,FRC1,0.0,0.0,0.0,0.0,25.2,NaN,26.3,21.2,28.8,29.5,15.6,16.7,35.8,14.2,12.8,19.2,13.7
9/7/19 10:30,FRC1,0.0,0.0,0.0,0.0,24.3,15.1,22.5,20,34.5,28.1,13.9,17.1,26.3,13.5,12.1,18.7,14
9/7/19 10:45,FRC1,0.0,0.0,0.0,0.0,22.3,14.5,20.8,19.6,34.8,26.4,14.6,13.9,24.6,12.9,11,17.2,12.9
9/7/19 11:00,FRC1,0.0,0.0,0.0,0.0,19.2,15,20.6,17.4,30.7,24.2,14.2,14.8,24,12.4,10.1,15.7,14
9/7/19 11:15,FRC1,0.0,0.0,0.0,0.0,17.8,15,20.6,16.6,25.1,22.2,14.4,NaN,19,11.1,9.1,13.3,12.7
9/7/19 11:30,FRC1,0.0,0.0,0.0,0.0,16.9,14.7,19.8,16.1,19.1,20.2,14.7,15.7,12.3,12.2,10.1,11.3,12.2
9/7/19 11:45,FRC1,0.0,0.0,0.0,0.0,17.9,13.9,21.3,15.8,17.3,19.3,15.5,14.5,12.5,11.7,9.9,10,11.6
9/7/19 12:00,FRC1,0.0,0.0,0.0,0.0,19.5,13.6,22.5,16.3,16.5,19.7,16,15,12.2,12.6,9.3,10.1,11.6
9/7/19 12:15,FRC1,0.0,0.0,0.0,0.0,19.2,14,22.3,15.9,17.4,19.3,17.8,14.5,11.4,13.5,8.3,10.2,11.4
9/7/19 12:30,FRC1,203,33,352,19,18.9,13.8,19.6,15.1,18,17.2,16.1,13.9,10.8,13.6,8.2,9.6,12.2
9/7/19 12:45,FRC1,209,32,335,20,17.5,12.9,17.6,15.1,17.7,15.5,17.1,13.3,10.6,12.8,7.7,8.8,12.3
9/7/19 13:00,FRC1,203,33,515,13,16.1,11.9,16.5,14.8,17.9,14.2,17.1,13.7,10.8,12,8,8.3,11.5
9/7/19 13:15,FRC1,209,32,419,16,14.9,12.1,15.7,13.2,18.1,14.6,18.1,12.2,11.2,12.3,7.7,9.2,11.2
9/7/19 13:30,FRC1,197,34,515,13,14.5,12.7,15.9,13.5,17.5,14.9,19,12.7,11.5,12.1,7.6,9.5,11.4
9/7/19 13:45,FRC1,203,33,394,17,14,12.1,15.1,12.3,16.5,16.1,21,12.6,10.6,13.3,7.6,9.2,12.2
9/7/19 14:00,FRC1,209,32,515,13,14.5,11.6,15,15.9,16.3,15.6,19.7,14.4,9.6,16.7,9.5,10,14.4
9/7/19 14:15,FRC1,203,33,319,21,14.7,12.4,15,17.7,16.4,15.5,17.9,18.7,10.5,23.4,10,10.1,15.9
9/7/19 14:30,FRC1,203,33,291,23,15,15.2,14.6,16.3,15.4,16.6,17.6,20.4,11.9,21,9.6,9,15.3
9/7/19 14:45,FRC1,203,33,319,21,15.1,15.3,14.7,16.9,16.2,12.9,17.7,17.1,13.6,16.3,9.5,8.9,14
9/7/19 15:00,FRC1,209,32,319,21,15.2,16,15.6,16.6,16.4,14.3,17.3,20.1,13.2,15.7,8.2,9.4,12.1
9/7/19 15:15,FRC1,203,33,372,18,56.7,21.6,14.8,16.8,15.9,15.1,18.3,15,11.4,15.1,7.8,9.4,12.9
9/7/19 15:30,FRC1,209,32,394,17,29.3,24.7,14.8,17.1,16.7,14.4,19.3,15.5,10.8,15.2,8.3,9.3,13.1
9/7/19 15:45,FRC1,209,32,335,20,17,25.2,15.2,17.4,17.6,13.4,18.1,15.9,10.3,17.3,10.7,8.5,13.2
9/7/19 16:00,FRC1,203,33,291,23,17.4,22.3,15.6,16.5,18.4,14.9,17.9,19.2,10.7,17.1,10.9,8.4,13.5
9/7/19 16:15,FRC1,209,32,419,16,17.3,24.5,16.4,17.8,15.5,15.1,16.8,22.4,12.9,19.1,9.4,10.6,12.6
9/7/19 16:30,FRC1,209,32,319,21,16.5,26.9,17.4,21.1,17.9,15.3,16.4,20.6,13.7,20.6,9.5,15.1,13.7
9/7/19 16:45,FRC1,209,32,291,23,17.5,25.8,18.3,21.2,19.6,15.5,16.5,21.7,17.7,20.7,11,15.2,16.5
9/7/19 17:00,FRC1,203,33,335,20,18.6,24.5,19.8,22.5,20.6,16.3,16.6,20,21.7,23.5,12.8,17.4,16.2
9/7/19 17:15,FRC1,209,32,319,21,NaN,28.4,19.6,18.5,19.3,16.4,16.8,26.7,20.5,27,9.4,17.1,17.1
9/7/19 17:30,FRC1,209,32,372,18,NaN,27.6,19.9,21.1,19.1,17.8,17,33.8,23.6,29.4,12.5,19.6,25.8
9/7/19 17:45,FRC1,203,33,335,20,NaN,25.7,25.6,27.3,18.7,20.2,15.5,32.2,30.3,31.6,12.7,23.9,29.2
9/7/19 18:00,FRC1,209,32,372,18,34.5,25.9,38.8,26.9,24.4,23.9,14.8,29.6,56.6,49.2,16.6,27.5,30.9
9/7/19 18:15,FRC1,209,32,335,20,39.4,26.4,41.8,30,28.2,29.1,14.7,31.1,38.6,67.8,16.6,25.4,38.9
9/7/19 18:30,FRC1,203,33,304,22,39.1,27.6,43.7,37,30.8,34.2,37.3,47,29.3,76.9,15.6,27.1,44.7
9/7/19 18:45,FRC1,203,33,335,20,38.6,27,68.8,42.9,43.1,43.2,41.2,47.4,38.2,87.4,20.9,25.3,48.2
9/7/19 19:00,FRC1,203,33,352,19,41.5,28.6,115.7,50.3,41.4,51,34.6,78.6,43.2,78.7,24,22.4,59.6
9/7/19 19:15,FRC1,203,33,352,19,44.1,35.6,98.8,55.6,44.4,56.5,34.1,84.6,42.1,83.2,29.6,22.9,105.8
9/7/19 19:30,FRC1,203,33,319,21,46,32.6,80,71.2,45,89.8,37.4,101.7,46.1,89.8,33.5,23.4,87.6
9/7/19 19:45,FRC1,203,33,319,21,49,33.9,81.7,76.9,49.3,104.3,37.3,137.7,48.5,133.1,35.1,27.2,83.5
9/7/19 20:00,FRC1,203,33,335,20,75.7,33.7,129.2,62.5,77.5,105.6,16.9,95.7,57.2,125.4,41.4,34.2,94.2
9/7/19 20:15,FRC1,209,32,352,19,82.1,37.1,145.7,48.9,93.9,99.7,16.8,99.1,29.1,122.3,49.5,33.3,93.3
9/7/19 20:30,FRC1,203,33,352,19,80.5,35.3,153,50.8,88.3,84.7,15.4,71.5,25.5,123.4,42.7,32.3,92.8
9/7/19 20:45,FRC1,209,32,304,22,69.7,36.6,124.9,62.8,76.7,79,13.4,63.1,30,125.8,34,31,91.3
9/7/19 21:00,FRC1,203,33,291,23,70.2,39.9,134.4,72.8,63,74.6,12,62.3,NaN,126.2,32.7,28.6,89.4
9/7/19 21:15,FRC1,203,33,279,24,78,40.2,134.9,62,64.5,91.1,10.4,58.4,31.8,126.2,50.8,27.8,86.5
9/7/19 21:30,FRC1,209,32,291,23,98.7,36.1,142.7,67.4,67.4,98,9.6,58.7,30.5,128.2,81.8,27.5,83.6
9/7/19 21:45,FRC1,203,33,257,26,102.4,33.7,160.3,84.9,74,81.7,10.2,56.8,31.9,148.9,106.2,26.7,90.4
9/7/19 22:00,FRC1,209,32,257,26,123.7,31.8,162.1,92.6,81.6,87.4,10.3,53.4,33.3,193.9,98,26.7,104.9
9/7/19 22:15,FRC1,209,32,209,32,132.8,32.2,152.9,108.2,135.2,87.8,12.5,55.6,35.1,187.3,96.8,24.8,120.2
9/7/19 22:30,FRC1,203,33,203,33,149.7,32.2,138.2,155.2,140.1,95.6,17.6,56.6,37.9,173,79.3,22.4,122.3
9/7/19 22:45,FRC1,203,33,203,33,160.6,31.4,132.1,170.1,119.7,97,12.5,55.1,44.8,153.9,74.9,22.7,136.9
9/7/19 23:00,FRC1,203,33,203,33,163.4,34.2,133.7,139.7,71.5,69.5,11.8,44.8,52.1,149.3,79.7,26,166.1
9/7/19 23:15,FRC1,203,33,203,33,168.1,36.4,133.1,139.9,48.1,70.8,11.7,34.9,68.9,153.9,87.5,41.7,135.9
9/7/19 23:30,FRC1,203,33,203,33,164.4,34.5,135.4,113.2,51.9,87.6,11.4,33.4,76.3,152.7,79.1,37.3,127.4
9/7/19 23:45,FRC1,203,33,203,33,166.8,37,134.7,119.3,64.9,130.4,NaN,30.6,58.9,226.7,80.6,22.4,126.1
10/7/19 0:00,FRC1,203,33,203,33,156.9,33,136.5,78.9,67.8,145.4,8.5,29.7,57.4,225.9,91.8,19.3,111.2
10/7/19 0:15,FRC1,203,33,203,33,170.4,29.4,138.1,129,43.3,147.1,8,29.5,35.8,322.8,92.4,19,126.3
10/7/19 0:30,FRC1,203,33,203,33,164.8,29.4,143.2,102.8,37.9,146.7,7.5,30.1,26.8,332,86.6,18.7,144.9
10/7/19 0:45,FRC1,203,33,203,33,159.2,30.5,149,103.7,39.5,123.7,7.7,29.3,24.1,313.9,71.9,19.8,185.1
10/7/19 1:00,FRC1,203,33,203,33,143.8,37.7,146.1,91.3,37.7,126.6,8,29.2,19.6,319.3,62,19.9,132.1
10/7/19 1:15,FRC1,203,33,203,33,126.8,46.6,149.1,86.4,38.6,141.2,8.9,30.8,18.3,302,61.2,20.9,95
10/7/19 1:30,FRC1,203,33,203,33,97.2,62.5,192.3,130.3,64.1,145.4,9.1,34.9,18.5,270.1,41.6,43.5,46.2
10/7/19 1:45,FRC1,203,33,203,33,NaN,NaN,NaN,NaN,NaN,NaN,NaN,NaN,NaN,NaN,NaN,NaN,NaN
10/7/19 2:00,FRC1,203,33,203,33,NaN,NaN,NaN,NaN,NaN,NaN,NaN,NaN,NaN,NaN,NaN,NaN,NaN
10/7/19 2:15,FRC1,209,32,209,32,NaN,NaN,NaN,NaN,NaN,NaN,NaN,NaN,NaN,NaN,NaN,NaN,NaN
10/7/19 2:30,FRC1,209,32,209,32,114.6,48.5,137.8,118,69.7,58.5,9.8,22,21.5,250.3,23.2,61.8,137
10/7/19 2:45,FRC1,209,32,209,32,104.8,45.7,126.7,128.1,70.7,64.6,8.6,21.9,23.5,246.3,22.3,48.4,137.5
10/7/19 3:00,FRC1,209,32,209,32,100.3,42.4,120.1,131.4,54.6,62.9,7.5,22.4,28,227.1,21.9,35.1,135.5
10/7/19 3:15,FRC1,209,32,209,32,78.6,40.6,113.8,126.1,57.3,59.4,7.5,22.4,30.3,199.2,28.2,36.3,137.6
10/7/19 3:30,FRC1,209,32,209,32,102.5,42.6,102.2,126.5,52.2,68.5,7.2,23.4,30.6,184.9,32.5,36.3,134.3
10/7/19 3:45,FRC1,209,32,209,32,94.3,42.8,81.6,131,47.1,58.4,8.5,26.1,33,146.8,30.8,38.7,113.9
10/7/19 4:00,FRC1,209,32,209,32,45.3,40,53.6,169.7,44.6,53.2,8.6,28.7,35.8,126.5,29.8,33.6,99.6
10/7/19 4:15,FRC1,209,32,209,32,43.6,39.8,47.7,164.3,43.8,54.4,9.8,29.5,42.2,129.8,27.8,22.4,90.1
10/7/19 4:30,FRC1,209,32,209,32,54.9,43.5,45.8,139.1,40.9,53.9,10.4,30.1,86.2,92.4,29.7,21.4,91.2
10/7/19 4:45,FRC1,203,33,279,24,59,44.3,42.8,146.5,39.2,55.7,11.6,28.7,72.3,75.8,35.1,27.4,81.5
10/7/19 5:00,FRC1,203,33,203,33,36.4,45.3,41.3,99.8,34.8,199.3,17.6,22.9,68.9,64.5,45.1,35.3,70.2
10/7/19 5:15,FRC1,203,33,203,33,42.4,41,42.3,73.7,25.4,156.8,22,21.5,41.9,52.5,56.2,34.2,64.6
10/7/19 5:30,FRC1,203,33,203,33,51.7,40.3,43.6,48.7,23.6,81.7,24.1,19.8,25.5,47.8,57.7,26.2,61.1
10/7/19 5:45,FRC1,203,33,203,33,48.1,38.8,43.7,41.8,25.1,65.5,23.6,18.3,24.7,50.4,56.8,27.4,53.4
10/7/19 6:00,FRC1,203,33,203,33,44.4,39.3,41.3,34.4,32.6,108.8,20.3,19.5,24.9,74.5,54.1,29.7,47.8
10/7/19 6:15,FRC1,209,32,257,26,44.7,39.4,38.4,31.8,34.6,134.1,18.9,25.2,25.3,98.2,51.7,28.8,43.7
10/7/19 6:30,FRC1,209,32,209,32,46.7,41.6,37.1,32,34.6,74.9,20.9,26.1,24.7,91.4,52.7,25.6,42.4
10/7/19 6:45,FRC1,209,32,209,32,52.4,43.6,37.6,34.5,38.4,55,21.4,25.8,24.1,75.9,54.7,24.9,40.5
10/7/19 7:00,FRC1,209,32,209,32,56.7,45,40.1,36.7,50,44.6,22.2,27.6,24.1,84,50.7,22.1,38.2
10/7/19 7:15,FRC1,203,33,279,24,56,47.1,43.7,36.3,49.6,35.1,26.1,33.9,24.6,51,62.5,20.6,37.1
10/7/19 7:30,FRC1,209,32,209,32,59.5,48.6,46.5,34.1,51.2,28.5,26.4,30.5,22.2,52,90.5,19.3,36
10/7/19 7:45,FRC1,203,33,279,24,61.1,52,46.1,32.7,52.6,29.3,20.9,30.6,23.6,35.2,58.9,17.7,36.5
10/7/19 8:00,FRC1,209,32,291,23,59.1,51.2,41.9,31.6,46,26.4,17.8,31.2,24.9,22.8,20.6,15.9,33.8
10/7/19 8:15,FRC1,203,33,291,23,58.7,47.4,38.4,30.9,36.5,20.1,17.4,31.6,24.1,23.2,18.1,15.1,30.2
10/7/19 8:30,FRC1,209,32,304,22,58.5,45.5,36.8,30,37.2,19.4,18.9,29.2,25.5,20.5,20.2,15,33.3
10/7/19 8:45,FRC1,203,33,319,21,48.9,46,33.5,29.8,34.5,17.7,16.4,27.4,24.8,18.2,23.4,15.4,43.6
10/7/19 9:00,FRC1,203,33,304,22,42.3,37.6,29.3,29,25.2,18.6,13.3,25.5,28.7,15.2,18.7,16.2,37.9
10/7/19 9:15,FRC1,203,33,291,23,39.9,29.3,26.6,30.7,23.2,19,12.1,23.7,38.8,13.4,13.5,17.5,33
10/7/19 9:30,FRC1,203,33,268,25,36.8,23.2,25.8,29.9,23.1,18.9,11.9,23,33.6,12.9,13.6,18.2,29.3
10/7/19 9:45,FRC1,209,32,304,22,33.2,25.4,24.9,31.6,24,17.1,11.1,22.7,33.4,13.1,12.6,18.8,23.9
10/7/19 10:00,FRC1,203,33,291,23,26.4,26.7,22.4,30.8,23.7,17.1,10.9,22.4,26.9,13.1,13,20.7,21.7
10/7/19 10:15,FRC1,203,33,319,21,25.7,25.4,19.6,28.4,23.7,19.4,11.3,22.3,22.4,14.2,13.9,21.6,19.3
10/7/19 10:30,FRC1,203,33,319,21,24.1,25.4,17.5,26.4,22.6,21.6,11,22.1,20.6,13.9,12.5,19.4,15.8
10/7/19 10:45,FRC1,209,32,394,17,22,24.9,16.1,26.1,21.1,22.4,10.9,20.5,19.8,13,12.3,18.2,12.1
10/7/19 11:00,FRC1,203,33,394,17,19.8,22.9,15.4,24.5,19.2,23.5,10.5,18.9,17.3,13.6,11.4,19.6,10.6
10/7/19 11:15,FRC1,203,33,352,19,19.2,21.9,14.7,23,18.3,23.4,10.1,18.4,16.2,12.7,11.3,18.5,10.8
10/7/19 11:30,FRC1,197,34,478,14,18.7,23.6,14.2,22.3,18.1,23.3,10,17.9,14.1,12.9,11.4,18.3,11.1
10/7/19 11:45,FRC1,203,33,335,20,18.3,18.2,13.6,20.3,16.6,20.3,9.5,17.4,12.5,13.4,10.1,20.2,10.3
10/7/19 12:00,FRC1,203,33,394,17,17.3,17.9,13.3,19.6,15.8,18.2,9.2,16.5,12.8,14.2,10.2,20.3,10
10/7/19 12:15,FRC1,203,33,394,17,18,18,14.4,18.2,14.7,16.8,8.9,15.7,13.1,15.4,9.5,19.6,9.7
10/7/19 12:30,FRC1,203,33,419,16,17.9,17.8,14.5,15.2,14.7,15.6,8.5,14.4,14,16.1,9.2,17,9.3
10/7/19 12:45,FRC1,203,33,419,16,17,21.5,13,15,14,14.9,8.2,14.2,12.7,17.9,9.4,16,10.2
10/7/19 13:00,FRC1,203,33,394,17,15.8,21.4,12.4,15.4,14.3,14.3,8,14.2,12.1,18.1,9.6,15.9,10.3
10/7/19 13:15,FRC1,203,33,394,17,14.9,22.6,11.9,14.8,14.4,14.3,8.1,14.3,12,17.3,9.5,14.9,10.1
10/7/19 13:30,FRC1,209,32,372,18,15.9,25.5,10.9,14.9,14.4,13.5,8.6,15.4,12.3,15.3,8.9,14.6,9.6
10/7/19 13:45,FRC1,203,33,372,18,15.4,34.3,9.8,16,15.6,12.3,8.5,16.9,12.5,15.1,8.6,15.3,11.1
10/7/19 14:00,FRC1,203,33,319,21,15.6,41.9,11.1,16.6,15.4,12.7,8.7,15.7,13.4,16.5,8.9,14.5,12.2
10/7/19 14:15,FRC1,203,33,319,21,16.2,43.1,13,16.2,14.9,13.7,9.1,13.5,13.2,18.4,9.1,13.7,11.8
10/7/19 14:30,FRC1,209,32,394,17,16.5,40.8,17.5,15.1,16.3,12.6,10.5,15.2,12.1,17.7,9.3,13.7,13.9
10/7/19 14:45,FRC1,209,32,394,17,16.5,27.3,16,15.2,15.9,12.6,NaN,15.9,13.7,14.8,10.4,12.5,13.7
10/7/19 15:00,FRC1,203,33,352,19,16.5,28.8,15.8,15.5,14.8,12.9,8.8,15.4,11.7,14.5,11,12.4,14.8
10/7/19 15:15,FRC1,203,33,319,21,16.1,28.6,16.5,16.9,14.2,11.9,9.6,16.1,15.3,14.1,11.1,13.3,15.8
10/7/19 15:30,FRC1,203,33,335,20,15.6,22.1,15.1,18.1,13.9,12.8,10.1,19.7,16.5,14.2,12.2,13.3,15.9
10/7/19 15:45,FRC1,203,33,372,18,16.6,18.1,14.1,19.1,13.8,16,9.9,23.3,16.8,13.7,12.2,11.5,17.2
10/7/19 16:00,FRC1,209,32,335,20,16.1,16.3,14.2,18.5,14.7,13.4,10.5,23.1,NaN,13.2,12.9,12.1,15.2
10/7/19 16:15,FRC1,203,33,304,22,16.1,16.2,18,19.6,14.2,14,11.8,24.5,NaN,13.5,14.2,12.1,15.1
10/7/19 16:30,FRC1,203,33,304,22,16.7,18,24.7,17.6,13.9,13.2,13.1,30.1,NaN,14.7,14.8,12.3,20.5
10/7/19 16:45,FRC1,209,32,335,20,17.2,20.1,20.2,16.5,18.3,14.1,13.8,30.6,NaN,16.5,15.6,11.8,17.9
10/7/19 17:00,FRC1,209,32,304,22,17.6,21.6,19.4,17.2,20.4,16.3,14.5,28.4,NaN,18.8,16.9,12.1,19
10/7/19 17:15,FRC1,203,33,291,23,19,24.1,18.9,21,29,19.9,14.8,35,NaN,21.7,17.2,13.8,24.8
10/7/19 17:30,FRC1,209,32,335,20,20.8,25.6,21,23.5,26,21.6,14.2,33.4,NaN,23.8,19.5,15.3,33.3
10/7/19 17:45,FRC1,203,33,304,22,24.8,26.3,23.8,35.6,24.6,35.6,14.3,37,21.4,25.7,21.9,16.8,40.5
10/7/19 18:00,FRC1,209,32,478,14,32.7,47.9,26.9,55.5,33.8,44.8,15.5,52.3,23.4,31.9,25.3,20.3,40.6
10/7/19 18:15,FRC1,197,34,446,15,42.2,57.3,28.5,50.7,38.5,40.3,16,48.2,23.1,36.9,33.3,22.6,36.4
10/7/19 18:30,FRC1,203,33,291,23,44.6,74.3,34.3,52.1,40.2,43.5,17.4,46,26.3,52.2,45.6,22.9,38.3
10/7/19 18:45,FRC1,203,33,291,23,50.7,84.5,43.8,53.4,44.3,54.7,19.3,64.3,44.2,59.2,71.2,24.5,45.6
10/7/19 19:00,FRC1,203,33,304,22,50,86.2,43.1,59.7,51.7,70.8,19.7,66.5,68.2,67.4,77.7,32.1,72.3
10/7/19 19:15,FRC1,203,33,335,20,58.1,77.1,37.6,76.2,92.8,91.1,19.4,55.8,117.4,78.1,85.3,64.4,70.9
10/7/19 19:30,FRC1,203,33,372,18,67,73.1,39.6,91.2,105.8,74.2,22.8,57.9,133.9,83.9,95.7,67.9,89.5
10/7/19 19:45,FRC1,203,33,372,18,78.4,84.5,42.9,93,100.9,69.6,25.5,59,103.2,75.5,95.4,79.5,61.6
10/7/19 20:00,FRC1,209,32,419,16,88.8,105.9,50.9,98,127.8,77.1,27.1,63.9,99,88.9,82.4,107,69.9
10/7/19 20:15,FRC1,203,33,352,19,100,128,54.1,99.1,123.2,72,22.1,78.6,122.3,98.5,76.4,115.6,84
10/7/19 20:30,FRC1,203,33,394,17,99.1,120.7,47.4,89.8,116.9,69.3,15.3,73.7,81.4,99.6,89,113,82.3
10/7/19 20:45,FRC1,209,32,372,18,84.7,121.3,53.1,104.4,101.8,54.6,15.9,94.2,87.1,95.8,91,110.1,85.7
10/7/19 21:00,FRC1,209,32,372,18,92.7,120.7,58.5,98.8,104.5,46,16.3,62.7,99.6,96.5,98.5,116.5,89.2
10/7/19 21:15,FRC1,203,33,319,21,105.2,154.6,61.6,103.4,118.9,45,16.6,69.6,100.9,90.4,111.3,152.3,93.8
10/7/19 21:30,FRC1,209,32,304,22,126.3,138.9,77.4,104.9,144.1,41.3,16.3,76.9,84.8,91.5,124.9,179.7,91.8
10/7/19 21:45,FRC1,209,32,257,26,144.5,100.1,71,119.8,127.6,37.3,19,66.6,84,104.2,130.6,173.7,93.7
10/7/19 22:00,FRC1,209,32,268,25,146.9,64.4,66.9,135.5,106.1,33.4,27.7,71.8,89,151.3,156.4,167.7,101.1
10/7/19 22:15,FRC1,203,33,279,24,124.1,55.3,70.7,151.1,71.5,30.4,28.3,76.2,100.9,149.2,150.5,163.8,110.8
10/7/19 22:30,FRC1,203,33,203,33,114.7,52.3,74.5,142.7,52.4,29.5,27.4,60.2,120.1,139.3,144.4,164.5,128.4
10/7/19 22:45,FRC1,209,32,209,32,113.2,47.3,87.4,101,53.2,29.2,29.4,44.7,113.8,115.3,138.8,165.7,152.5
10/7/19 23:00,FRC1,209,32,209,32,129.6,45,80.6,93.4,69.6,29.5,24.2,30.4,96.5,118,133,169.7,154.5
10/7/19 23:15,FRC1,209,32,209,32,135.2,62.1,85,104.6,63.8,30.6,19.9,30.6,90.6,116.2,122.8,171.6,162.1
10/7/19 23:30,FRC1,209,32,209,32,147,72.6,111.3,92.8,53.6,30.6,19.7,27.5,90.4,159.3,113.7,181.2,174.8
10/7/19 23:45,FRC1,209,32,209,32,199.6,102.8,88,95.5,49.7,27.7,21.3,24.5,94.7,142.4,105.1,204.6,172.3
11/7/19 0:00,FRC1,209,32,209,32,181,114.4,60.2,101.6,48.2,28.7,20.9,22.8,116.8,143.4,91.9,192.4,180.9
11/7/19 0:15,FRC1,209,32,209,32,201.2,101.4,56.2,148.4,47.4,28.2,14.6,23,121.4,146.5,88.6,154.1,171.3
11/7/19 0:30,FRC1,209,32,209,32,205.8,83.4,56.6,139.2,56.3,26.7,13.5,22.4,52.7,143.1,93.6,132.9,167.6
11/7/19 0:45,FRC1,209,32,209,32,192.3,87,62.8,220.2,50.1,24.2,14.6,21.6,24.1,142.4,110.3,106.8,205.5
11/7/19 1:00,FRC1,209,32,209,32,206.9,89.7,56.8,225.7,53.2,23.1,13.5,23.4,22.3,137.7,90.7,111.8,202.7
11/7/19 1:15,FRC1,209,32,209,32,175,69.1,53.8,243.5,51.3,22.1,13.5,26.2,19.7,119.2,56.3,122.8,229.4
11/7/19 1:30,FRC1,209,32,209,32,139.1,83.1,40.5,262.9,51.9,21.8,12.5,26.9,16.4,79.6,36.4,135.7,232.9
11/7/19 1:45,FRC1,209,32,209,32,NaN,NaN,NaN,NaN,NaN,NaN,NaN,NaN,NaN,NaN,NaN,NaN,NaN
11/7/19 2:00,FRC1,209,32,209,32,NaN,NaN,NaN,NaN,NaN,NaN,NaN,NaN,NaN,NaN,NaN,NaN,NaN
11/7/19 2:15,FRC1,209,32,209,32,NaN,NaN,NaN,NaN,NaN,NaN,NaN,NaN,NaN,NaN,NaN,NaN,NaN
11/7/19 2:30,FRC1,209,32,209,32,136.6,221.7,26,230.6,80.8,18.4,10.5,19.2,10.5,32.7,19.5,162.6,147.8
11/7/19 2:45,FRC1,209,32,209,32,149.4,171.4,25.9,156.4,83.4,16.9,11.8,18,9.5,31.7,19.6,129.6,118.2
11/7/19 3:00,FRC1,209,32,209,32,176.3,116.6,27.6,159,70.3,16.4,13.7,17.4,8.6,32.2,20,120.9,98.6
11/7/19 3:15,FRC1,209,32,209,32,165.7,83.5,25.9,130.2,60.4,16.6,13.8,17.4,8.3,33.6,20.7,104.3,83.6
11/7/19 3:30,FRC1,209,32,209,32,187.3,81.5,23.7,145.8,60.5,14.7,13.4,16.6,9.3,37.8,24.1,75.7,70.2
11/7/19 3:45,FRC1,209,32,209,32,175.6,80.2,23.2,114.6,44.2,14.9,12.9,16.3,11.2,37.2,23.5,59.6,63.5
11/7/19 4:00,FRC1,209,32,209,32,168,75.9,23.1,105.1,40.8,17.9,12.6,16.6,11.7,34.8,25.4,54,62.2
11/7/19 4:15,FRC1,209,32,209,32,132.9,64.3,22.6,79.5,41.2,21,13,17.3,12.2,30.8,36.7,48.2,62.3
11/7/19 4:30,FRC1,209,32,209,32,116.6,69.1,22.5,75.4,49.2,20.9,13.8,18.4,12.7,26.5,40.8,49.8,63
11/7/19 4:45,FRC1,209,32,209,32,117,98.9,21.8,62.7,56.3,20.5,13.4,19.9,12.8,24.2,17.3,48.9,62
11/7/19 5:00,FRC1,209,32,209,32,128.3,115,20,54.7,73.5,22.1,14.6,21,12.2,22.1,9.2,51.4,58.7
11/7/19 5:15,FRC1,209,32,209,32,130.8,75.4,18.4,51.4,70.8,21.9,14.5,22.8,11.4,20.8,9.3,50.1,56.2
11/7/19 5:30,FRC1,209,32,209,32,100.3,74.3,18.3,49.6,67.4,24,13.8,24.7,11.2,20.3,9.8,47.9,51
11/7/19 5:45,FRC1,209,32,209,32,88.6,67.7,19,49.9,68.9,28.5,15.5,25.5,12.4,19.8,10.3,47.3,45
11/7/19 6:00,FRC1,209,32,209,32,89.3,62.3,20.5,52.3,87.7,42.4,16.9,23.9,17,19,10.7,47.5,43.9
11/7/19 6:15,FRC1,209,32,209,32,89.5,60.9,25.4,55.2,158.2,41.8,16.5,21.7,17.3,19.7,13.5,50.3,42.8
11/7/19 6:30,FRC1,209,32,209,32,86.2,59.2,55.6,58.6,168.3,41.8,16,20.1,17.3,20.2,15.4,45.7,39.6
11/7/19 6:45,FRC1,209,32,209,32,85.1,58.6,38.1,62.8,116.4,38.8,16.5,19.3,20,21.1,14.7,43.6,38.7
11/7/19 7:00,FRC1,209,32,209,32,85.8,61.5,30.6,62.6,117.6,33.8,16.6,20.3,24.3,21.9,15.7,45,46.5
11/7/19 7:15,FRC1,209,32,209,32,87.4,64.2,26.7,62.9,100.4,30.8,17.7,21.9,26,22.9,16.4,45,49.6
11/7/19 7:30,FRC1,209,32,209,32,91.8,51.8,23.9,65.6,80.6,40.4,19,23.6,19.6,23.3,15,44.1,58.5
11/7/19 7:45,FRC1,209,32,209,32,83.4,45,23.8,65.4,68.9,55.3,19.3,24.4,16.5,21.3,22,39.3,52.8
11/7/19 8:00,FRC1,203,33,203,33,66.1,40.4,21.2,63.6,91.8,50.9,21.2,24.8,15.4,19.1,27.6,35.9,53.9
11/7/19 8:15,FRC1,209,32,268,25,60.3,39.9,17.6,59.4,106.5,53,23.7,25.1,14.2,17.9,17.1,30.6,74
11/7/19 8:30,FRC1,209,32,279,24,79.7,38.6,16.2,54.8,108.7,75.8,24.8,24.7,13.5,16.6,18.9,26.5,66.7
11/7/19 8:45,FRC1,209,32,268,25,103,38,16.1,70.4,86.3,58,24.8,22.6,12.5,15.2,23.3,28.6,43.9
11/7/19 9:00,FRC1,209,32,304,22,69.5,39.6,16.4,60.7,61.8,46.3,25.2,21.2,11.9,14.2,24.3,30.9,41.3
11/7/19 9:15,FRC1,209,32,319,21,48.9,40.6,16.5,49.2,65.1,47.2,27.4,20.3,11.4,13,25.5,28.1,24
11/7/19 9:30,FRC1,209,32,319,21,39,42.7,16.2,47.6,68.2,50.8,26.9,20.1,9.9,11.4,27.9,28.2,23
11/7/19 9:45,FRC1,197,34,394,17,33.7,31.2,15.2,42.2,44.3,44.2,25.5,21.1,9.8,12.2,26.4,21,19.6
11/7/19 10:00,FRC1,203,33,335,20,28.3,25.8,14.2,34.2,31.1,36.2,24.5,21.8,10.1,13.2,26.9,19.9,18.4
11/7/19 10:15,FRC1,209,32,335,20,22,23.7,12.9,25.8,27.4,29.2,23.4,23.7,10.4,13.4,30.8,19.8,15.9
11/7/19 10:30,FRC1,203,33,372,18,19.7,23,11.9,25.5,29.2,26.9,19.4,24.8,11.2,13.3,31,19.2,13.3
11/7/19 10:45,FRC1,209,32,419,16,20.1,21.6,11.5,26.3,30,25.8,17.7,24.3,11.9,14,35.7,18.6,12.3
11/7/19 11:00,FRC1,209,32,352,19,19.3,23.2,11.2,27,29.6,23.9,16.7,23.1,12.4,13,43.4,16.6,10.4
11/7/19 11:15,FRC1,203,33,335,20,18,41.9,10.3,24.5,28.5,21,16.5,20.7,12.2,13.1,40.4,14.7,10.3
11/7/19 11:30,FRC1,203,33,372,18,18.5,26.7,9.7,22.8,27,18.9,16.6,18.6,12.6,12.9,34.7,14.3,11.2
11/7/19 11:45,FRC1,203,33,515,13,16.8,25.1,8.8,24.9,23.4,16.3,15.4,18.7,12.6,13.3,30.4,13.3,11.2
11/7/19 12:00,FRC1,203,33,515,13,17.1,24.4,8.8,29,20.4,14.2,14.6,19,12.6,13.9,32.2,12.3,11.5
11/7/19 12:15,FRC1,209,32,609,11,16.6,22.9,8,28.3,15.7,16,15.8,17.9,11.9,13.2,31.9,14.4,11.8
11/7/19 12:30,FRC1,203,33,394,17,14.7,20.4,7.4,25.2,16.6,15.5,16.8,17,10.7,12.2,25.3,13.6,11.2
11/7/19 12:45,FRC1,203,33,394,17,14.9,20.1,7.3,23,17.1,15.1,17.3,15.9,10.3,12.6,21.6,10.9,10.9
11/7/19 13:00,FRC1,209,32,394,17,16.4,18.3,7.2,21.4,19.1,13.3,15.9,15,9.7,12.1,19,11.3,11
11/7/19 13:15,FRC1,197,34,394,17,15.9,18.6,7,19.4,17.6,14.1,15.2,13.5,9.1,11.9,18.4,9.9,10.6
11/7/19 13:30,FRC1,209,32,335,20,14.8,18.1,6.8,19.2,15.8,13.1,13.7,12,9.6,12,16.2,10.3,9.9
11/7/19 13:45,FRC1,209,32,352,19,14.4,16.7,6.5,18.7,17,12.9,13.3,12.4,10,12.1,15.8,9.2,11.9
11/7/19 14:00,FRC1,209,32,372,18,14.9,16.9,6.5,17.7,16.6,12.6,14.8,12.6,9.5,13,15.1,8,11.2
11/7/19 14:15,FRC1,209,32,372,18,15,17.9,6.6,17.5,16.1,13.8,15.9,13.6,9.6,18.1,14.8,7.1,8.8
11/7/19 14:30,FRC1,203,33,304,22,15,18,7.5,17.8,17,17,15.8,12.6,10.1,26.9,16.3,7.4,9.7
11/7/19 14:45,FRC1,209,32,319,21,15.6,23.1,7.4,17.2,17.7,14.3,12.8,12.7,10.1,13.2,16.9,6.5,13
11/7/19 15:00,FRC1,203,33,304,22,15.5,20.1,7.1,15.7,18.4,18,13.5,14.2,10.5,13.5,15.5,6.9,12.1
11/7/19 15:15,FRC1,203,33,291,23,15.2,19.9,8,15.7,16.8,15.1,12.2,15.7,10.6,15,14.3,6.5,12.5
11/7/19 15:30,FRC1,203,33,291,23,14.6,21.4,8.4,16.1,15.8,14.4,10.5,15.7,10.4,15.9,13.8,7,11.5
11/7/19 15:45,FRC1,203,33,394,17,15.6,23.1,8.8,15.4,15.2,15.4,10.7,16.3,10.4,17.1,13.2,7.7,15.3
11/7/19 16:00,FRC1,203,33,352,19,16.5,25.1,9,15.1,17.6,14.5,11,16.5,13.6,16.7,11.8,7.3,14.1
11/7/19 16:15,FRC1,203,33,291,23,16.7,26.3,9.6,15.4,19.3,14.7,11.8,15.6,16.7,18.8,14.1,7.6,13.3
11/7/19 16:30,FRC1,203,33,291,23,18.5,26.9,9.8,16.4,22.3,19.4,12.8,16.6,15.3,20.3,15,8.3,15.8
11/7/19 16:45,FRC1,209,32,304,22,18.9,27.8,9.9,16.4,18.9,16.8,12.1,15.7,14.1,20.9,16.8,10.5,19.6
11/7/19 17:00,FRC1,209,32,319,21,18.3,21,10.2,17.3,18.4,19.2,13.3,14.2,12.3,25,16.9,13.9,20.9
11/7/19 17:15,FRC1,203,33,335,20,18.9,20.8,10.5,17.8,20.2,22.8,16.1,13.2,11,30.5,15.7,15.8,22.1
11/7/19 17:30,FRC1,203,33,335,20,20.4,24,12.3,19.2,21.3,22.4,16.5,15,12.8,37.3,14.1,19.8,28.8
11/7/19 17:45,FRC1,203,33,335,20,24.7,33.3,11.9,20.6,23.8,30.8,15.9,16.4,13.7,51.9,14.9,21.5,31.2
11/7/19 18:00,FRC1,209,32,319,21,32.9,37.5,12.4,24.9,26.4,37.6,16.3,16.4,11.4,60,20,11.2,37.8
11/7/19 18:15,FRC1,209,32,304,22,31.7,NaN,13.1,37.2,41,41.7,22.6,15.1,12.6,52.7,27.3,8.4,40.6
11/7/19 18:30,FRC1,209,32,291,23,35.7,NaN,13.8,36.1,42.1,34.7,30.1,15.5,13.6,60.6,31.6,15.5,58
11/7/19 18:45,FRC1,209,32,335,20,37,37.7,14.7,35.7,35.6,33.9,32.8,15.9,16.5,59.7,56.6,20.1,70.9
11/7/19 19:00,FRC1,203,33,558,12,56,37.3,15,62.7,43.7,33.7,44.8,16.2,19.3,62.4,58.3,25.8,70.2
11/7/19 19:15,FRC1,209,32,372,18,68.7,31.7,15.8,95.9,59.6,36.5,57.6,16.4,17.9,74.6,61.7,25.7,80.9
11/7/19 19:30,FRC1,203,33,419,16,89.4,29.7,16.1,132.8,68.1,52.1,75.4,17.8,18.7,74.5,74.4,17.1,125.8
11/7/19 19:45,FRC1,203,33,372,18,107.4,34.2,17.3,141.6,63.5,66.5,67.8,19.6,19.2,74.6,89.7,15.7,153.7
11/7/19 20:00,FRC1,209,32,335,20,109.3,32.8,17.4,114,81.3,66.5,52.4,21,18.3,79.5,81.6,21.5,147.8
11/7/19 20:15,FRC1,203,33,394,17,113.5,37.1,16.3,131.7,88.2,69.4,47.5,22.8,19.7,80.9,81.2,24.8,144.6
11/7/19 20:30,FRC1,203,33,394,17,84.8,37.9,14.5,146.6,74.6,71.3,43.5,31.6,19.1,79.3,88.1,17.2,147.5
11/7/19 20:45,FRC1,209,32,372,18,75.5,40.6,13.2,164.9,73.5,72.2,40.7,NaN,16.9,81.7,100.7,19.6,145.8
11/7/19 21:00,FRC1,203,33,352,19,78.9,40.8,13.5,152.2,77.9,68.1,44.5,35.1,16.8,84.2,108.7,31.1,144
11/7/19 21:15,FRC1,203,33,335,20,69.7,41.3,13.8,150.1,86.5,62.4,53.4,25.8,17.3,96.4,89.8,35.8,143
11/7/19 21:30,FRC1,203,33,268,25,70.1,41.8,14.8,139.2,75.1,65.3,53.2,27.4,17.8,98,79.2,39.7,138
11/7/19 21:45,FRC1,203,33,203,33,64,40,15.2,124.8,65.9,66.2,56.1,34.4,16.2,86.5,100.4,42.6,114
11/7/19 22:00,FRC1,203,33,203,33,72.1,41.6,15,125.4,67.3,66.7,63.8,46.2,14.5,84.7,104.5,45.2,119.7
11/7/19 22:15,FRC1,209,32,304,22,73.5,73.9,15.3,126.4,68.4,64.3,60.4,48.1,11.1,85.1,102.5,46,128
11/7/19 22:30,FRC1,209,32,209,32,69,80.2,17.3,170.2,77.2,52.1,61.8,46.2,9.8,84.8,106,47.5,139.9
11/7/19 22:45,FRC1,203,33,291,23,62,69.1,21.2,199.8,81.2,50,70.9,49,9.7,80,114.1,46.5,164.6
11/7/19 23:00,FRC1,203,33,203,33,65.3,50,22.6,217.7,75.2,51.5,83.4,78.7,10.1,70.9,120.4,44,176
11/7/19 23:15,FRC1,209,32,279,24,50.9,49.7,21.7,207.2,92.6,49.3,99.2,75.1,8.6,69.7,121.4,44.4,171.1
11/7/19 23:30,FRC1,209,32,209,32,51.2,40.2,20.1,183.2,92.7,45.5,140.4,99.7,9.2,61.2,123.6,43.1,186.9
11/7/19 23:45,FRC1,209,32,209,32,77.8,38.3,19.1,166.3,80.3,34.1,168.1,94.7,8.9,48.4,127.9,41.3,218.7
12/7/19 0:00,FRC1,209,32,209,32,94,43.2,18.4,147,77.5,26.6,207.5,92.2,8.3,42.9,131.7,38.3,196.4
12/7/19 0:15,FRC1,209,32,209,32,90.8,85.9,16.6,168.3,82.5,21.5,186.3,87.8,8.1,41.8,134.1,19,90.4
12/7/19 0:30,FRC1,209,32,209,32,107.8,105.9,17.5,209.4,94.1,19.1,NaN,79.3,7.8,37.4,138.8,25,39.3
12/7/19 0:45,FRC1,209,32,209,32,98.9,103,17.4,208.9,84,16.7,176.6,86.7,7.7,33.4,140.4,25.2,22.6
12/7/19 1:00,FRC1,209,32,209,32,100.1,124.8,16,190.4,102.3,17.9,208,68.1,7.2,31.7,138.1,21.5,22.4
12/7/19 1:15,FRC1,209,32,209,32,109.4,134.7,15.4,156.4,121.7,18.9,193.4,51.5,7,29.8,141.8,19.3,61
12/7/19 1:30,FRC1,209,32,319,21,94.1,92.3,14.8,124.9,101,17.7,133.9,46.2,6.9,29.5,141.5,18.5,96.4
12/7/19 1:45,FRC1,203,33,203,33,NaN,NaN,NaN,NaN,NaN,NaN,NaN,NaN,NaN,NaN,NaN,NaN,NaN
12/7/19 2:00,FRC1,203,33,203,33,NaN,NaN,NaN,NaN,NaN,NaN,NaN,NaN,NaN,NaN,NaN,NaN,NaN
12/7/19 2:15,FRC1,203,33,203,33,NaN,NaN,NaN,NaN,NaN,NaN,NaN,NaN,NaN,NaN,NaN,NaN,NaN
12/7/19 2:30,FRC1,203,33,203,33,122.6,182.4,16.4,115.8,96.6,14.1,117.7,28.5,14.4,13.8,113.5,47,52.9
12/7/19 2:45,FRC1,203,33,203,33,169.7,114.9,16.8,112.5,94.4,14,149.1,35.5,16.6,39.9,101.9,42.4,63.5
12/7/19 3:00,FRC1,203,33,203,33,153,119.3,16.4,96.2,102.3,14.2,148.3,45.2,14.9,35.5,100.8,44.3,67.7
12/7/19 3:15,FRC1,203,33,203,33,102.3,153.4,15.9,87.8,100.7,15.5,166.9,53.8,14,20.7,101.9,43.7,40.9
12/7/19 3:30,FRC1,203,33,203,33,84.1,145.3,16.6,77,98.5,41,127.8,50.4,12.9,13.8,104.1,46,19.4
12/7/19 3:45,FRC1,203,33,203,33,129.5,149.2,17.7,77.9,82.9,40.8,61.6,39.7,13,13,102.7,48.5,17.8
12/7/19 4:00,FRC1,203,33,203,33,91.9,157.4,18.1,67.1,79.2,37.2,77.3,37.5,13.8,13.9,105.1,32.5,22.8
12/7/19 4:15,FRC1,203,33,203,33,51.9,135.7,18,54.2,80.7,28.4,125.7,33.6,14,14.7,93.7,29.2,22.3
12/7/19 4:30,FRC1,203,33,203,33,50.2,139.7,17.3,70.2,80.1,23.7,133.3,31,14.9,15.1,64.4,29.1,21
12/7/19 4:45,FRC1,203,33,203,33,49.2,140,16,74.1,78.2,25.1,78.5,39.2,14.8,14.3,37.7,29.4,20
12/7/19 5:00,FRC1,203,33,203,33,64.4,103,15.6,62.5,115.9,24.9,84,48.3,14.8,13.2,22.7,30.5,21.2
12/7/19 5:15,FRC1,203,33,203,33,127.3,91.8,15.2,65.2,131.8,25.6,95.7,48,16.1,12.5,19.1,32,30.3
12/7/19 5:30,FRC1,203,33,203,33,139.4,90.2,15.5,68.5,118,25.5,85,48.5,16.8,12.7,17.4,32.2,30.6
12/7/19 5:45,FRC1,203,33,203,33,138.7,104.8,16.1,70.2,114.1,25.1,82.1,55.2,17.4,13.6,19.7,29.5,21.2
12/7/19 6:00,FRC1,203,33,203,33,168.5,113.5,17.4,71.9,74.7,38.1,82.3,69.3,23.3,15.7,14.8,27.1,39.2
12/7/19 6:15,FRC1,203,33,203,33,184.9,129.2,19.2,78.8,89.9,28.6,72.9,85.2,27.7,41.1,13.6,25.9,42.6
12/7/19 6:30,FRC1,203,33,203,33,177.5,146.3,19.9,93.6,109.7,25.5,77,95.8,28.5,36,14.1,35.3,42.5
12/7/19 6:45,FRC1,203,33,203,33,155,118.8,20.6,125.3,101.6,22.4,89.2,148.7,31.1,43.2,42.8,50.7,43.2
12/7/19 7:00,FRC1,203,33,203,33,136.6,109,21.1,136.8,80.6,20.3,70.8,159.7,24.7,42.1,30.4,37.8,79.4
12/7/19 7:15,FRC1,203,33,203,33,119,126,20.5,147.7,77.9,19.8,55.6,114.9,27.2,35.7,23.5,27.7,45.1
12/7/19 7:30,FRC1,209,32,209,32,91.2,136.7,20.4,134.2,98.2,19.9,35.6,61.5,26.9,34.9,30.6,17.9,31.5
12/7/19 7:45,FRC1,209,32,209,32,73,85,20.7,100.7,119.1,22.4,23.1,57.9,25.4,21.2,30.1,14.4,47.8
12/7/19 8:00,FRC1,209,32,257,26,49.2,80.6,21.1,57.8,96.8,30.1,22.7,45.4,21.3,19,31.1,12.6,43.5
12/7/19 8:15,FRC1,203,33,268,25,45.3,71.7,19.6,69.5,77.7,64.5,21.9,29.5,19,20.2,28.7,11.6,33.9
12/7/19 8:30,FRC1,203,33,268,25,45.4,57.3,18.3,73.3,64.8,51.9,20.1,29.4,17.1,25.2,28.2,10.7,40.5
12/7/19 8:45,FRC1,203,33,291,23,41.2,52.6,18,73.2,51,28.5,21.8,30.4,15.3,20.2,21.6,9.2,35.7
12/7/19 9:00,FRC1,203,33,279,24,34.1,38.3,18.1,52.2,55.2,17.8,29.7,28.5,13.5,15.8,20.9,8.8,30.4
12/7/19 9:15,FRC1,209,32,291,23,43,30.2,18.1,38.4,60.3,15.4,26.7,27.8,12.8,16.7,18.7,8.4,24.2
12/7/19 9:30,FRC1,203,33,291,23,37.4,28.8,16.4,25.6,62,14.1,20.4,25.4,12.4,17.7,19,7.8,20.2
12/7/19 9:45,FRC1,203,33,304,22,38.5,26.4,15,26.7,58.5,13.2,19.2,19.8,12.2,16,18.1,8.2,18.6
12/7/19 10:00,FRC1,203,33,304,22,38.7,24.5,13.4,38.7,49.3,12.7,19.4,17.5,12.1,14.4,15.3,8.4,17
12/7/19 10:15,FRC1,203,33,319,21,27.4,23.6,12.6,40.6,38.7,12.3,17.1,19.3,11.9,13.8,14,8.3,14.4
12/7/19 10:30,FRC1,209,32,319,21,28.2,19.1,13.6,40.1,23.9,12.3,14.3,20.5,11.5,13.6,14,7.7,13
12/7/19 10:45,FRC1,209,32,352,19,23.6,20.4,15.5,38.3,20.6,12.5,11.8,21.8,11.3,13.3,13.6,7.3,12.6
12/7/19 11:00,FRC1,203,33,352,19,20.1,18.3,16,39.7,21.1,12.3,11,24.1,11.2,13.1,12.2,7.6,12.2
12/7/19 11:15,FRC1,203,33,352,19,19.8,18.9,15.4,34.2,23.2,12,9.7,23.2,10.9,13.9,11,7.8,12
12/7/19 11:30,FRC1,209,32,372,18,18.9,17.6,14.8,31.2,24.8,11.7,8.9,22.5,11.4,14.3,10.7,7.9,12.1
12/7/19 11:45,FRC1,209,32,394,17,20.3,19.3,14.9,29.7,25.1,11.7,9,17.6,11.3,15.2,10.5,9.1,12.4
12/7/19 12:00,FRC1,203,33,394,17,22.1,16,13.9,28.9,25.4,11.3,9.5,18.8,10.5,13.6,10.6,10.5,11.5
12/7/19 12:15,FRC1,203,33,609,11,21.4,14.7,12.7,26.6,25.2,11.4,9.7,16,9.9,13.8,11.1,9,10.4
12/7/19 12:30,FRC1,209,32,609,11,21,14.9,11.7,23.8,25,9.8,9.4,15.4,9,12.7,10.9,9.1,10.2
12/7/19 12:45,FRC1,203,33,558,12,19.7,14.4,13.6,20.6,25.9,9.7,9.6,11.1,8.6,11.8,10.6,9.5,10.9
12/7/19 13:00,FRC1,209,32,394,17,18.4,13.6,12.7,17.3,26.9,9.1,10.3,11.5,9.1,11.4,10.1,9.1,12
12/7/19 13:15,FRC1,209,32,352,19,17.6,13.3,12,17,27.7,8.9,8.6,12,9.2,10.7,9.8,8.7,12.4
12/7/19 13:30,FRC1,209,32,335,20,16.3,12.8,11.6,16.8,27.3,9.3,8.5,13.1,9,10,9.7,9.2,11.2
12/7/19 13:45,FRC1,209,32,335,20,15.1,12.9,12.7,15.7,27.4,10,8.9,14.6,9.6,9.5,9.8,8.3,10.1
12/7/19 14:00,FRC1,209,32,352,19,13.5,13.9,14.5,15.2,27.4,10.7,9.2,18.6,10,11.3,10.4,NaN,8.7
12/7/19 14:15,FRC1,209,32,372,18,13.4,13.6,15.6,15.1,27.4,11.5,10,21.1,9.8,11.8,11.3,NaN,8.7
12/7/19 14:30,FRC1,203,33,319,21,13.3,12.8,15.8,15.9,30,12.7,9.4,21.4,9.9,12,19.2,NaN,10.6
12/7/19 14:45,FRC1,203,33,291,23,14.4,13.4,14.2,15.3,25.7,12.1,10.2,19.9,10.7,11.3,18.4,11.4,8.7
12/7/19 15:00,FRC1,203,33,291,23,14.9,13.6,14.2,15.7,22,11.7,11,18.9,10.8,10.1,13,10.8,8.5
12/7/19 15:15,FRC1,203,33,291,23,15.2,13.7,14.6,15.3,19.7,11.9,10.9,20.3,9.2,8.6,13.1,10.1,8.9
12/7/19 15:30,FRC1,209,32,304,22,14.3,13.9,14.2,15.9,18.6,12.2,11,34,8.8,8.8,13.8,11.4,10.2
12/7/19 15:45,FRC1,203,33,304,22,14.6,15,14.5,16,18.9,13.4,11.4,23.5,8.8,6.7,14.9,14.4,13.5
12/7/19 16:00,FRC1,203,33,268,25,14.9,17.1,14.2,16.8,18.3,13.9,10.3,25.7,9.1,6.6,12.5,14.8,9.3
12/7/19 16:15,FRC1,203,33,279,24,15.7,19.5,13.4,18.6,17,14.2,11.1,27.7,10,7.9,14.6,14.8,9.2
12/7/19 16:30,FRC1,203,33,279,24,15.5,17.7,13.4,20.5,18.8,13.7,10.8,30.4,10.2,9.2,17.7,14.7,12.8
12/7/19 16:45,FRC1,209,32,419,16,15.8,16.7,13.5,20,20.3,13.5,10.8,32.5,11.7,10.1,29.3,14,15
12/7/19 17:00,FRC1,209,32,304,22,17.5,16.7,13.6,20.3,27.8,13.8,10.7,30.6,13,8.9,23,13,13.3
12/7/19 17:15,FRC1,203,33,319,21,18.2,17,14.9,20.8,24,24.2,10.8,33.1,13.5,9.5,19.7,13.5,12.7
12/7/19 17:30,FRC1,209,32,372,18,20.1,16.6,16.1,20.9,29.1,22,12.8,42.3,19.1,11.1,19,13.8,15
12/7/19 17:45,FRC1,209,32,291,23,27.3,18.1,16.4,21.7,30.1,18.9,14.5,58.1,19.4,23.3,20.5,14.7,28.6
12/7/19 18:00,FRC1,203,33,335,20,36.3,19.3,19.3,30,29.9,21.5,15.4,57.8,13,20,15.9,16.2,23.2
12/7/19 18:15,FRC1,203,33,335,20,39.9,21,26.5,37.3,36,36.2,17.8,65.6,11.5,20.1,15,19.2,24.5
12/7/19 18:30,FRC1,203,33,352,19,48.5,26.9,29.1,43.3,47.9,43.9,20.7,68.9,12.9,20.8,17.8,20.1,28.7
12/7/19 18:45,FRC1,209,32,335,20,53,54.5,28.7,55.8,69.5,48.5,39.3,80.2,15.3,22.3,19.7,25.1,37.3
12/7/19 19:00,FRC1,203,33,352,19,61.6,50.5,32.6,64.9,76.9,50.6,50,103.5,17.6,19.8,19,35,37.9
12/7/19 19:15,FRC1,203,33,372,18,47.1,57.9,41.3,68.5,79.6,44.1,53.3,121,18.7,20,17.9,45.3,39.1
12/7/19 19:30,FRC1,209,32,394,17,48.8,53,40.6,66,82.1,36,59.2,105.8,19.8,21.3,19,39.8,59.4
12/7/19 19:45,FRC1,203,33,352,19,52.3,55.9,38.4,71.7,80,36.1,49.5,138.3,22.3,22.1,18.6,39,54.8
12/7/19 20:00,FRC1,209,32,372,18,51.5,52.6,39.5,71.6,98.9,48.3,48,117.1,23.9,23.6,18,40.2,57.8
12/7/19 20:15,FRC1,203,33,335,20,50.5,49.7,45.7,65.1,150.9,48.5,50,112.4,26.6,23.6,20.6,41.7,57
12/7/19 20:30,FRC1,203,33,372,18,40.5,50.2,51.2,65.2,173.8,49.7,56.1,105.6,31,24.7,24.5,43.7,58.9
12/7/19 20:45,FRC1,209,32,394,17,36.1,51.5,47.4,64.7,157.2,46.7,67.2,92,33.6,33.4,18.3,48.1,64.4
12/7/19 21:00,FRC1,203,33,352,19,31.5,49.8,41.6,83.4,137.7,51.1,66.1,72.8,36.2,33.1,8.3,49.3,93.8
12/7/19 21:15,FRC1,209,32,372,18,30,48.5,42.9,96.2,147.2,46.7,62.7,81.2,38.8,33,8,50.4,133.1
12/7/19 21:30,FRC1,203,33,279,24,35.6,43.2,43.8,100.4,132.9,39.9,62.8,85.6,53.3,52.3,9.1,51.7,151.6
12/7/19 21:45,FRC1,203,33,257,26,35,42.6,42.4,76,120.5,36,62.2,66.6,71.8,65.8,10,62.6,184.1
12/7/19 22:00,FRC1,209,32,209,32,30.6,57.6,41.4,77.3,114.1,34.9,65.5,91.4,110.5,31,9.9,64.4,194.5
12/7/19 22:15,FRC1,209,32,209,32,30.2,69.7,41,73,107.1,34.2,67.2,99.4,122.2,31.1,21.5,61.9,211.7
12/7/19 22:30,FRC1,209,32,209,32,33.4,95,43.2,43,70.9,35.6,62.5,83.5,143.1,26.4,22.8,45.4,216.4
12/7/19 22:45,FRC1,209,32,209,32,31.3,113.8,52.9,52.8,44.3,38.8,60.8,93.9,134.5,16.2,11.5,48.2,222.4
12/7/19 23:00,FRC1,209,32,209,32,33.6,115.1,57.7,56.2,27.9,36.2,58.1,113.6,155.6,16.5,18.2,67.5,235.9
12/7/19 23:15,FRC1,203,33,268,25,29.3,106.1,60.7,54.6,23.8,31.9,55.3,103,117.4,14.2,31.6,56.2,226.3
12/7/19 23:30,FRC1,209,32,209,32,29.1,81.7,53,49,24.1,35.9,53.4,89.5,109.7,15.5,36.4,52.8,221.2
12/7/19 23:45,FRC1,209,32,209,32,26.5,72.2,67.7,54.9,25.5,31.2,62.7,81,75.7,15.5,33.6,50.8,220.4