Newtimestamp,Road Type,Free Flow Time(seconds),Free Flow Speed(KMPH),Current Time(seconds),Current Speed(KMPH),march_1st,march_2nd,march_3rd,march_4th,april_1st,april_2nd,april_3rd,april_4th,april_5th,may_1st,may_2nd,may_3rd,may_4th
06/07/19 0:00,FRC1,73,36,73,36,76.13,67.2,29.38,43.79,105.09,88.54,47.19,41.23,59.25,125.45,NaN,NaN,NaN
06/07/19 0:15,FRC1,73,36,73,36,76.65,67.32,29.52,42.63,104.27,70.96,45.11,39.88,57.24,124.82,NaN,NaN,NaN
06/07/19 0:30,FRC1,73,36,73,36,77.02,67.57,29.75,42.26,101.97,60.25,41.9,38.46,56.01,118.77,NaN,NaN,NaN
06/07/19 0:45,FRC1,73,36,73,36,76.9,66.95,29.87,42.76,100.63,53.4,39.47,37.11,54.57,109.48,NaN,NaN,NaN
06/07/19 1:00,FRC1,73,36,73,36,74.72,66.32,30.23,45.02,99.51,49.86,38.16,36.35,52.14,100.74,NaN,NaN,NaN
06/07/19 1:15,FRC1,73,36,73,36,68.07,65.68,29.97,39.6,98.49,48.39,36.58,35.94,49.81,95.04,NaN,NaN,NaN
06/07/19 1:30,FRC1,73,36,73,36,60.68,NaN,29.9,39.27,97.44,48.17,34.88,36.63,47.7,89.97,NaN,NaN,NaN
06/07/19 1:45,FRC1,73,36,73,36,54.88,65.6,30.36,30.7,97.51,49.94,34.77,37.48,45.15,85.64,NaN,NaN,NaN
06/07/19 2:00,FRC1,73,36,73,36,50.61,65.42,30.38,30.96,100.51,52.69,39.2,37.88,44.14,81.44,NaN,NaN,NaN
06/07/19 2:15,FRC1,73,36,73,36,47.5,64.37,31.24,30.31,88.33,58.25,34.87,41.09,45.75,76.04,NaN,NaN,NaN
06/07/19 2:30,FRC1,73,36,73,36,45.06,56.96,32.87,29.75,82.82,64.86,43.57,41.88,42.67,72.51,NaN,NaN,NaN
06/07/19 2:45,FRC1,73,36,73,36,38.33,48.32,28.89,29.16,76.12,69.45,46.15,46.4,47.46,70.71,NaN,NaN,NaN
06/07/19 3:00,FRC1,73,36,73,36,32.48,42.13,25.26,27.27,72.29,71.85,47.69,50.12,48.34,68.12,NaN,NaN,NaN
06/07/19 3:15,FRC1,73,36,73,36,27.78,38.75,23.04,26.06,70.07,72.41,50.03,57.54,48.1,62.86,NaN,NaN,NaN
06/07/19 3:30,FRC1,73,36,73,36,25.52,36.51,22.29,24.93,67.71,76.85,53.68,62.85,49.92,51.97,NaN,NaN,NaN
06/07/19 3:45,FRC1,73,36,73,36,23.68,34.96,22.88,24.58,66.03,76.09,56.13,66.14,53.5,48.28,NaN,NaN,NaN
06/07/19 4:00,FRC1,73,36,73,36,22.47,34.6,23.17,24.12,64.1,80.43,57.79,67.81,55.28,43.89,NaN,NaN,NaN
06/07/19 4:15,FRC1,73,36,73,36,21.76,34.28,22.71,24.36,61.89,85.31,58.56,68.29,57.4,43.56,NaN,NaN,NaN
06/07/19 4:30,FRC1,73,36,73,36,21.51,34.37,22.29,24.36,59.44,93.41,59.85,69,58.7,44.29,NaN,NaN,NaN
06/07/19 4:45,FRC1,73,36,73,36,21.11,34.37,22.37,24.21,57.04,103.53,60.12,70.15,57.43,44.93,NaN,NaN,NaN
06/07/19 5:00,FRC1,73,36,73,36,20.97,34.33,23.4,23.8,54.99,110.56,59.63,71.06,56.35,45.46,NaN,NaN,NaN
06/07/19 5:15,FRC1,73,36,73,36,20.98,34.38,23.08,23.1,52.47,115.33,59.23,73.06,56.83,52.59,NaN,NaN,NaN
06/07/19 5:30,FRC1,73,36,73,36,21.71,34.69,22.26,26.48,50.65,119.64,59.51,74.39,55.95,76.77,NaN,NaN,NaN
06/07/19 5:45,FRC1,73,36,73,36,22.04,34.66,22.74,30.37,55.89,125.94,59.54,75.25,56.16,48.94,NaN,NaN,NaN
06/07/19 6:00,FRC1,73,36,73,36,22.58,35.36,22.41,31.92,49.08,119.59,59.9,76.7,57.02,50.16,NaN,NaN,NaN
06/07/19 6:15,FRC1,73,36,73,36,23.56,35.61,21.59,33.43,45.08,110.21,62.5,78.48,58.75,51.52,NaN,NaN,NaN
06/07/19 6:30,FRC1,73,36,73,36,25.08,38.18,21.47,34.26,48.68,102.89,51.82,81.52,61.03,57.85,NaN,NaN,NaN
06/07/19 6:45,FRC1,73,36,73,36,26.29,48.95,35.42,35.06,51.22,96.01,52,66.99,52.54,60.15,NaN,NaN,NaN
06/07/19 7:00,FRC1,73,36,73,36,33.25,61.94,33.98,36.85,54.49,89.01,51.79,62.31,48.31,61.72,NaN,NaN,NaN
06/07/19 7:15,FRC1,73,36,73,36,42.84,73.25,34.43,38.91,62.63,84.7,52.03,58.34,45.49,67.08,NaN,NaN,NaN
06/07/19 7:30,FRC1,73,36,73,36,52.94,82.55,34.71,41.07,73.53,80.15,50.63,53.69,40.78,64.58,NaN,NaN,NaN
06/07/19 7:45,FRC1,73,36,73,36,63.01,89.31,36.36,42.15,83.59,79.84,48.66,52.12,39.13,63.89,NaN,NaN,NaN
06/07/19 8:00,FRC1,73,36,98,27,71.19,94.16,37.47,41.57,91.75,62.54,44.53,49.64,38.41,57.97,NaN,NaN,NaN
06/07/19 8:15,FRC1,73,36,110,24,76.78,97.22,38.74,41.76,92.67,54.1,38.27,45.47,37.83,54.34,NaN,NaN,NaN
06/07/19 8:30,FRC1,73,36,98,27,80.45,99.51,40.68,41.25,85.88,51.78,34.5,41.59,36.26,54.7,NaN,NaN,NaN
06/07/19 8:45,FRC1,75,35,110,24,83.79,102.09,38.28,39.45,76.17,44.24,32.78,29.74,35.94,53.89,NaN,NaN,NaN
06/07/19 9:00,FRC1,73,36,110,24,86.41,103.54,36.62,37.75,66.53,40.36,32.9,24.55,34.04,55.51,NaN,NaN,NaN
06/07/19 9:15,FRC1,73,36,120,22,88.35,104.46,34.59,37.35,59.41,37.96,31.9,21.65,31.83,54.21,NaN,NaN,NaN
06/07/19 9:30,FRC1,75,35,110,24,87.74,105.57,34.2,35.62,55.54,35.12,30.61,21.32,31.43,54.4,NaN,NaN,NaN
06/07/19 9:45,FRC1,73,36,115,23,85.07,107.16,42.46,30.46,52.79,33.43,32.94,24.69,30.54,53.22,NaN,NaN,NaN
06/07/19 10:00,FRC1,73,36,120,22,82.12,107.98,37.91,27.9,51.11,33.03,28.7,26.62,26.97,52.53,NaN,NaN,NaN
06/07/19 10:15,FRC1,73,36,132,20,79.81,108.78,34.71,29.81,56.21,31.51,49.4,26.18,26.83,52.35,NaN,NaN,NaN
06/07/19 10:30,FRC1,75,35,126,21,79.07,109.43,35.69,31.22,50.73,30.17,59.5,29.69,26.99,49.94,NaN,NaN,NaN
06/07/19 10:45,FRC1,73,36,120,22,78.09,94.76,37.22,33.5,44.7,29.22,30.97,26.47,31.03,49.46,NaN,NaN,NaN
06/07/19 11:00,FRC1,73,36,126,21,70.23,67.19,32.28,40.04,39.62,28.93,31.32,29.05,35.82,51.29,NaN,NaN,NaN
06/07/19 11:15,FRC1,73,36,132,20,46.48,50.77,28.66,44.99,34.65,27.69,33.68,29.48,33.67,50,NaN,NaN,NaN
06/07/19 11:30,FRC1,73,36,115,23,35.34,41.72,26.49,35.17,32.27,27.04,35.95,30.63,33.85,50.67,NaN,NaN,NaN
06/07/19 11:45,FRC1,73,36,126,21,33.1,36.82,22.46,30.12,31.72,29.3,39.52,31.6,35.04,59.73,NaN,NaN,NaN
06/07/19 12:00,FRC1,73,36,110,24,30.26,33.83,21.9,41.32,31.19,30.86,42.05,31.35,38.59,46.5,NaN,NaN,NaN
06/07/19 12:15,FRC1,75,35,110,24,27.12,32.07,20,102.65,30.72,32.45,43.23,31.23,42.73,31.31,NaN,NaN,NaN
06/07/19 12:30,FRC1,73,36,120,22,28.42,30.59,18.36,48.41,30.01,35.18,43.59,31.82,63.65,27.63,NaN,NaN,NaN
06/07/19 12:45,FRC1,73,36,120,22,30,29.95,18.14,56.82,29.65,37.58,43.47,32.05,96.22,26.96,NaN,NaN,NaN
6/7/19 13:00,FRC1,75,35,147,18,27.99,29.56,18.68,21.44,28.29,40.62,44.22,31.63,87.29,26.54,NaN,NaN,NaN
6/7/19 13:15,FRC1,73,36,132,20,23.47,28.87,18.74,41.61,27.49,46.35,44.67,31.63,83.6,26.76,NaN,NaN,NaN
6/7/19 13:30,FRC1,75,35,147,18,23.78,28.37,18.22,59.7,26.9,49.2,44.8,31.61,64.74,25.78,NaN,NaN,NaN
6/7/19 13:45,FRC1,73,36,126,21,23.04,28.05,16.75,23.4,27.46,50.48,44.75,31.53,45.2,26.63,NaN,NaN,NaN
6/7/19 14:00,FRC1,73,36,115,23,21.98,27.59,18.42,17.71,27.46,51.35,45.25,31.67,49.18,27,NaN,NaN,NaN
6/7/19 14:15,FRC1,73,36,110,24,21.3,27.4,19.21,18.82,27.05,51.88,45.13,31.73,58.72,36.88,NaN,NaN,NaN
6/7/19 14:30,FRC1,73,36,115,23,20.57,27.2,18.43,19.41,34.48,51.28,46.82,32.62,71.63,68.78,NaN,NaN,NaN
6/7/19 14:45,FRC1,75,35,115,23,20.12,27.07,19.12,19.44,48.59,51.14,41.46,33.5,85.9,35.18,NaN,NaN,NaN
6/7/19 15:00,FRC1,73,36,102,26,20.32,33.74,20.12,20.7,32.25,52.26,32.08,29.88,87.44,27.35,NaN,NaN,NaN
6/7/19 15:15,FRC1,73,36,120,22,23.48,47.65,20.29,25.62,33.8,52.76,29.28,27.56,44.4,27.49,NaN,NaN,NaN
6/7/19 15:30,FRC1,75,35,132,20,32.59,59.66,21.92,25.05,34.64,52.54,26.52,27.05,35.99,28.18,NaN,NaN,NaN
6/7/19 15:45,FRC1,75,35,110,24,41.21,65.44,24.78,27.51,35.38,52.71,26.46,27.2,34.02,33.18,NaN,NaN,NaN
6/7/19 16:00,FRC1,75,35,115,23,49.13,67.48,25.86,32.48,35.87,56.06,26.54,25.44,30.51,31.75,NaN,NaN,NaN
6/7/19 16:15,FRC1,73,36,126,21,55.32,67.75,28.35,35.19,36.86,46.54,26.23,25.44,29.81,35.27,NaN,NaN,NaN
6/7/19 16:30,FRC1,75,35,147,18,60.41,67.47,28.97,37.56,37.81,34.48,26.11,29.47,30.92,37.15,NaN,NaN,NaN
6/7/19 16:45,FRC1,73,36,126,21,63.28,66.93,29.06,37.44,40.2,32.48,26.56,29.95,30.51,38.76,NaN,NaN,NaN
6/7/19 17:00,FRC1,75,35,132,20,65.88,67.06,29.5,39.17,41.94,28.81,27.11,29.99,30.39,42.38,NaN,NaN,NaN
6/7/19 17:15,FRC1,75,35,110,24,67.73,67.32,30.44,41.64,43.05,28.91,27.61,31.29,32.37,46.68,NaN,NaN,NaN
6/7/19 17:30,FRC1,73,36,126,21,68.8,67.18,30.8,41.02,43.83,29.3,28.64,33.79,32.52,47.93,NaN,NaN,NaN
6/7/19 17:45,FRC1,73,36,115,23,70.76,67.17,31.01,41.55,44.68,30.22,28.6,30.94,33.92,49.73,NaN,NaN,NaN
6/7/19 18:00,FRC1,73,36,110,24,72.38,67.08,31.08,41.97,45.78,31.48,29.08,34.11,34.21,54.56,NaN,NaN,NaN
6/7/19 18:15,FRC1,73,36,132,20,72.68,66.95,30.72,42.37,46.51,32.85,29.52,33.66,34.84,53.2,NaN,NaN,NaN
6/7/19 18:30,FRC1,75,35,120,22,71.84,66.95,31.22,42.53,47.95,34.42,30.16,35.62,36.17,57.92,NaN,NaN,NaN
6/7/19 18:45,FRC1,73,36,115,23,71.6,66.93,32.34,43.19,50.61,36.81,34.55,33.48,38.22,59.89,NaN,NaN,NaN
6/7/19 19:00,FRC1,73,36,139,19,72.17,66.53,33.1,43.9,42.42,50.04,34.38,34.39,43.73,58.91,NaN,NaN,NaN
6/7/19 19:15,FRC1,73,36,110,24,72.57,57.35,33.61,44.55,48.95,63.56,39.44,45.04,46.45,62.43,NaN,NaN,NaN
6/7/19 19:30,FRC1,75,35,115,23,62.36,46.54,31.9,45.13,45.77,82.3,41.87,80.02,54.51,64.34,NaN,NaN,NaN
6/7/19 19:45,FRC1,75,35,120,22,48.34,39.97,28.13,48.34,48.93,99.47,41.79,87.79,65.23,67.55,NaN,NaN,NaN
6/7/19 20:00,FRC1,75,35,132,20,40.29,35.85,26.04,41.95,57.41,107.21,42.7,93.72,77.12,70.53,NaN,NaN,NaN
6/7/19 20:15,FRC1,75,35,147,18,35.72,33.04,26.78,38.84,58.8,119.35,46.69,103.65,83.72,64.3,NaN,NaN,NaN
6/7/19 20:30,FRC1,73,36,126,21,32.42,31.42,28.01,36.46,56.17,136.44,50.8,119.71,88.96,67.2,NaN,NaN,NaN
6/7/19 20:45,FRC1,75,35,115,23,30.67,30.6,29.67,35.83,58.49,155.78,53.67,131.78,88.94,55.55,NaN,NaN,NaN
6/7/19 21:00,FRC1,73,36,120,22,28.51,30.1,31.7,34.86,69.7,161.3,54.22,143.57,85.95,61.09,NaN,NaN,NaN
6/7/19 21:15,FRC1,75,35,115,23,26.88,29.93,31.7,33.32,81.45,157.82,54.09,155.62,80.85,59.3,NaN,NaN,NaN
6/7/19 21:30,FRC1,75,35,132,20,26.28,29.79,30.54,32.22,85.66,149.74,53.47,166.74,91.61,55.98,NaN,NaN,NaN
6/7/19 21:45,FRC1,73,36,126,21,25.62,29.92,31.96,31.52,87.47,152.17,56.16,176.79,76.54,59.16,NaN,NaN,NaN
6/7/19 22:00,FRC1,75,35,132,20,25.43,29.7,33.05,31.72,81.66,156.07,57.47,192.93,76.27,63.44,NaN,NaN,NaN
6/7/19 22:15,FRC1,73,36,106,25,26.15,29.77,32.88,31.56,79.22,161.98,58.92,205.85,75.61,67.04,NaN,NaN,NaN
6/7/19 22:30,FRC1,73,36,110,24,26.3,29.3,34.1,31,78.32,166.14,58.58,215.07,74.97,58.09,NaN,NaN,NaN
6/7/19 22:45,FRC1,73,36,73,36,26.7,29.31,34.67,31.26,75.88,160.23,59.31,222.42,71.56,56.12,NaN,NaN,NaN
6/7/19 23:00,FRC1,73,36,73,36,26.68,29.31,37.31,31.39,75.64,149.35,59.4,229.05,68.73,56.73,NaN,NaN,NaN
6/7/19 23:15,FRC1,73,36,73,36,26.35,30.02,44.8,32.3,70.66,134.17,50.83,230.89,64.65,59.61,NaN,NaN,NaN
6/7/19 23:30,FRC1,73,36,73,36,25.9,39.47,56.41,32.16,68.75,121.23,49.01,231.15,48.67,55.53,NaN,NaN,NaN
6/7/19 23:45,FRC1,73,36,73,36,28.99,54.35,58.45,33.32,65.71,113.9,46.67,231.56,44.26,52.22,NaN,NaN,NaN
7/7/19 0:00,FRC1,73,36,73,36,36.17,68.55,53.35,75.39,62.25,111.93,45.43,231.77,40.56,52.86,NaN,NaN,NaN
7/7/19 0:15,FRC1,73,36,73,36,43.24,75.91,56.39,81.86,61.92,115.79,43.91,231.17,43.05,46.44,NaN,NaN,NaN
7/7/19 0:30,FRC1,73,36,73,36,48.85,77.47,58.31,36.35,62.04,120.2,42.51,229.04,57.35,61.33,NaN,NaN,NaN
7/7/19 0:45,FRC1,73,36,73,36,53.1,76.08,63.62,38.03,62.37,129.19,42.47,225.7,39.29,64.83,NaN,NaN,NaN
7/7/19 1:00,FRC1,73,36,73,36,55.65,74.21,73.48,39.89,62.14,136.28,41.29,225.33,38.27,64.36,NaN,NaN,NaN
7/7/19 1:15,FRC1,73,36,73,36,56.89,72.44,78.51,41.57,61.74,140.27,39.4,220.84,48.07,59.93,NaN,NaN,NaN
7/7/19 1:30,FRC1,73,36,73,36,57.94,71.32,77.52,43.65,61.45,143.46,38.58,43.39,75.34,62.66,NaN,NaN,NaN
7/7/19 1:45,FRC1,73,36,73,36,58.77,69.93,76.41,45.6,60.83,143.8,37.81,30.45,72.82,67.57,NaN,NaN,NaN
7/7/19 2:00,FRC1,73,36,73,36,59.36,69.12,73.08,47.04,60.72,147.29,37.5,30.22,70.72,70.78,NaN,NaN,NaN
7/7/19 2:15,FRC1,73,36,73,36,60.24,68.44,68.85,49.09,61.06,156.1,37.74,29.81,68.37,72.1,NaN,NaN,NaN
7/7/19 2:30,FRC1,73,36,73,36,60.78,68.25,65.2,50.16,60,147.4,37.83,30.34,61.13,72.95,NaN,NaN,NaN
7/7/19 2:45,FRC1,73,36,73,36,60.96,68.03,61.59,51.56,59.96,132.55,37.11,74.14,65.65,74.31,NaN,NaN,NaN
7/7/19 3:00,FRC1,73,36,73,36,61.65,67.92,59.44,51.64,59.22,119.43,36.03,29.63,64.84,73.32,NaN,NaN,NaN
7/7/19 3:15,FRC1,75,35,94,28,61.75,67.61,59.28,52.78,56.25,109.93,38.6,44.25,61.31,72.22,NaN,NaN,NaN
7/7/19 3:30,FRC1,75,35,75,35,61.73,66.7,57.62,52.7,47.96,104.86,37.31,61.53,53.88,70.98,NaN,NaN,NaN
7/7/19 3:45,FRC1,75,35,75,35,60.46,59.04,55.8,51.78,41.63,102.46,41.47,133.63,44.18,71.46,NaN,NaN,NaN
7/7/19 4:00,FRC1,75,35,75,35,48.16,50.52,51.83,56.85,40.57,100.64,44.35,130.26,47.48,72.2,NaN,NaN,NaN
7/7/19 4:15,FRC1,75,35,75,35,38.28,44.22,46.68,57.69,32.69,100.68,45.55,125.92,47.83,70.35,NaN,NaN,NaN
7/7/19 4:30,FRC1,75,35,75,35,33.3,40.73,44.61,50.05,31.69,98.1,50.4,121.13,50.24,63.87,NaN,NaN,NaN
7/7/19 4:45,FRC1,75,35,75,35,29.64,38.15,42.83,46.57,31.22,93.11,54.91,116.4,58.42,53.16,NaN,NaN,NaN
7/7/19 5:00,FRC1,75,35,75,35,28.39,36.41,39.99,40.19,31.1,91.82,57.62,113.75,64.07,51.65,NaN,NaN,NaN
7/7/19 5:15,FRC1,75,35,75,35,26.56,35.71,37.65,38.47,31.19,86.8,59.46,76.37,65.78,47.09,NaN,NaN,NaN
7/7/19 5:30,FRC1,75,35,75,35,26.07,35.18,39.83,37.16,31.88,93.61,60.93,31.54,67.4,46.14,NaN,NaN,NaN
7/7/19 5:45,FRC1,75,35,75,35,25.81,34.99,39.25,59.58,31.76,97.23,62.16,32.63,68.05,47.36,NaN,NaN,NaN
7/7/19 6:00,FRC1,75,35,75,35,26.04,34.44,38.76,58.6,31.73,98.7,62.21,32.72,68.85,48.79,NaN,NaN,NaN
7/7/19 6:15,FRC1,75,35,75,35,26.69,34.76,39.37,40.06,31.45,97.86,64.65,32.65,70.23,49.49,NaN,NaN,NaN
7/7/19 6:30,FRC1,75,35,75,35,26.05,35.51,38.52,39.9,31.95,101.09,65.51,31.95,70.56,49.38,NaN,NaN,NaN
7/7/19 6:45,FRC1,75,35,75,35,26.27,36.39,38.49,39.8,32.66,104.55,65.21,31.8,70.52,49.84,NaN,NaN,NaN
7/7/19 7:00,FRC1,75,35,75,35,25.78,37.22,39.98,40.18,33.37,107.22,64.84,31.32,69.15,50.2,NaN,NaN,NaN
7/7/19 7:15,FRC1,75,35,75,35,25.85,37.96,40.49,40.61,37.08,116.59,63.88,32.65,69.16,51.03,NaN,NaN,NaN
7/7/19 7:30,FRC1,75,35,75,35,25.81,38.77,39.66,41.17,34.22,124.54,63.06,33.31,69.69,49.15,NaN,NaN,NaN
7/7/19 7:45,FRC1,75,35,75,35,26.16,41.14,38.65,40.82,38.6,126.99,49.22,28.21,61.43,46.94,NaN,NaN,NaN
7/7/19 8:00,FRC1,75,35,75,35,28.6,50.53,49.05,40.34,40.58,115.15,43.96,86.12,47.91,44.4,NaN,NaN,NaN
7/7/19 8:15,FRC1,75,35,102,26,35.01,61.53,47.86,39.25,41.25,94.82,38.25,73.53,48.75,42.8,NaN,NaN,NaN
7/7/19 8:30,FRC1,75,35,75,35,42.26,71.38,48.23,39.18,41.15,74.97,33.68,59.33,40.31,41.06,NaN,NaN,NaN
7/7/19 8:45,FRC1,75,35,75,35,47.66,79.19,43.34,43.07,42.15,58.46,31.45,47.17,36.55,38.82,NaN,NaN,NaN
7/7/19 9:00,FRC1,75,35,75,35,51.38,85.93,39.5,43.93,42.14,45.16,29.32,38.47,34.81,43.41,NaN,NaN,NaN
7/7/19 9:15,FRC1,75,35,75,35,53.8,91.53,40.88,44.86,45.22,41.2,27.69,33.13,32.84,46.17,NaN,NaN,NaN
7/7/19 9:30,FRC1,75,35,75,35,55.87,95.4,41.16,45.8,45.24,35.58,26.51,31.46,31.83,46.67,NaN,NaN,NaN
7/7/19 9:45,FRC1,73,36,94,28,57.4,99.66,40.62,46.18,46.42,37.08,25.75,25.39,30.63,50.23,NaN,NaN,NaN
7/7/19 10:00,FRC1,75,35,115,23,58.55,102.55,38.97,46.87,45.43,38.49,25.87,23.54,29.48,54.51,NaN,NaN,NaN
7/7/19 10:15,FRC1,75,35,102,26,59.75,105.7,37.79,48.01,44.67,41.47,25.61,24.17,28.61,56.18,NaN,NaN,NaN
7/7/19 10:30,FRC1,75,35,120,22,61,108.13,36.23,47.95,44.62,48.24,25.26,22.3,28.56,56.31,NaN,NaN,NaN
7/7/19 10:45,FRC1,73,36,147,18,61.89,110.4,37.09,48.07,44.36,52.85,25.11,23.84,28.46,57.36,NaN,NaN,NaN
7/7/19 11:00,FRC1,75,35,120,22,62.7,109.59,43.93,47.81,44.24,54.4,25.15,24.63,28.19,54.71,NaN,NaN,NaN
7/7/19 11:15,FRC1,73,36,98,27,63.81,103.89,32.01,46.84,43.79,55.55,25.2,24.17,28.13,54.44,NaN,NaN,NaN
7/7/19 11:30,FRC1,73,36,115,23,64.54,94.87,31.79,46.37,48.7,55.97,27,24.86,27.27,55.18,NaN,NaN,NaN
7/7/19 11:45,FRC1,73,36,115,23,65.33,87.03,31.27,46.1,42.08,56,28.5,25.52,30.74,55.07,NaN,NaN,NaN
7/7/19 12:00,FRC1,75,35,110,24,66.15,72.91,31.22,45.54,38.44,56.76,29.52,21.52,29.84,56.3,NaN,NaN,NaN
7/7/19 12:15,FRC1,73,36,73,36,60.46,56.48,27.44,45.67,44.38,56.75,32.91,26.48,33.68,52.51,NaN,NaN,NaN
7/7/19 12:30,FRC1,73,36,102,26,44.36,46.38,25.56,46.91,80.26,56.89,33.94,22.31,36.16,55.49,NaN,NaN,NaN
7/7/19 12:45,FRC1,73,36,106,25,34.15,40.32,20.97,37.88,90.81,56.81,36.61,20.45,47,52.02,NaN,NaN,NaN
7/7/19 13:00,FRC1,75,35,115,23,28.67,36.18,20.35,35.63,34.81,56.02,41.35,30.76,47.66,42.27,NaN,NaN,NaN
7/7/19 13:15,FRC1,73,36,98,27,25.62,33.85,20.83,31.51,27.22,55.96,44.32,32.61,50.46,35.95,NaN,NaN,NaN
7/7/19 13:30,FRC1,75,35,139,19,23.65,32.19,21.6,30.12,50.11,57.26,46.38,32.82,52.55,33.61,NaN,NaN,NaN
7/7/19 13:45,FRC1,73,36,132,20,22.5,31.22,21.6,29.34,94.47,46.48,47.73,33.45,52.95,28.85,NaN,NaN,NaN
7/7/19 14:00,FRC1,75,35,126,21,21.46,30.45,20.72,28.95,53.38,33.57,48.35,34.8,53.98,51.69,NaN,NaN,NaN
7/7/19 14:15,FRC1,73,36,73,36,20.71,29.86,21.74,28.59,25.94,32.39,48.93,34.83,54.49,49.84,NaN,NaN,NaN
7/7/19 14:30,FRC1,73,36,120,22,20.44,29.12,21.49,28.37,25.77,28.99,48.87,34.87,56.23,38.45,NaN,NaN,NaN
7/7/19 14:45,FRC1,75,35,120,22,19.86,28.52,22.07,27.17,25.75,26.5,48.45,35.26,54.86,35.96,NaN,NaN,NaN
7/7/19 15:00,FRC1,73,36,106,25,19.84,28.19,22.12,27.4,26.34,44.38,47.93,36.73,55.04,31.25,NaN,NaN,NaN
7/7/19 15:15,FRC1,75,35,94,28,19.45,28.2,22.17,26.95,26.46,69.43,48.14,36.7,55.2,28.08,NaN,NaN,NaN
7/7/19 15:30,FRC1,73,36,139,19,19.45,27.82,22.16,26.78,26.7,58.48,48.34,37.19,55.27,27.88,NaN,NaN,NaN
7/7/19 15:45,FRC1,73,36,115,23,18.84,27.76,22.51,26.47,31.19,25.75,49.94,38.32,55.69,28.34,NaN,NaN,NaN
7/7/19 16:00,FRC1,73,36,102,26,18.99,27.68,22.63,26.43,31.97,25.81,42.13,40.59,57.98,28.43,NaN,NaN,NaN
7/7/19 16:15,FRC1,75,35,115,23,18.9,35.1,22.67,25.98,50.76,26.12,33.05,34.22,47.63,30.12,NaN,NaN,NaN
7/7/19 16:30,FRC1,75,35,110,24,22.86,48.2,20.19,25.9,34.52,26.25,29.68,29.28,37.58,31.15,NaN,NaN,NaN
7/7/19 16:45,FRC1,73,36,110,24,32.89,58.55,22.5,25.7,35.33,26.29,28.21,27.13,34.66,30.83,NaN,NaN,NaN
7/7/19 17:00,FRC1,75,35,98,27,43.63,64.43,24.84,28.48,36.72,26.93,28.19,27.44,32.29,35.68,NaN,NaN,NaN
7/7/19 17:15,FRC1,73,36,106,25,52.55,67,25.63,32.16,38.6,27.15,28.93,27.69,33.21,40.2,NaN,NaN,NaN
7/7/19 17:30,FRC1,75,35,75,35,60.27,68.48,27.34,34.42,41.36,27.9,29.96,27.77,33.12,41.45,NaN,NaN,NaN
7/7/19 17:45,FRC1,75,35,106,25,63.26,68.72,27.61,36.39,45.1,32.86,30.49,27.5,34.19,42.14,NaN,NaN,NaN
7/7/19 18:00,FRC1,73,36,91,29,60.7,69.57,28.14,37.41,46,32.55,31.3,27.5,35.76,47.07,NaN,NaN,NaN
7/7/19 18:15,FRC1,73,36,132,20,57.68,69.92,29.2,39.22,47.8,38.39,32.55,28.26,37.83,50.87,NaN,NaN,NaN
7/7/19 18:30,FRC1,75,35,132,20,55.62,70.33,31.6,41.12,48.88,42.2,34.22,30.04,40.12,56.12,NaN,NaN,NaN
7/7/19 18:45,FRC1,73,36,126,21,54.28,70.41,32.72,42.86,49.41,48.67,37.24,31.67,43.9,60.8,NaN,NaN,NaN
7/7/19 19:00,FRC1,75,35,115,23,53.19,70.44,34,43.67,49.45,56.14,39.44,35.85,47.73,64.75,NaN,NaN,NaN
7/7/19 19:15,FRC1,75,35,110,24,53.44,71,35.52,43.76,50.33,60.5,42.3,42.54,50.34,76.36,NaN,NaN,NaN
7/7/19 19:30,FRC1,75,35,106,25,54.39,71.18,36.94,43.93,50.72,78.47,43.95,51.11,54.2,95.69,NaN,NaN,NaN
7/7/19 19:45,FRC1,73,36,115,23,54.88,71.98,37.98,43.74,51.47,82.36,44.52,62.79,57.84,59.02,NaN,NaN,NaN
7/7/19 20:00,FRC1,73,36,110,24,55.55,72.89,40.67,44.36,53.71,79.21,50.19,71.84,67.97,86.8,NaN,NaN,NaN
7/7/19 20:15,FRC1,73,36,91,29,56,73.45,44.55,45.52,43.83,78.85,49.69,81.46,85.95,142.42,NaN,NaN,NaN
7/7/19 20:30,FRC1,75,35,126,21,56.53,65.44,45.64,46.24,39.36,88.86,58.04,87.2,97.34,99.02,NaN,NaN,NaN
7/7/19 20:45,FRC1,73,36,139,19,53.21,56.55,43.5,47.06,49.41,76.62,63.62,99.69,107.09,48.7,NaN,NaN,NaN
7/7/19 21:00,FRC1,75,35,115,23,47.01,51.85,43.17,48.31,63.43,79.2,66.43,108.39,112.59,46.33,NaN,NaN,NaN
7/7/19 21:15,FRC1,73,36,156,17,43.4,49.06,44.57,40.28,89.85,67.85,69.71,123.12,108.13,41.98,NaN,NaN,NaN
7/7/19 21:30,FRC1,75,35,265,10,41.92,47.43,48.02,37.22,93.8,78.79,73.41,134.98,110.45,146.57,NaN,NaN,NaN
7/7/19 21:45,FRC1,78,34,241,11,41.99,46.29,50.17,33.88,74.65,100.95,73.44,147.48,122.26,204.45,NaN,NaN,NaN
7/7/19 22:00,FRC1,71,37,189,14,42.72,45.22,49.05,32.64,31.64,90.87,71.66,159.54,128.48,228.21,NaN,NaN,NaN
7/7/19 22:15,FRC1,71,37,221,12,43.59,43.93,48.34,33.01,31.97,61.77,69.23,172.89,126.62,241.35,NaN,NaN,NaN
7/7/19 22:30,FRC1,75,35,139,19,44.61,42.78,47.27,33.21,32.2,46.28,65.32,180.27,123.49,235.01,NaN,NaN,NaN
7/7/19 22:45,FRC1,73,36,147,18,45.86,41.93,45.45,33.48,32.19,42.03,62.1,185.35,76.84,229.72,NaN,NaN,NaN
7/7/19 23:00,FRC1,73,36,156,17,47.27,41.4,44.45,33.82,90.98,35.85,61.58,183.3,69.82,215.09,NaN,NaN,NaN
7/7/19 23:15,FRC1,73,36,94,28,47.47,41.9,44.39,34.01,94.39,35.34,61.88,177.37,61.38,203.61,NaN,NaN,NaN
7/7/19 23:30,FRC1,73,36,73,36,47.22,42.54,43.29,34.5,95.15,36.99,61.39,166.74,61.28,197.43,NaN,NaN,NaN
7/7/19 23:45,FRC1,73,36,73,36,48.04,42.41,43.14,33.74,97.63,36.01,59.48,156.06,59.52,191.51,NaN,NaN,NaN
8/7/19 0:00,FRC1,73,36,73,36,49.04,42.78,41.29,32.77,79.85,37.04,58.8,146.7,60.77,188.32,NaN,NaN,NaN
8/7/19 0:15,FRC1,73,36,115,23,49.9,42.33,40.46,32.56,96.19,39.04,60.93,137.89,54.27,187.85,NaN,NaN,NaN
8/7/19 0:30,FRC1,73,36,73,36,50.69,44.49,39.36,33.12,53.42,40.62,48.76,129.47,71.76,188.5,NaN,NaN,NaN
8/7/19 0:45,FRC1,73,36,73,36,50.88,54.72,51.62,33,35.35,43.45,39.17,117.45,82.39,188.99,NaN,NaN,NaN
8/7/19 1:00,FRC1,73,36,73,36,54.24,68.88,56.32,36.86,36.87,44.98,34.07,110.56,80.85,192.16,NaN,NaN,NaN
8/7/19 1:15,FRC1,73,36,73,36,60.52,82.69,42.46,109.2,38.06,46.21,32.47,108.16,78.69,197.64,NaN,NaN,NaN
8/7/19 1:30,FRC1,75,35,75,35,66.52,91.26,41.79,48.37,39.65,46.88,31.89,106.76,77.58,201.56,NaN,NaN,NaN
8/7/19 1:45,FRC1,75,35,75,35,71.52,92.69,41.56,47.52,41.54,47.13,31.8,107.12,73.23,213.29,NaN,NaN,NaN
8/7/19 2:00,FRC1,75,35,75,35,75.92,90.05,41.3,47.15,44.87,46.72,32.02,107.81,63.4,224.51,NaN,NaN,NaN
8/7/19 2:15,FRC1,75,35,98,27,78.86,86.46,41.16,47.84,46.75,48.04,31.45,109.05,51.24,232.34,NaN,NaN,NaN
8/7/19 2:30,FRC1,73,36,91,29,80.99,85.21,41.01,49.06,48.58,51.23,31.73,111.59,49.18,238.37,NaN,NaN,NaN
8/7/19 2:45,FRC1,75,35,98,27,82.81,85.93,42.36,51.09,49.45,55.06,31.85,116,43.15,221.79,NaN,NaN,NaN
8/7/19 3:00,FRC1,75,35,75,35,84.22,84.4,46.2,53.51,49.37,59.74,31.7,120.61,47.81,235.44,NaN,NaN,NaN
8/7/19 3:15,FRC1,75,35,75,35,84.79,84.18,51.94,53.42,49.51,68.34,31.62,123.36,43.07,226.71,NaN,NaN,NaN
8/7/19 3:30,FRC1,75,35,75,35,85.44,84.19,56.6,50.98,50.78,74.6,32.08,122.69,43.26,216.17,NaN,NaN,NaN
8/7/19 3:45,FRC1,75,35,75,35,85.8,83.75,59.85,50.17,51.46,76.93,32.43,121.45,45.85,203.83,NaN,NaN,NaN
8/7/19 4:00,FRC1,75,35,75,35,86.26,82.74,61.24,48.59,53.21,77.64,32.62,118.09,45.24,120.38,NaN,NaN,NaN
8/7/19 4:15,FRC1,75,35,75,35,86.44,81.1,60.93,47.84,57.61,77.72,32.95,114.44,45.39,43.48,NaN,NaN,NaN
8/7/19 4:30,FRC1,75,35,75,35,86.6,79.99,58.97,47.26,57.13,77.18,37,112.85,47.76,37.77,NaN,NaN,NaN
8/7/19 4:45,FRC1,75,35,75,35,86.6,75.47,56.49,49.14,50.6,77.13,37.68,108.35,49.87,35.39,NaN,NaN,NaN
8/7/19 5:00,FRC1,75,35,75,35,83.84,66.13,52.64,49.39,49.59,77.46,41.92,105.76,53.2,33.29,NaN,NaN,NaN
8/7/19 5:15,FRC1,75,35,75,35,65.16,56.97,48.18,54.56,43.44,79.14,45.24,106.16,59.37,32.01,NaN,NaN,NaN
8/7/19 5:30,0.0,0.0,0.0,0.0,0.0,51.46,50.89,43.45,53.54,70.67,78.63,47.16,106.3,64.11,31.61,NaN,NaN,NaN
8/7/19 5:45,0.0,0.0,0.0,0.0,0.0,44.92,46.98,40.66,48.18,83.69,79.05,52.84,106.31,72.7,39.49,NaN,NaN,NaN
8/7/19 6:00,0.0,0.0,0.0,0.0,0.0,41.26,44.37,42.88,53.27,83.67,82.99,57.81,106.72,84.44,48.99,NaN,NaN,NaN
8/7/19 6:15,0.0,0.0,0.0,0.0,0.0,39.15,42.33,43.18,92.38,84.75,92.45,61.1,106.87,90.46,43.59,NaN,NaN,NaN
8/7/19 6:30,0.0,0.0,0.0,0.0,0.0,37.78,41.26,42.75,40.97,85.81,83.84,62.21,109.34,94.18,33.01,NaN,NaN,NaN
8/7/19 6:45,0.0,0.0,0.0,0.0,0.0,37.32,40.7,42.62,41.07,86.79,74.23,63.28,114.65,94.39,89.37,NaN,NaN,NaN
8/7/19 7:00,0.0,0.0,0.0,0.0,0.0,38.3,40.44,44.45,54.75,84.72,71.37,64.44,120.2,94.47,84.75,NaN,NaN,NaN
8/7/19 7:15,0.0,0.0,0.0,0.0,0.0,38.89,40.46,47.83,44.08,88.11,75.39,66.56,125.62,96.53,80.06,NaN,NaN,NaN
8/7/19 7:30,0.0,0.0,0.0,0.0,0.0,40.03,40.17,51.98,43.06,88.37,65.14,68.39,129.24,98.38,76.51,NaN,NaN,NaN
8/7/19 7:45,0.0,0.0,0.0,0.0,0.0,41.33,39.94,54.54,41.28,88.46,62.6,64.65,120.71,99.15,69.96,NaN,NaN,NaN
8/7/19 8:00,0.0,0.0,0.0,0.0,0.0,43.47,39.72,51.65,39.99,89.5,65.51,63.23,106.05,99.05,63.24,NaN,NaN,NaN
8/7/19 8:15,0.0,0.0,0.0,0.0,0.0,45.05,39.68,47.27,38.75,89.17,66.69,63.07,90.98,96.77,58.03,NaN,NaN,NaN
8/7/19 8:30,0.0,0.0,0.0,0.0,0.0,45.86,39.93,42.78,37.91,90.21,67.97,62.8,73.77,92.71,52.09,NaN,NaN,NaN
8/7/19 8:45,0.0,0.0,0.0,0.0,0.0,44.9,40,39.79,36.56,54.84,67.63,60.53,61.18,86.1,47.41,NaN,NaN,NaN
8/7/19 9:00,0.0,0.0,0.0,0.0,0.0,43.63,44.35,40.5,36.28,42.64,69.44,41.33,51.6,70.73,42.75,NaN,NaN,NaN
8/7/19 9:15,0.0,0.0,0.0,0.0,0.0,43.2,56.19,50.32,37.46,38.94,69.11,36.18,40.67,53.41,38.93,NaN,NaN,NaN
8/7/19 9:30,0.0,0.0,0.0,0.0,0.0,48.45,69.01,43.37,40.81,41.37,69.49,31.32,34.85,48.29,37.33,NaN,NaN,NaN
8/7/19 9:45,0.0,0.0,0.0,0.0,0.0,55.71,80.52,40.68,35.21,41.44,68.19,29.55,33.49,40.62,41.65,NaN,NaN,NaN
8/7/19 10:00,0.0,0.0,0.0,0.0,0.0,61.69,89.47,33.92,37.44,42.7,71.89,28.3,30.52,37.38,32.43,NaN,NaN,NaN
8/7/19 10:15,0.0,0.0,0.0,0.0,0.0,66.13,96.71,36.25,39.81,45.6,72.35,27.36,29.1,64.5,35.59,NaN,NaN,NaN
8/7/19 10:30,0.0,0.0,0.0,0.0,0.0,69.28,102.09,37.83,43.4,46.97,71.94,27.53,27.91,62.5,40.55,NaN,NaN,NaN
8/7/19 10:45,0.0,0.0,0.0,0.0,0.0,71.29,106.54,38.25,42.59,47.61,62.45,26.69,26.06,54.66,45.88,NaN,NaN,NaN
8/7/19 11:00,0.0,0.0,0.0,0.0,0.0,72.65,110.13,38.24,42.19,48.73,52.27,26.63,25.73,32.88,48.36,NaN,NaN,NaN
8/7/19 11:15,0.0,0.0,0.0,0.0,0.0,74.01,111.67,39.06,33.13,48.17,40.25,26.47,25.15,33.11,54.74,NaN,NaN,NaN
8/7/19 11:30,0.0,0.0,0.0,0.0,0.0,74.69,108.2,38.45,31.79,48.94,39.04,25.28,25.33,32.64,52.14,NaN,NaN,NaN
8/7/19 11:45,FRC1,73,36,115,23,76.25,100.17,39,31.41,47.47,40.37,24.13,25.48,31.67,60.41,NaN,NaN,NaN
8/7/19 12:00,FRC1,73,36,126,21,78.05,92.66,37.54,31.01,48.35,40.31,24.62,26.6,26.98,55.5,NaN,NaN,NaN
8/7/19 12:15,FRC1,73,36,126,21,78.98,87.86,37.25,30.49,47.66,40.22,25.78,24.49,27.34,52.83,NaN,NaN,NaN
8/7/19 12:30,0.0,0.0,0.0,0.0,0.0,79.9,85.09,36.09,30.42,47.68,40.23,26.06,24.53,27.98,54.27,NaN,NaN,NaN
8/7/19 12:45,0.0,0.0,0.0,0.0,0.0,80.64,83.16,35.52,29.21,47.18,39.63,29.28,24.96,28.68,57.04,NaN,NaN,NaN
8/7/19 13:00,FRC1,73,36,106,25,80.22,81.09,34.72,29.07,38.04,39.72,29.72,31.89,33.12,57.53,NaN,NaN,NaN
8/7/19 13:15,FRC1,73,36,106,25,72.93,71.17,34.48,31.28,35.82,39.08,31.41,26.23,33.23,42.8,NaN,NaN,NaN
8/7/19 13:30,FRC1,75,35,126,21,61.15,57.58,31.66,25.61,32.26,38.24,37.72,29.97,37.1,37.43,NaN,NaN,NaN
8/7/19 13:45,FRC1,73,36,139,19,44.69,48.31,28.96,25.81,30.2,38.3,45.22,30.63,39.23,32.87,NaN,NaN,NaN
8/7/19 14:00,FRC1,73,36,132,20,34.36,42.88,24.79,25.89,29.7,37.9,46.13,32.56,44.16,37.84,NaN,NaN,NaN
8/7/19 14:15,FRC1,75,35,126,21,28.56,39.39,23.29,26.12,28.76,37.59,47.8,34.4,52.42,33.4,NaN,NaN,NaN
8/7/19 14:30,FRC1,75,35,126,21,25.08,37.34,22.88,25.44,27.69,36.71,48.48,34.08,68.98,37.45,NaN,NaN,NaN
8/7/19 14:45,FRC1,73,36,120,22,22.88,35.8,23.35,24.5,27.8,41.6,49.18,34.77,61.49,33.15,NaN,NaN,NaN
8/7/19 15:00,FRC1,75,35,110,24,21.6,34.84,23.44,24.87,27.22,39.18,49.46,36.38,58.76,32.57,NaN,NaN,NaN
8/7/19 15:15,FRC1,75,35,98,27,20.92,34.19,23.28,24.56,26.86,32,48.6,36.49,64.5,31.43,NaN,NaN,NaN
8/7/19 15:30,FRC1,73,36,102,26,19.88,33.16,23.05,25.52,26.69,29.26,49.84,37.74,59.63,34.28,NaN,NaN,NaN
8/7/19 15:45,FRC1,73,36,110,24,19.43,32.99,22.32,25.98,26.8,27.93,51.24,38.16,62.29,34.1,NaN,NaN,NaN
8/7/19 16:00,FRC1,71,37,156,17,19.24,32.78,22.56,26.2,26.56,27.33,50.31,39.1,62.25,33.88,NaN,NaN,NaN
8/7/19 16:15,FRC1,75,35,204,13,18.81,32.28,22.79,26.33,26.54,26.83,49.62,38.74,63.44,33.68,NaN,NaN,NaN
8/7/19 16:30,FRC1,75,35,139,19,18.63,32.06,23.2,26.98,26.53,26.39,50.66,40,64.17,34.47,NaN,NaN,NaN
8/7/19 16:45,FRC1,73,36,120,22,18.5,31.82,23.46,26.12,27.04,27.27,49.51,39.9,65.25,34.1,NaN,NaN,NaN
8/7/19 17:00,FRC1,75,35,120,22,18.16,32.07,24.26,25.72,28.58,26.69,52.33,40.32,72.72,35.45,NaN,NaN,NaN
8/7/19 17:15,FRC1,75,35,139,19,18.33,33.89,24.76,25.86,31.98,26.7,42.9,40.38,85.25,36.24,NaN,NaN,NaN
8/7/19 17:30,FRC1,75,35,126,21,18.91,44.19,25.04,31.4,34.48,27,35.23,35.31,85.48,36.17,NaN,NaN,NaN
8/7/19 17:45,FRC1,73,36,132,20,24.01,57.54,22.22,29.02,37.26,27.53,32.13,31.78,58.18,37.01,NaN,NaN,NaN
8/7/19 18:00,FRC1,75,35,139,19,34.96,67.5,25.71,32.55,43.47,30.56,32.44,36.05,45.57,38.51,NaN,NaN,NaN
8/7/19 18:15,FRC1,75,35,132,20,46.56,72.64,28.23,34.54,39.72,30.32,33.96,34.18,43.34,48.11,NaN,NaN,NaN
8/7/19 18:30,FRC1,73,36,120,22,50.55,75.96,28.85,36.43,70.58,29.07,34.35,36.46,46.08,51.22,NaN,NaN,NaN
8/7/19 18:45,FRC1,75,35,110,24,51.01,77.74,30.46,37.77,70.77,30.21,35.25,33.79,50.16,55.37,NaN,NaN,NaN
8/7/19 19:00,FRC1,75,35,115,23,50.6,79.16,32.34,38.68,66.61,34.31,36.23,34.88,59.63,57.02,NaN,NaN,NaN
8/7/19 19:15,FRC1,75,35,132,20,49.58,79.29,43.86,39.45,68.99,32.91,38.26,40.35,71.78,63.26,NaN,NaN,NaN
8/7/19 19:30,FRC1,73,36,132,20,49.32,79.36,54.6,39.9,73.07,38.33,41.66,64.04,86.23,70.12,NaN,NaN,NaN
8/7/19 19:45,FRC1,75,35,147,18,48.81,79.86,39.94,40.61,66.98,43.1,52.19,78.87,104.83,85.15,NaN,NaN,NaN
8/7/19 20:00,FRC1,73,36,132,20,48.7,80.8,40.14,42.05,67.33,47.04,59.64,89.55,116.29,119.64,NaN,NaN,NaN
8/7/19 20:15,FRC1,75,35,126,21,48.9,81.45,45.66,43.88,65.65,49.45,59.2,107.26,131.06,130.8,NaN,NaN,NaN
8/7/19 20:30,FRC1,73,36,147,18,49.22,82.73,49.59,45.21,65.4,51.76,60.79,133.2,156.09,144.68,NaN,NaN,NaN
8/7/19 20:45,FRC1,73,36,139,19,49.42,83.66,53.48,45.68,64.83,52.09,61.01,150.64,179.4,174.74,NaN,NaN,NaN
8/7/19 21:00,FRC1,75,35,126,21,49.46,84.51,59.37,46.84,62.33,52.16,63.33,160.86,179.95,197.87,NaN,NaN,NaN
8/7/19 21:15,FRC1,73,36,132,20,49.28,85.08,65.63,49.01,58.64,53.57,66.08,160.8,170.05,211.51,NaN,NaN,NaN
8/7/19 21:30,FRC1,73,36,102,26,49.06,83.76,76.53,50.6,47.61,54.3,114.51,167.04,168.96,190.06,NaN,NaN,NaN
8/7/19 21:45,FRC1,75,35,98,27,48.6,71.33,94.41,57.76,45.29,56.16,202,174.5,186.49,60.41,NaN,NaN,NaN
8/7/19 22:00,FRC1,75,35,110,24,43.16,58.84,107.03,57.23,39.92,59.85,112.21,181.1,204.63,57.61,NaN,NaN,NaN
8/7/19 22:15,FRC1,75,35,102,26,34.9,51.01,110.43,53.23,39.29,64.3,49.6,178.85,215.69,53,NaN,NaN,NaN
8/7/19 22:30,FRC1,73,36,73,36,29.04,46.28,109.9,67.24,40.18,66.15,51.69,177.08,225.58,48.73,NaN,NaN,NaN
8/7/19 22:45,FRC1,73,36,73,36,25.72,43.16,109.38,43.8,40.71,67.3,52.91,177.47,226.07,66.01,NaN,NaN,NaN
8/7/19 23:00,FRC1,73,36,73,36,23.45,40.8,110.13,63.76,40.25,68.29,53.23,174.81,222.07,71.85,NaN,NaN,NaN
8/7/19 23:15,FRC1,73,36,73,36,22.19,38.53,110.8,55.33,38.2,69.82,55.67,167.07,211.13,26.37,NaN,NaN,NaN
8/7/19 23:30,FRC1,73,36,73,36,21.4,37.59,114.2,43.66,36.94,65.66,53.3,159.41,187.73,28.45,NaN,NaN,NaN
8/7/19 23:45,FRC1,73,36,73,36,20.7,36.67,116.8,80.91,36.52,60.63,54.87,150.97,166.79,29.84,NaN,NaN,NaN
9/7/19 0:00,FRC1,73,36,73,36,20.64,35.49,118.87,120.23,37.32,64,56.98,143.37,151.38,29.74,NaN,NaN,NaN
9/7/19 0:15,FRC1,73,36,73,36,20.38,34.93,118.18,121.44,38.3,64.43,56.2,138.85,130.51,30.84,NaN,NaN,NaN
9/7/19 0:30,FRC1,73,36,73,36,20.39,34.53,110.78,121.2,39.05,68.11,52.02,135.05,110.37,30.41,NaN,NaN,NaN
9/7/19 0:45,FRC1,73,36,73,36,20.42,34.65,101.2,122.26,39.86,69.21,51.73,133.61,93.62,29.77,NaN,NaN,NaN
9/7/19 1:00,FRC1,73,36,73,36,20.62,34.2,89.02,123.89,40.72,72.76,52.21,135.48,80.46,29.3,NaN,NaN,NaN
9/7/19 1:15,FRC1,73,36,73,36,20.7,34.02,75.71,125.86,44.35,72.52,52.13,138.94,70.1,29.17,NaN,NaN,NaN
9/7/19 1:30,FRC1,73,36,73,36,21.11,33.96,64.33,124.39,44.29,75.82,49.44,143.12,62.12,31.42,NaN,NaN,NaN
9/7/19 1:45,FRC1,73,36,73,36,21.51,41.12,54.66,125.26,48.45,73.23,36.99,146.91,57.6,30.93,NaN,NaN,NaN
9/7/19 2:00,FRC1,73,36,73,36,23.15,52.57,57.8,122.12,53.36,72.44,29.68,152.14,54.24,28.17,NaN,NaN,NaN
9/7/19 2:15,FRC1,73,36,73,36,29.9,66.47,55.67,73.97,54.72,74.15,27.24,155.97,52.06,27.37,NaN,NaN,NaN
9/7/19 2:30,FRC1,73,36,73,36,38.52,78.91,39.86,84.34,55.51,75.74,25.61,158.81,50.52,27.36,NaN,NaN,NaN
9/7/19 2:45,FRC1,73,36,73,36,47.68,85.06,37.89,57.56,57.19,75.13,25.5,158.48,49.52,28.31,NaN,NaN,NaN
9/7/19 3:00,FRC1,73,36,73,36,55.03,85.7,38.34,59.64,61.15,76.28,25.56,155.84,60.41,81.26,NaN,NaN,NaN
9/7/19 3:15,FRC1,73,36,73,36,61.28,84.72,38.61,62.91,64.6,76.9,25.41,150.13,42.9,152.36,NaN,NaN,NaN
9/7/19 3:30,FRC1,73,36,73,36,66.36,82.84,39.48,66.44,67.63,74.28,24.98,143.35,38.99,136.48,NaN,NaN,NaN
9/7/19 3:45,FRC1,73,36,73,36,70.03,81.46,39.61,69.31,69.28,77.63,25.41,136.42,45.89,28.22,NaN,NaN,NaN
9/7/19 4:00,FRC1,73,36,73,36,73.1,80.67,39.69,71.8,70.18,79.68,26.23,129.61,57.76,24.18,NaN,NaN,NaN
9/7/19 4:15,FRC1,73,36,73,36,75.39,79.39,40.44,71.76,70.16,81.58,26.4,124.53,62.57,27.19,NaN,NaN,NaN
9/7/19 4:30,FRC1,73,36,73,36,77.32,78.05,40.82,66.67,69.96,83.14,26.21,121.71,62.84,23.39,NaN,NaN,NaN
9/7/19 4:45,FRC1,73,36,73,36,78.61,77.06,42.72,62.42,71.57,86.54,26.59,121.26,64.82,22.58,NaN,NaN,NaN
9/7/19 5:00,FRC1,73,36,73,36,79.78,76.59,44.07,58.5,74.27,89.32,26.73,121.56,67.37,26.51,NaN,NaN,NaN
9/7/19 5:15,FRC1,73,36,73,36,80.23,75.98,45.89,56.05,79.24,89.09,26.1,121.76,70.8,23.48,NaN,NaN,NaN
9/7/19 5:30,FRC1,73,36,73,36,80.37,75.41,47.16,53.94,87.57,88.05,26.36,121.01,78.69,23.1,NaN,NaN,NaN
9/7/19 5:45,FRC1,73,36,73,36,80.82,75.44,48.31,51.64,94.97,87.03,30.66,123.06,87.28,25.01,NaN,NaN,NaN
9/7/19 6:00,FRC1,73,36,73,36,81.9,71.54,50.08,50.76,97.09,86.48,33.52,122.76,94.88,21.42,NaN,NaN,NaN
9/7/19 6:15,FRC1,73,36,73,36,77.91,61.42,49.47,57.76,101.98,89.36,39.48,129.01,103.27,23.23,NaN,NaN,NaN
9/7/19 6:30,FRC1,73,36,73,36,56.86,52.37,44.48,52.04,108.81,92.17,40.31,137.03,111.07,21.73,NaN,NaN,NaN
9/7/19 6:45,FRC1,73,36,73,36,42.9,47.02,43.31,47.71,117.32,94.53,47.64,145.66,118.05,22.24,NaN,NaN,NaN
9/7/19 7:00,FRC1,73,36,73,36,36.19,43.4,46.18,71.47,128.08,98.76,48.57,160.85,122.02,15.29,NaN,NaN,NaN
9/7/19 7:15,FRC1,73,36,73,36,31.87,41.21,49.27,43.55,140.75,102.63,49.44,177.61,118.94,69.69,NaN,NaN,NaN
9/7/19 7:30,FRC1,73,36,73,36,29.91,40.29,50.03,42.17,146.31,110.96,46.07,180.9,111.9,98.09,NaN,NaN,NaN
9/7/19 7:45,FRC1,75,35,75,35,29.17,39.83,50.14,40.66,147.67,115.23,NaN,169.68,100.21,92.5,NaN,NaN,NaN
9/7/19 8:00,FRC1,75,35,75,35,27.96,39.27,49.61,41.17,143.45,98.77,NaN,158.97,85.24,88.74,NaN,NaN,NaN
9/7/19 8:15,FRC1,75,35,75,35,26.83,38.37,46.49,39.15,128.19,79.89,NaN,136.78,71.76,79.81,NaN,NaN,NaN
9/7/19 8:30,FRC1,73,36,73,36,26.13,38.11,43.59,38.1,107.35,68.47,NaN,110,62.32,66.51,NaN,NaN,NaN
9/7/19 8:45,FRC1,73,36,106,25,24.97,38.28,40.64,37.22,90.78,59.59,NaN,89.94,54,55.36,NaN,NaN,NaN
9/7/19 9:00,FRC1,73,36,156,17,24.62,38.3,38.8,36.28,76.83,62.96,NaN,75.52,50.31,48.43,NaN,NaN,NaN
9/7/19 9:15,0.0,0.0,0.0,0.0,0.0,24.66,37.82,36.5,35.52,63.79,68.46,NaN,66.91,48,41.51,NaN,NaN,NaN
9/7/19 9:30,0.0,0.0,0.0,0.0,0.0,23.59,37.53,33.43,34.77,52.91,70.21,NaN,57.29,44.3,34.61,NaN,NaN,NaN
9/7/19 9:45,0.0,0.0,0.0,0.0,0.0,23.68,37.26,34.88,34.41,46.22,69.43,NaN,50.27,38.4,32.13,NaN,NaN,NaN
9/7/19 10:00,0.0,0.0,0.0,0.0,0.0,23.53,36.79,42.12,33.41,41.1,72.5,NaN,47.11,34.9,32.35,NaN,NaN,NaN
9/7/19 10:15,0.0,0.0,0.0,0.0,0.0,23.19,43,42.32,33.71,44.23,71.92,NaN,40.27,34.37,29.56,NaN,NaN,NaN
9/7/19 10:30,0.0,0.0,0.0,0.0,0.0,24.57,58.95,42.69,30.79,42.71,71.02,NaN,33.49,36.62,30.35,NaN,NaN,NaN
9/7/19 10:45,0.0,0.0,0.0,0.0,0.0,32.31,78.42,39.63,36.16,45.7,71.56,NaN,29.42,37.04,29.56,NaN,NaN,NaN
9/7/19 11:00,0.0,0.0,0.0,0.0,0.0,40.66,93.83,38.01,36.52,45.71,72.11,NaN,28.11,35.05,31.6,NaN,NaN,NaN
9/7/19 11:15,0.0,0.0,0.0,0.0,0.0,46.48,97.19,42.65,38.43,46.78,73.48,NaN,27.45,33.86,36.15,NaN,NaN,NaN
9/7/19 11:30,0.0,0.0,0.0,0.0,0.0,50.08,94.29,46.54,39.69,47.8,73.25,NaN,27.02,32.52,44.23,NaN,NaN,NaN
9/7/19 11:45,0.0,0.0,0.0,0.0,0.0,52.24,89.92,46.83,40.97,50.1,73.39,NaN,27,37.23,38.41,NaN,NaN,NaN
9/7/19 12:00,0.0,0.0,0.0,0.0,0.0,53.98,86.42,48.14,40.5,51.34,59.36,NaN,26.08,33.58,45,NaN,NaN,NaN
9/7/19 12:15,0.0,0.0,0.0,0.0,0.0,56.13,85.13,50.16,40.83,51,36.96,NaN,25.58,36.35,52.17,NaN,NaN,NaN
9/7/19 12:30,FRC1,73,36,132,20,57.65,82,48.08,40.7,51.08,33.09,NaN,25.64,37.64,65.8,NaN,NaN,NaN
9/7/19 12:45,FRC1,73,36,165,16,59.57,78.31,48.18,40.35,50.18,32.17,NaN,25.68,38.35,68.33,NaN,NaN,NaN
9/7/19 13:00,FRC1,73,36,120,22,61.01,74.75,46.16,40.22,50.7,33.58,NaN,25.57,38.73,69.63,NaN,NaN,NaN
9/7/19 13:15,FRC1,75,35,147,18,NaN,74.47,39.16,40.33,49.98,36.92,NaN,25.72,39.03,67.94,NaN,NaN,NaN
9/7/19 13:30,FRC1,75,35,139,19,NaN,75.14,33.51,39.9,50.1,36.62,NaN,25.75,39.65,66.09,NaN,NaN,NaN
9/7/19 13:45,FRC1,73,36,120,22,NaN,75.08,31.89,39.8,49.21,36.18,NaN,26.57,39.81,64.61,NaN,NaN,NaN
9/7/19 14:00,FRC1,73,36,110,24,NaN,74.08,30.16,38.71,52.69,37.32,NaN,33.7,42.96,62.85,NaN,NaN,NaN
9/7/19 14:15,FRC1,75,35,132,20,NaN,73.02,29.18,39.2,41.48,36.74,NaN,32.6,60.19,61.94,NaN,NaN,NaN
9/7/19 14:30,FRC1,75,35,156,17,NaN,62.55,29,41.18,38.33,36.95,NaN,28.13,58.81,62.96,NaN,NaN,NaN
9/7/19 14:45,FRC1,73,36,156,17,NaN,48.97,26.86,41.18,34.03,38.72,NaN,31.45,55.79,63.22,NaN,NaN,NaN
9/7/19 15:00,FRC1,75,35,147,18,NaN,39.89,23.1,38.17,31.46,39.14,NaN,32.87,53.04,62.71,NaN,NaN,NaN
9/7/19 15:15,FRC1,73,36,139,19,NaN,35.02,22.01,33.77,30.18,39.13,NaN,34.34,48.56,62.95,NaN,NaN,NaN
9/7/19 15:30,FRC1,73,36,115,23,NaN,31.08,22.53,28.4,29.96,43.07,NaN,36.72,50.53,48.19,NaN,NaN,NaN
9/7/19 15:45,FRC1,75,35,115,23,NaN,28.39,20.89,25,28.77,48.38,NaN,35.32,46.04,54.93,NaN,NaN,NaN
9/7/19 16:00,FRC1,73,36,126,21,NaN,26.24,21.02,26.17,28.3,51.22,NaN,36.27,48.53,36.49,NaN,NaN,NaN
9/7/19 16:15,FRC1,75,35,120,22,NaN,25,20.01,26.94,28.25,36.75,NaN,38.98,41.94,52.94,NaN,NaN,NaN
9/7/19 16:30,FRC1,75,35,115,23,NaN,24.58,19.2,27.15,28.41,30.55,NaN,39.18,38.01,65.04,NaN,NaN,NaN
9/7/19 16:45,FRC1,75,35,120,22,NaN,24.74,19.95,27.1,27.69,42.74,NaN,42.92,34.3,46.34,NaN,NaN,NaN
9/7/19 17:00,FRC1,73,36,126,21,NaN,24.55,20.53,26.48,28.39,65.28,NaN,42.66,35.43,56.91,NaN,NaN,NaN
9/7/19 17:15,FRC1,73,36,120,22,NaN,24.88,21.56,27.84,28.78,70,NaN,43.87,39.74,47.08,NaN,NaN,NaN
9/7/19 17:30,FRC1,73,36,110,24,NaN,25.07,22.48,28.69,30.24,72.96,NaN,44.16,47.82,34.15,NaN,NaN,NaN
9/7/19 17:45,FRC1,73,36,115,23,NaN,25.92,26.22,29.07,30.54,76,NaN,46.67,56.6,31.73,NaN,NaN,NaN
9/7/19 18:00,FRC1,75,35,139,19,NaN,26.8,25.78,29.68,31.46,78.89,NaN,46.01,69.79,29.95,NaN,NaN,NaN
9/7/19 18:15,FRC1,73,36,120,22,NaN,26.64,26.68,29.38,31.85,78.81,NaN,46.78,78.83,29.24,NaN,NaN,NaN
9/7/19 18:30,FRC1,75,35,132,20,NaN,29.19,29.6,29.43,39.81,68.21,NaN,47.39,82.48,31.01,NaN,NaN,NaN
9/7/19 18:45,FRC1,73,36,106,25,NaN,38.97,41.92,29.45,42.68,80.15,NaN,43.16,73.42,27.75,NaN,NaN,NaN
9/7/19 19:00,FRC1,73,36,110,24,NaN,50.89,44.16,NaN,45.01,80.82,NaN,46.42,72.56,28.56,NaN,NaN,NaN
9/7/19 19:15,FRC1,75,35,115,23,NaN,60.21,51.89,NaN,49.99,80.43,NaN,66.25,77.26,24.04,NaN,NaN,NaN
9/7/19 19:30,FRC1,75,35,132,20,NaN,66.65,63.57,NaN,52.91,81.74,NaN,84,72.28,26.59,NaN,NaN,NaN
9/7/19 19:45,FRC1,73,36,132,20,NaN,70.37,75.18,NaN,56.89,79.46,NaN,92.93,83.97,100.43,NaN,NaN,NaN
9/7/19 20:00,FRC1,73,36,115,23,NaN,72.69,84.19,NaN,70.81,80.64,NaN,103.02,79.9,137.69,NaN,NaN,NaN
9/7/19 20:15,FRC1,73,36,132,20,NaN,73.84,90.48,NaN,91.62,82.64,NaN,110.88,69.05,157.58,NaN,NaN,NaN
9/7/19 20:30,FRC1,75,35,126,21,NaN,75.22,99.56,NaN,106.11,101.17,NaN,118.67,60.76,183.63,NaN,NaN,NaN
9/7/19 20:45,FRC1,75,35,120,22,NaN,76.18,107.97,NaN,113.13,138.49,NaN,121.69,55.21,232.05,NaN,NaN,NaN
9/7/19 21:00,FRC1,75,35,94,28,NaN,76.02,122.1,NaN,120.85,148.32,NaN,116.45,55,259.2,NaN,NaN,NaN
9/7/19 21:15,FRC1,73,36,132,20,NaN,75.62,128.37,NaN,127.96,159.48,NaN,105.34,53.73,281.23,NaN,NaN,NaN
9/7/19 21:30,FRC1,73,36,126,21,NaN,75.27,133.98,NaN,130.78,168.22,NaN,93.01,50.63,299.59,NaN,NaN,NaN
9/7/19 21:45,FRC1,75,35,110,24,NaN,75,140.89,NaN,128.77,172.41,NaN,84.73,50.62,311.32,NaN,NaN,NaN
9/7/19 22:00,FRC1,75,35,98,27,NaN,74.66,149.48,NaN,120.81,176.42,NaN,83.33,49.67,319.94,NaN,NaN,NaN
9/7/19 22:15,FRC1,75,35,98,27,NaN,74.05,155.69,NaN,112.97,183.44,NaN,79.72,53.71,329.18,NaN,NaN,NaN
9/7/19 22:30,FRC1,75,35,75,35,NaN,73.74,162.98,NaN,104.58,187.59,NaN,77.52,54.22,380.73,NaN,NaN,NaN
9/7/19 22:45,FRC1,73,36,98,27,NaN,69.94,169.22,NaN,92.61,188.53,NaN,73.43,57.23,407.33,NaN,NaN,NaN
9/7/19 23:00,FRC1,73,36,73,36,NaN,57.16,180.75,NaN,84.93,187.19,NaN,66.63,59.01,420.51,NaN,NaN,NaN
9/7/19 23:15,FRC1,73,36,73,36,NaN,46.61,180.77,70.8,76.96,109.14,NaN,62.89,62.32,431.32,NaN,NaN,NaN
9/7/19 23:30,FRC1,73,36,73,36,NaN,40.78,181.07,60.46,70.37,85.7,NaN,58.67,67.24,436.82,NaN,NaN,NaN
9/7/19 23:45,FRC1,73,36,73,36,NaN,36.82,181.49,54.86,65.14,82.25,NaN,53.77,73.27,418.05,NaN,NaN,NaN
10/7/19 0:00,FRC1,73,36,73,36,38.69,34.31,185.12,52.24,57.74,81.43,49.46,52.17,78.36,406.94,NaN,NaN,NaN
10/7/19 0:15,FRC1,73,36,73,36,36.8,33.15,189.17,51.91,52.65,83.18,50.22,50.96,86.73,386.03,NaN,NaN,NaN
10/7/19 0:30,FRC1,73,36,73,36,33.87,31.98,194.9,47.29,48.14,86.83,51.09,51.15,93.09,366.7,NaN,NaN,NaN
10/7/19 0:45,FRC1,73,36,73,36,31.78,31.73,202.43,44.59,45.85,110.97,52.49,53.33,85.61,357.52,NaN,NaN,NaN
10/7/19 1:00,FRC1,73,36,73,36,30.04,31.31,210.12,44.42,44.64,127.98,53.55,54.28,68.76,356.57,NaN,NaN,NaN
10/7/19 1:15,FRC1,73,36,73,36,28.35,30.89,219.6,44.17,43.68,127.96,53.87,55.91,59.02,367.48,NaN,NaN,NaN
10/7/19 1:30,FRC1,73,36,73,36,27.4,30.7,223.88,45.27,43.15,127.64,53.88,57.79,53.57,371.02,NaN,NaN,NaN
10/7/19 1:45,FRC1,73,36,73,36,26.7,31.09,228.41,42.97,42.71,127.8,54,59.78,64.64,372.83,NaN,NaN,NaN
10/7/19 2:00,FRC1,73,36,73,36,26.18,31,233.34,41.87,42.46,130.3,54.35,61.76,66.15,378.7,NaN,NaN,NaN
10/7/19 2:15,FRC1,73,36,73,36,25.14,31.3,234.78,41.98,41.61,130.49,54.64,62.55,50.1,390.46,NaN,NaN,NaN
10/7/19 2:30,FRC1,73,36,73,36,24.91,31.51,228.97,41.08,45.88,74.78,54.5,61.22,51.45,397.04,NaN,NaN,NaN
10/7/19 2:45,FRC1,73,36,73,36,24.83,31.38,221.29,39.87,40.7,74.15,60.26,60.19,51.5,403.91,NaN,NaN,NaN
10/7/19 3:00,FRC1,73,36,73,36,24.86,35.8,210.69,39.6,45.01,73.13,49.32,54.44,52.85,402.62,NaN,NaN,NaN
10/7/19 3:15,FRC1,73,36,73,36,25.99,46.93,207.07,42.54,48.83,73.7,39.37,48.99,53.41,401.73,NaN,NaN,NaN
10/7/19 3:30,FRC1,73,36,73,36,33.31,61.55,199.09,37.61,50.97,76.48,40.28,43.02,58.14,403.78,NaN,NaN,NaN
10/7/19 3:45,FRC1,73,36,73,36,43.01,72.79,191.22,41.77,53.67,73.96,36.96,39.99,59.57,396.71,NaN,NaN,NaN
10/7/19 4:00,FRC1,73,36,73,36,52.25,78.44,192.77,44.7,57.57,75.12,33.79,39.21,62.69,386.4,NaN,NaN,NaN
10/7/19 4:15,FRC1,73,36,73,36,60,80.01,187.1,46.85,61.36,75.78,33.25,NaN,63.35,358.89,NaN,NaN,NaN
10/7/19 4:30,FRC1,73,36,73,36,66.22,78.89,176.25,48.87,64.74,75.75,33.52,NaN,64.25,362.15,NaN,NaN,NaN
10/7/19 4:45,FRC1,73,36,73,36,69.84,78.3,162.52,51.98,68.09,82.84,34.03,39.07,64.57,346.79,NaN,NaN,NaN
10/7/19 5:00,FRC1,73,36,73,36,72.37,77.91,149.65,54.16,70.13,101.06,34.74,37.7,65.59,329.31,NaN,NaN,NaN
10/7/19 5:15,FRC1,73,36,73,36,74.28,77.81,135.61,55.82,69.31,100.47,35,35.2,65.88,304.36,NaN,NaN,NaN
10/7/19 5:30,FRC1,73,36,73,36,76.28,77.34,120.57,57.92,68.91,104.92,35.42,33.38,66.89,276.86,NaN,NaN,NaN
10/7/19 5:45,FRC1,73,36,73,36,77.34,76.67,107.67,61.31,67.6,117.62,36.72,32.03,68.22,249.61,NaN,NaN,NaN
10/7/19 6:00,FRC1,73,36,73,36,78.95,76.78,97.09,61.53,66,122.65,37.2,31.84,71.57,229.48,NaN,NaN,NaN
10/7/19 6:15,FRC1,73,36,73,36,81.08,76.85,89.22,59.47,66.11,121.5,35.54,33.81,79.25,210.96,NaN,NaN,NaN
10/7/19 6:30,FRC1,73,36,115,23,81.8,76.9,82.69,58.66,64.57,118.95,34.92,35.08,85.94,182.61,NaN,NaN,NaN
10/7/19 6:45,FRC1,75,35,132,20,81.55,76.73,76.38,58.57,68.88,112.15,35.03,34.45,92.15,181.86,NaN,NaN,NaN
10/7/19 7:00,FRC1,75,35,102,26,82.16,76.88,72.09,58.18,64,95.3,35.46,36.3,97.74,168.83,NaN,NaN,NaN
10/7/19 7:15,FRC1,75,35,110,24,82.35,72.48,73.25,59.52,56.29,81.09,38.89,33.48,104,138.51,NaN,NaN,NaN
10/7/19 7:30,FRC1,73,36,115,23,76.35,61.33,72.88,61.02,54.28,71.36,43.11,39.68,109.61,86.26,NaN,NaN,NaN
10/7/19 7:45,FRC1,73,36,106,25,57.17,52.12,67.45,55.65,49.99,61.59,34.82,41.45,114.73,52.98,NaN,NaN,NaN
10/7/19 8:00,FRC1,73,36,102,26,44.97,47.43,64.91,50.33,48.58,54.5,34.8,43.24,102.45,45.99,NaN,NaN,NaN
10/7/19 8:15,FRC1,75,35,126,21,38.43,43.74,61.91,44.51,46.54,49.59,32.15,43.51,64.7,71.14,NaN,NaN,NaN
10/7/19 8:30,FRC1,73,36,126,21,35.22,41.47,57,42.98,43.57,45.63,34.18,43.91,52.71,62.28,NaN,NaN,NaN
10/7/19 8:45,FRC1,75,35,147,18,32.68,40.53,51.91,41.42,40.33,47.34,34.74,42.6,45.43,51.95,NaN,NaN,NaN
10/7/19 9:00,FRC1,73,36,165,16,30.74,39.17,45.83,39.53,38.29,45.06,33.08,43.09,41.59,43.05,NaN,NaN,NaN
10/7/19 9:15,FRC1,73,36,120,22,29.46,37.89,39.2,38.26,37.12,40.13,31.59,44.26,40.36,47.72,NaN,NaN,NaN
10/7/19 9:30,FRC1,75,35,156,17,28.29,36.54,34.44,37.3,36.22,35.05,32.99,44.94,38.33,33.54,NaN,NaN,NaN
10/7/19 9:45,FRC1,75,35,156,17,28,35.49,31.56,36.95,35.1,30.97,33.7,44.21,39.6,31.66,NaN,NaN,NaN
10/7/19 10:00,FRC1,75,35,132,20,27.36,34.83,30.73,36.22,34.15,28.95,34.66,44.24,34.74,31.59,NaN,NaN,NaN
10/7/19 10:15,FRC1,73,36,126,21,26.43,34.24,36.16,35.85,33.73,28.05,34.37,43.91,33.71,30.62,NaN,NaN,NaN
10/7/19 10:30,FRC1,75,35,176,15,25.84,33.99,28.04,35.63,33.35,27.72,36.12,43.06,33.34,30.19,NaN,NaN,NaN
10/7/19 10:45,FRC1,73,36,204,13,25.07,32.29,26.79,34.99,32.37,27.21,37.12,42.28,32.32,31.04,NaN,NaN,NaN
10/7/19 11:00,FRC1,78,34,265,10,24.41,20.74,25.73,34.53,30.93,27.24,38.5,42.36,31.38,30.43,NaN,NaN,NaN
10/7/19 11:15,FRC1,73,36,147,18,23.9,NaN,25.87,34.21,33.13,27.63,34.93,42.29,30.94,30.26,NaN,NaN,NaN
10/7/19 11:30,FRC1,73,36,189,14,23.82,NaN,32.03,41.97,37.42,27.18,26.53,35.82,30.06,29.72,NaN,NaN,NaN
10/7/19 11:45,FRC1,73,36,147,18,25.86,NaN,45.27,34.67,38.99,26.88,33.98,31.38,30.97,29.81,NaN,NaN,NaN
10/7/19 12:00,FRC1,71,37,241,11,34.57,NaN,28.27,40.85,39.97,26.93,29.78,27.77,48.46,32.5,NaN,NaN,NaN
10/7/19 12:15,FRC1,73,36,156,17,44.38,NaN,27.06,37.33,41.6,26.95,28.07,27.04,41.27,35.36,NaN,NaN,NaN
10/7/19 12:30,FRC1,73,36,139,19,54.12,NaN,27.24,37.64,44.05,26.34,27.91,26.81,34.66,34.62,NaN,NaN,NaN
10/7/19 12:45,FRC1,73,36,156,17,61.46,258.82,27.83,38.51,46.84,26.15,31.03,26.85,36.4,38.24,NaN,NaN,NaN
10/7/19 13:00,FRC1,75,35,139,19,67.6,83.89,27.43,38.67,48.33,31.45,33.82,26.62,38.49,51.96,NaN,NaN,NaN
10/7/19 13:15,FRC1,75,35,102,26,73,59.26,27.74,38.93,48.94,26.47,35.16,26.62,43.58,51.06,NaN,NaN,NaN
10/7/19 13:30,FRC1,75,35,139,19,76.95,51.17,29.41,39.81,49.19,30.71,34.62,31.52,54.74,59.54,NaN,NaN,NaN
10/7/19 13:45,FRC1,73,36,139,19,75.28,42.58,26.47,39.27,49.3,32.26,35.26,27.34,57.06,76.61,NaN,NaN,NaN
10/7/19 14:00,FRC1,73,36,132,20,68.8,51.72,25.49,40.26,49.25,33.3,36.24,26.82,47.75,64.33,NaN,NaN,NaN
10/7/19 14:15,FRC1,73,36,132,20,63.1,41.91,25.8,40.81,49.56,34.51,36.49,27.14,48.33,59.81,NaN,NaN,NaN
10/7/19 14:30,FRC1,75,35,98,27,58.53,34.79,25.78,41.36,48.7,35.97,36.1,27.43,48.91,49.2,NaN,NaN,NaN
10/7/19 14:45,FRC1,75,35,139,19,55.22,34.9,25.89,41.05,48.96,37.16,35.5,27.35,49.44,45.91,NaN,NaN,NaN
10/7/19 15:00,FRC1,73,36,139,19,52.81,38.06,26.16,38.89,56.36,39.55,35.54,27.69,49.83,64.83,NaN,NaN,NaN
10/7/19 15:15,FRC1,75,35,139,19,51,35.62,25.05,38.05,53.99,33.43,34.82,28.38,50.06,34.28,NaN,NaN,NaN
10/7/19 15:30,FRC1,73,36,110,24,50.12,34.75,22.61,32.99,38.03,29.4,26.57,32.49,50.33,34.33,NaN,NaN,NaN
10/7/19 15:45,FRC1,73,36,115,23,49.11,34.06,26.63,31.37,34.46,26.58,26.1,30.7,56.99,36.71,NaN,NaN,NaN
10/7/19 16:00,FRC1,75,35,120,22,43.5,25.98,28.57,31.91,29.54,26.99,30.91,34.67,55.83,28.98,NaN,NaN,NaN
10/7/19 16:15,FRC1,75,35,115,23,34.44,24.51,25.56,31.91,28.63,26.91,35.2,36.81,54.95,28.59,NaN,NaN,NaN
10/7/19 16:30,FRC1,73,36,120,22,28.25,25.23,22.37,31.91,27.67,27.31,41.02,38.78,46.9,31.76,NaN,NaN,NaN
10/7/19 16:45,FRC1,73,36,126,21,24.41,26.37,25.95,31.25,27.52,27.8,47.36,41.43,36.7,42.71,NaN,NaN,NaN
10/7/19 17:00,FRC1,73,36,126,21,22.41,28.13,30.89,30.4,27.5,27.71,48.98,46.19,33.97,46.44,NaN,NaN,NaN
10/7/19 17:15,FRC1,73,36,139,19,20.94,28.9,35.46,99.19,27.59,28.53,49.42,47.78,35.72,43.91,NaN,NaN,NaN
10/7/19 17:30,FRC1,71,37,189,14,19.88,38.53,25.67,104.7,28.43,29.59,49.76,48.83,35.77,34.74,NaN,NaN,NaN
10/7/19 17:45,FRC1,69,38,379,7,19.35,39.8,24.62,30.5,31.65,30.86,51.07,50.26,40.26,36.06,NaN,NaN,NaN
10/7/19 18:00,FRC1,75,35,294,9,19.11,43.14,25.33,30.79,31.89,32.59,53.34,52.32,43.96,38.78,NaN,NaN,NaN
10/7/19 18:15,FRC1,75,35,139,19,19.27,50.98,25.86,91.81,32.73,35.07,54.59,53.18,48.69,41.11,NaN,NaN,NaN
10/7/19 18:30,FRC1,73,36,139,19,19.36,84.54,41.06,119.1,35.17,38.11,56.27,54.84,51.36,42.92,NaN,NaN,NaN
10/7/19 18:45,FRC1,75,35,115,23,19.48,139.42,27.78,114.11,42.95,40.83,56.52,61.53,61.18,45.05,NaN,NaN,NaN
10/7/19 19:00,FRC1,71,37,221,12,19.63,146.61,25.41,121.08,52.63,42.49,57.61,65.6,70.47,47.2,NaN,NaN,NaN
10/7/19 19:15,FRC1,71,37,189,14,20.2,124,27.03,118.5,59.34,44.06,58.64,71.55,80.21,50.03,NaN,NaN,NaN
10/7/19 19:30,FRC1,75,35,147,18,21.49,145.42,28.83,78.79,69.45,53.87,61.69,91.43,94.5,54.83,NaN,NaN,NaN
10/7/19 19:45,FRC1,75,35,156,17,24.09,133.98,33.41,46.2,90.07,72.59,51.81,102.26,112.79,58.68,NaN,NaN,NaN
10/7/19 20:00,FRC1,80,33,379,7,27.13,134.69,41.11,53.35,114.21,98.69,41.39,100.29,127,64.24,NaN,NaN,NaN
10/7/19 20:15,FRC1,73,36,379,7,36.9,129.02,42.89,59.58,134.84,122.61,41.35,90.15,138.39,66.18,NaN,NaN,NaN
10/7/19 20:30,FRC1,78,34,442,6,51.65,130.65,48.76,66.03,154.16,143.15,36.84,87,149.4,75.18,NaN,NaN,NaN
10/7/19 20:45,FRC1,71,37,294,9,62.38,133.51,54.66,77.87,179.77,157.26,33.33,90.65,139.64,100.43,NaN,NaN,NaN
10/7/19 21:00,FRC1,75,35,204,13,68.26,143.77,60.94,92.45,195.83,169.68,31.7,110,153.2,136.28,NaN,NaN,NaN
10/7/19 21:15,FRC1,75,35,75,35,71.72,153.34,68.96,107.23,201.67,155.31,27.17,124.1,166.97,163.66,NaN,NaN,NaN
10/7/19 21:30,FRC1,73,36,98,27,72.61,158.46,73.99,120.19,210.43,133.48,30.27,126.83,174.2,178.89,NaN,NaN,NaN
10/7/19 21:45,FRC1,75,35,126,21,73.13,163.32,76.94,128.79,218.07,113.65,28.82,147.89,190.99,180.68,NaN,NaN,NaN
10/7/19 22:00,FRC1,73,36,94,28,73.11,167.23,79.97,134.98,224.16,96.23,31.13,147.55,187.88,202.07,NaN,NaN,NaN
10/7/19 22:15,FRC1,73,36,73,36,73.15,160.29,82.23,139.87,232.96,82.19,29.92,142.37,175.62,211.44,NaN,NaN,NaN
10/7/19 22:30,FRC1,73,36,73,36,72.89,149.3,82.72,143.58,232.67,72.22,31.91,132.61,167.22,208.5,NaN,NaN,NaN
10/7/19 22:45,FRC1,73,36,73,36,73.03,135.59,83.77,147.18,228.54,61.22,32.33,114.86,159.36,232.01,NaN,NaN,NaN
10/7/19 23:00,FRC1,73,36,73,36,72.63,122.31,84.08,148.02,223.14,45.9,32.43,95.61,160.75,172.99,NaN,NaN,NaN
10/7/19 23:15,FRC1,73,36,73,36,72.4,113.87,83.24,147.51,213.74,38.73,32.1,73.27,167.64,217.2,NaN,NaN,NaN
10/7/19 23:30,FRC1,73,36,73,36,71.57,107.07,82.98,159.08,207.82,35.29,32.18,58.25,174.46,204.55,NaN,NaN,NaN
10/7/19 23:45,FRC1,73,36,73,36,70.5,100.93,83.33,150.12,198.53,34.58,29.54,50.18,172.06,214.67,NaN,NaN,NaN
11/7/19 0:00,FRC1,73,36,73,36,69.59,92.93,83.95,143.82,173.16,34.9,21.78,46.19,162.23,114.8,NaN,NaN,NaN
11/7/19 0:15,FRC1,73,36,73,36,68.71,86.63,90,137.18,161.69,35.84,29.61,43.39,152.51,104.43,NaN,NaN,NaN
11/7/19 0:30,FRC1,73,36,73,36,64.26,83.33,82.13,132.17,147.28,36.36,36.11,43.63,150.37,70.03,NaN,NaN,NaN
11/7/19 0:45,FRC1,73,36,73,36,57.61,81.74,71.35,126.73,138.24,36.41,38.4,46.14,143.61,110.15,NaN,NaN,NaN
11/7/19 1:00,FRC1,73,36,73,36,53.18,81.53,63.63,123.5,131.49,35.65,43.24,30.6,115.34,101.7,NaN,NaN,NaN
11/7/19 1:15,FRC1,73,36,73,36,50.33,80.2,58.11,117.59,124.79,36.23,47.9,26.92,73.58,158.59,NaN,NaN,NaN
11/7/19 1:30,FRC1,73,36,73,36,49.03,78.9,52.61,114.17,118.37,36.01,49.8,28.27,78.13,156.93,NaN,NaN,NaN
11/7/19 1:45,FRC1,73,36,73,36,47.91,77.83,49.62,110.58,111.65,35.73,50.6,27.64,49.63,164.77,NaN,NaN,NaN
11/7/19 2:00,FRC1,73,36,73,36,47.51,75.54,45.18,116.08,103.53,35.51,50.95,24.37,34.61,156.88,NaN,NaN,NaN
11/7/19 2:15,FRC1,73,36,73,36,47.36,73.41,40.25,114.68,95.34,34.26,51.51,24.72,34.79,148.37,NaN,NaN,NaN
11/7/19 2:30,FRC1,73,36,73,36,47.36,72.97,40.46,119,89.09,34.3,51.51,25.99,39.17,130.87,NaN,NaN,NaN
11/7/19 2:45,FRC1,73,36,73,36,47.19,73.14,34.12,119.5,83.12,39.57,51.52,26.74,36.81,102.91,NaN,NaN,NaN
11/7/19 3:00,FRC1,73,36,73,36,46.57,72.61,32.15,118.18,77.93,37.53,52.09,24.53,35.74,113.74,NaN,NaN,NaN
11/7/19 3:15,FRC1,73,36,73,36,45.48,72.8,30.71,119.36,73.66,36.08,53.04,24.34,35.98,108.88,NaN,NaN,NaN
11/7/19 3:30,FRC1,73,36,73,36,44.66,75.6,29.99,121.29,70.54,43.39,54.1,25.43,36.28,57.08,NaN,NaN,NaN
11/7/19 3:45,FRC1,73,36,73,36,43.84,77.28,29.76,111.27,70.45,47.42,54.68,26.13,36.54,36.76,NaN,NaN,NaN
11/7/19 4:00,FRC1,73,36,73,36,43.19,77.86,30.69,102.28,62.04,62.28,57.6,25.36,37.8,36.87,NaN,NaN,NaN
11/7/19 4:15,FRC1,73,36,73,36,43.63,81.26,33.23,111.88,61.96,66.05,45.86,22.11,39.04,35.69,NaN,NaN,NaN
11/7/19 4:30,FRC1,73,36,73,36,45.19,78.11,31.92,113.27,62.44,67.25,37.99,36.37,39.01,30.42,NaN,NaN,NaN
11/7/19 4:45,FRC1,73,36,73,36,51.98,77.91,32.81,111.4,62.49,65.77,39.04,33.73,39.59,29.91,NaN,NaN,NaN
11/7/19 5:00,FRC1,73,36,73,36,61.68,80.6,36.16,107.96,62.37,65.82,35.29,33.88,40.84,36.17,NaN,NaN,NaN
11/7/19 5:15,FRC1,73,36,73,36,69.6,84.34,37.99,105.45,64.64,66.32,33.15,34.6,40.42,44.06,NaN,NaN,NaN
11/7/19 5:30,FRC1,73,36,73,36,76.01,85.48,39.59,101.8,65.85,57.45,33.07,35.44,44.2,39.21,NaN,NaN,NaN
11/7/19 5:45,FRC1,73,36,73,36,80.65,93.94,40.8,99.81,68.2,56.18,31.6,36.98,45.6,57.11,NaN,NaN,NaN
11/7/19 6:00,FRC1,73,36,73,36,83.48,97.11,41.5,97.88,69.12,57.41,32.11,38.55,46.53,64.44,NaN,NaN,NaN
11/7/19 6:15,FRC1,73,36,73,36,85.33,95.22,41.48,101.09,70.48,59.36,32.17,39.52,48.33,71.61,NaN,NaN,NaN
11/7/19 6:30,FRC1,73,36,73,36,87.01,89.52,43.44,96.87,74.05,62.62,31.64,39.19,52.11,76.79,NaN,NaN,NaN
11/7/19 6:45,FRC1,73,36,73,36,88.64,82.58,44.84,89.96,77.65,66.26,31.82,39.48,54.58,81.3,NaN,NaN,NaN
11/7/19 7:00,FRC1,73,36,73,36,89.7,79.34,47.11,96.33,80.44,74,32.04,39.3,58.38,80.9,NaN,NaN,NaN
11/7/19 7:15,FRC1,73,36,73,36,91.99,78.5,47.89,101.1,83.24,70.53,31.77,38.95,59.67,81.13,NaN,NaN,NaN
11/7/19 7:30,FRC1,73,36,73,36,93.53,76.76,48.42,102.8,86.78,63.88,32.42,38.03,58.26,NaN,NaN,NaN,NaN
11/7/19 7:45,FRC1,73,36,73,36,96.76,74.07,50.41,105.34,89.22,51.48,33.18,35.5,58.44,NaN,NaN,NaN,NaN
11/7/19 8:00,FRC1,73,36,73,36,98.84,69.38,47.71,99.49,97.35,45.73,34.65,34.87,56.5,NaN,NaN,NaN,NaN
11/7/19 8:15,FRC1,73,36,98,27,99.16,67.57,46.21,93.04,100.68,57.65,34.26,38.55,55.31,NaN,NaN,NaN,NaN
11/7/19 8:30,FRC1,75,35,115,23,98.28,60.52,50.63,81.42,95.52,59.23,29.87,36.39,54.4,NaN,NaN,NaN,NaN
11/7/19 8:45,FRC1,75,35,102,26,90.12,51.91,48.61,70.87,84.1,58.74,41.59,41.1,54.45,NaN,NaN,NaN,NaN
11/7/19 9:00,FRC1,73,36,73,36,69.58,44.75,49.36,62.16,70.19,63.07,45.6,40.45,55.95,NaN,NaN,NaN,NaN
11/7/19 9:15,FRC1,73,36,73,36,56.04,39.99,35.85,55.29,58.85,63.25,51.36,42.36,48.05,NaN,NaN,NaN,NaN
11/7/19 9:30,FRC1,75,35,94,28,47.61,37.38,32.06,51.12,52.1,63.05,53.99,44.37,39.94,NaN,NaN,NaN,NaN
11/7/19 9:45,FRC1,75,35,106,25,41.71,33.46,29.98,48.67,47.09,65.2,59.76,44.79,34.48,NaN,NaN,NaN,NaN
11/7/19 10:00,FRC1,73,36,73,36,37.71,31.25,28.46,46.5,43.2,62.89,62.57,46.65,30.69,NaN,NaN,NaN,NaN
11/7/19 10:15,FRC1,75,35,75,35,35.24,28.97,27.44,41.98,38.13,60.99,57.59,47.12,29.84,NaN,NaN,NaN,NaN
11/7/19 10:30,FRC1,75,35,110,24,33.17,27.37,26.17,39.14,33.54,64.85,58.75,48.01,29.87,NaN,NaN,NaN,NaN
11/7/19 10:45,FRC1,75,35,115,23,30.9,26.05,25.32,39.13,31.83,64.19,59.9,47.28,30.1,NaN,NaN,NaN,NaN
11/7/19 11:00,FRC1,75,35,126,21,28.8,26.05,25.07,38.75,30.63,61.52,58.89,47.03,30.04,NaN,NaN,NaN,NaN
11/7/19 11:15,FRC1,75,35,132,20,28.25,28.22,24.37,38.16,30.47,33.93,58.64,46.32,29.47,NaN,NaN,NaN,NaN
11/7/19 11:30,FRC1,75,35,126,21,27.77,31.48,24.45,37.29,30.35,30.15,58.71,45.24,29.6,NaN,NaN,NaN,NaN
11/7/19 11:45,FRC1,73,36,120,22,27.12,34.08,23.61,36.81,29.71,36.11,57.34,46.03,29.5,NaN,NaN,NaN,NaN
11/7/19 12:00,FRC1,75,35,120,22,27.06,33.96,23.17,37.87,29.62,32.14,56.57,44.62,29.67,NaN,NaN,NaN,NaN
11/7/19 12:15,FRC1,73,36,132,20,26.66,32.01,22.89,35.68,35.56,27.72,56.2,45.29,30.07,NaN,NaN,NaN,NaN
11/7/19 12:30,FRC1,73,36,147,18,26.1,29.16,22.95,39.68,33.51,26.38,48.65,44.84,29.44,NaN,NaN,NaN,NaN
11/7/19 12:45,FRC1,73,36,147,18,25.93,26.2,25.44,40.95,35.77,26.84,35.88,36.14,29.11,NaN,NaN,NaN,NaN
11/7/19 13:00,FRC1,75,35,115,23,29.36,28.57,20.27,42.71,37.3,26.31,34.08,32.38,28.71,NaN,NaN,NaN,NaN
11/7/19 13:15,FRC1,73,36,126,21,40.39,29.69,24.57,42.82,38.43,26.59,32.53,29.08,34.31,NaN,NaN,NaN,NaN
11/7/19 13:30,FRC1,75,35,120,22,52.52,30.47,27.14,41.57,41.52,26.62,28.48,27.81,31.03,NaN,NaN,NaN,NaN
11/7/19 13:45,FRC1,75,35,126,21,63.29,28.18,28.98,42.52,44.98,25.81,26.81,27.36,34.19,21.28,NaN,NaN,NaN
11/7/19 14:00,FRC1,75,35,132,20,72.15,26.09,29.56,40.65,47.54,25.42,26.2,26.73,36.4,NaN,NaN,NaN,NaN
11/7/19 14:15,FRC1,75,35,147,18,79.37,27.76,30.11,39.71,49.03,26.08,25.51,26.94,37.83,NaN,NaN,NaN,NaN
11/7/19 14:30,FRC1,75,35,139,19,81.69,30.58,31.82,39.63,49.23,24.64,25.17,28.13,40.32,NaN,NaN,NaN,NaN
11/7/19 14:45,FRC1,73,36,120,22,77.29,31.98,30.96,40.51,49.54,27.95,24.83,27.57,43.9,NaN,NaN,NaN,NaN
11/7/19 15:00,FRC1,75,35,115,23,71.53,36.4,32,40.67,48.08,28.43,24.97,28.11,46.2,NaN,NaN,NaN,NaN
11/7/19 15:15,FRC1,75,35,132,20,66.5,37.49,33.02,39.86,49.1,27.91,24.64,28.56,47.13,NaN,NaN,NaN,NaN
11/7/19 15:30,FRC1,75,35,115,23,62.54,36.72,34.12,40.09,48.41,28.34,24.63,32.54,47.56,NaN,NaN,NaN,NaN
11/7/19 15:45,FRC1,75,35,126,21,60.06,36.68,34.28,41.53,48.59,29.35,24.62,37.99,48.25,NaN,NaN,NaN,NaN
11/7/19 16:00,FRC1,75,35,120,22,58.12,35.82,34.26,41.32,47.72,28.82,24.41,38.05,46.58,NaN,NaN,NaN,NaN
11/7/19 16:15,FRC1,73,36,120,22,57.46,38.19,32.98,44.74,48.3,29.44,24.31,31.68,39.17,84.69,NaN,NaN,NaN
11/7/19 16:30,FRC1,73,36,110,24,56.9,42.86,33.39,41.51,50.14,29.68,27.36,30.8,39.83,85.06,NaN,NaN,NaN
11/7/19 16:45,FRC1,73,36,102,26,51.41,48.35,34.17,36.59,37.23,30.38,28.62,37.04,35.32,NaN,NaN,NaN,NaN
11/7/19 17:00,FRC1,75,35,147,18,40.27,36.97,39.17,31.85,33.87,31.33,32.66,35.86,33.35,NaN,NaN,NaN,NaN
11/7/19 17:15,FRC1,73,36,120,22,32.72,30.42,32.84,31.04,29.82,33.09,35.07,39.38,32.33,NaN,NaN,NaN,NaN
11/7/19 17:30,FRC1,73,36,115,23,28.49,27.74,27.51,31.33,29.68,39.09,33.4,40.3,33.02,38.15,NaN,NaN,NaN
11/7/19 17:45,FRC1,73,36,106,25,25.92,27.29,24.08,30.84,29.75,39.36,33.08,46.8,31.18,NaN,NaN,NaN,NaN
11/7/19 18:00,FRC1,73,36,115,23,24.71,26.74,21.7,31.08,30.77,40.13,35.02,50.87,29.09,NaN,NaN,NaN,NaN
11/7/19 18:15,FRC1,73,36,132,20,23.7,26.86,20.86,32.66,32.11,45.03,43.13,54.19,25.47,NaN,NaN,NaN,NaN
11/7/19 18:30,FRC1,73,36,120,22,23.32,27.15,20.53,34.38,32.87,45.18,40.81,53.75,24.39,NaN,NaN,NaN,NaN
11/7/19 18:45,FRC1,73,36,165,16,22.97,27.46,20.16,42.21,34.34,43.97,37.8,54.84,25.78,NaN,NaN,NaN,NaN
11/7/19 19:00,FRC1,73,36,132,20,23.13,27.3,20.63,53.24,35.18,45.31,38.76,56.6,26.26,NaN,NaN,NaN,NaN
11/7/19 19:15,FRC1,73,36,147,18,23.73,27.67,21.33,61.5,37.5,41.58,36.03,55.89,27.08,NaN,NaN,NaN,NaN
11/7/19 19:30,FRC1,75,35,147,18,24.97,29.48,21.26,67.87,45.31,63.69,37.46,55.41,25.87,NaN,NaN,NaN,NaN
11/7/19 19:45,FRC1,73,36,147,18,26.39,29.6,22.62,79.03,56.19,76.74,34.26,57.12,25.91,NaN,NaN,NaN,NaN
11/7/19 20:00,FRC1,71,37,147,18,29.41,30.5,22.91,97.07,70.87,91.9,35.7,57.05,25.9,NaN,NaN,NaN,NaN
11/7/19 20:15,FRC1,73,36,110,24,32.31,31.05,22.69,113.14,84.69,122.55,38.31,57.43,26.78,NaN,NaN,NaN,NaN
11/7/19 20:30,FRC1,73,36,120,22,35.41,33.47,22.07,123.37,96.01,139.97,37.68,59.05,27.21,NaN,NaN,NaN,NaN
11/7/19 20:45,FRC1,73,36,110,24,38.27,35.98,21.41,123.65,100.75,150.59,34.85,59.78,26.74,NaN,NaN,NaN,NaN
11/7/19 21:00,FRC1,73,36,156,17,47.11,44.15,21.72,131.39,98.56,153.03,32.52,59.98,26.54,NaN,NaN,NaN,NaN
11/7/19 21:15,FRC1,73,36,132,20,60.45,46.2,25.39,147.46,107.47,153.72,49.82,53.61,28.72,NaN,NaN,NaN,NaN
11/7/19 21:30,FRC1,73,36,120,22,71.8,49.67,24.43,156.98,108.79,154.91,34.61,51.01,28.83,NaN,NaN,NaN,NaN
11/7/19 21:45,FRC1,75,35,98,27,76.26,46.98,28.33,156.43,112.66,152.11,21.73,49.64,27.42,NaN,NaN,NaN,NaN
11/7/19 22:00,FRC1,75,35,75,35,78.1,50.87,30.74,153.42,122.25,148.67,25.53,50.55,20.87,NaN,NaN,NaN,NaN
11/7/19 22:15,FRC1,73,36,73,36,77.9,61.61,30.24,153.14,128.07,149,27.49,54.72,30.23,NaN,NaN,NaN,NaN
11/7/19 22:30,FRC1,75,35,75,35,76.97,66.13,31.84,153.11,130.4,147.99,27.48,62.77,37.69,NaN,NaN,NaN,NaN
11/7/19 22:45,FRC1,75,35,75,35,75.53,69.43,32.41,151.11,132.33,140.72,27.47,65.44,35.13,NaN,NaN,NaN,NaN
11/7/19 23:00,FRC1,75,35,75,35,73.77,74.37,32.89,150.27,133.41,126.37,27.53,69.4,40.59,NaN,NaN,NaN,NaN
11/7/19 23:15,FRC1,75,35,75,35,72.29,79.84,34.05,150.77,133.85,115.89,27.95,73.12,43.47,18.46,NaN,NaN,NaN
11/7/19 23:30,FRC1,75,35,75,35,70.61,85.14,35.76,150.9,132.8,98.01,26.85,77.24,43.39,NaN,NaN,NaN,NaN
11/7/19 23:45,FRC1,75,35,75,35,69.66,82.24,38.09,148.06,130.17,81.43,28.51,80.71,45.7,NaN,NaN,NaN,NaN
12/7/19 0:00,FRC1,75,35,75,35,69.77,76.15,38.48,146.44,126.6,66.97,29.65,85.16,46.87,NaN,NaN,NaN,NaN
12/7/19 0:15,FRC1,75,35,75,35,69.45,76.01,38.04,149.9,122.58,58.96,28.94,89.6,47.23,NaN,NaN,NaN,NaN
12/7/19 0:30,FRC1,75,35,75,35,68.67,79.18,38.13,156.76,117.11,52.24,29.16,95.07,48.18,NaN,NaN,NaN,NaN
12/7/19 0:45,FRC1,75,35,75,35,69.02,86.12,37.57,175.18,114.1,50.94,29,100.62,47.71,NaN,NaN,NaN,NaN
12/7/19 1:00,FRC1,75,35,75,35,68.08,95.24,37.13,175.82,104.05,45.02,29.83,108.72,48.62,NaN,NaN,NaN,NaN
12/7/19 1:15,FRC1,75,35,106,25,62.03,104.78,39.21,171.36,90.68,42.93,49.58,111.3,48.82,NaN,NaN,NaN,NaN
12/7/19 1:30,FRC1,73,36,73,36,54.31,108.57,49.94,172.36,76.19,41.99,86.22,105.97,49.67,NaN,NaN,NaN,NaN
12/7/19 1:45,FRC1,73,36,73,36,49.34,106.3,38.7,178.98,75.21,43.64,90.36,97.46,49.88,NaN,NaN,NaN,NaN
12/7/19 2:00,FRC1,73,36,73,36,45.96,100.13,33.28,180.7,71.47,63.45,95.87,89.45,48.29,NaN,NaN,NaN,NaN
12/7/19 2:15,FRC1,73,36,73,36,42.84,93.43,30.25,178.26,68.19,63.78,102.75,84.71,38.11,NaN,NaN,NaN,NaN
12/7/19 2:30,FRC1,73,36,73,36,40.74,83.35,28.85,171.3,64.8,65.44,104.38,83.73,36.67,NaN,NaN,NaN,NaN
12/7/19 2:45,FRC1,73,36,73,36,39.21,73.05,28.31,164.93,61.61,67.26,102.18,85.57,34.3,NaN,NaN,NaN,NaN
12/7/19 3:00,FRC1,73,36,73,36,37.99,64.72,28.06,157.57,58.58,65.19,98.3,81.72,33.78,NaN,NaN,NaN,NaN
12/7/19 3:15,FRC1,73,36,73,36,37.41,55.92,27.25,149.54,56.43,67.89,94.98,77.78,33.16,NaN,NaN,NaN,NaN
12/7/19 3:30,FRC1,73,36,73,36,36.96,48.77,26.85,140.88,54.41,68.47,90.78,75.55,34.36,NaN,NaN,NaN,NaN
12/7/19 3:45,FRC1,73,36,73,36,36.78,44.71,26.65,133.3,52.57,54.61,88.51,73.62,35.04,NaN,NaN,NaN,NaN
12/7/19 4:00,FRC1,73,36,73,36,36.02,40.65,26.4,126.34,52.18,46.88,86.32,72.41,35.13,NaN,NaN,NaN,NaN
12/7/19 4:15,FRC1,73,36,73,36,35.36,38.76,26.38,119.12,53.15,47.8,83.23,70.97,35.42,NaN,NaN,NaN,NaN
12/7/19 4:30,FRC1,73,36,73,36,35.18,39.75,26.73,111.85,54.53,47.62,80.56,68.78,36.74,NaN,NaN,NaN,NaN
12/7/19 4:45,FRC1,73,36,73,36,35.27,38.95,27.69,108.19,54.87,44.33,78.55,66.64,37.4,NaN,NaN,NaN,NaN
12/7/19 5:00,FRC1,73,36,73,36,35.43,39.53,28.19,98.13,60.9,43.09,76.56,64.48,37.82,NaN,NaN,NaN,NaN
12/7/19 5:15,FRC1,73,36,73,36,36.4,45.16,27.72,95.64,58.27,45.5,79.48,63.41,36.36,NaN,NaN,NaN,NaN
12/7/19 5:30,FRC1,73,36,73,36,44.74,44.85,27.93,94.39,64.59,47.16,64.34,54.61,35.99,NaN,NaN,NaN,NaN
12/7/19 5:45,FRC1,73,36,73,36,55.89,45.21,26.42,92.49,71.18,48.22,55.98,47.19,36.76,NaN,NaN,NaN,NaN
12/7/19 6:00,FRC1,73,36,73,36,66.37,47,30.92,90.14,77.73,48.37,54.4,46.09,39.24,NaN,NaN,NaN,NaN
12/7/19 6:15,FRC1,73,36,73,36,74.21,50.33,34.32,89.11,88.67,47.27,51.67,46,40.13,NaN,NaN,NaN,NaN
12/7/19 6:30,FRC1,75,35,102,26,80.78,53.72,36.8,89.06,99.3,48.04,48.95,48.92,45.19,NaN,NaN,NaN,NaN
12/7/19 6:45,FRC1,73,36,98,27,86.97,57.24,38.76,90.44,108.16,48.55,49.3,51.59,49.14,NaN,NaN,NaN,NaN
12/7/19 7:00,FRC1,73,36,73,36,91.48,63.74,39.31,92.62,117.87,48.86,50.37,54.67,52.65,55.61,NaN,NaN,NaN
12/7/19 7:15,FRC1,73,36,73,36,96.34,70.76,40.98,96.57,129.61,49.59,48.21,57.33,56.84,NaN,NaN,NaN,NaN
12/7/19 7:30,FRC1,73,36,73,36,100.45,71.48,40.99,102.84,143.14,49.97,43.93,59.48,61.6,57.32,NaN,NaN,NaN
12/7/19 7:45,FRC1,75,35,94,28,103.56,68.49,42.7,109.65,156.5,51.38,39.79,59.57,63.63,NaN,NaN,NaN,NaN
12/7/19 8:00,FRC1,73,36,73,36,106.41,69.08,41.97,117.96,166,40.68,35.92,56.69,62.9,NaN,NaN,NaN,NaN
12/7/19 8:15,FRC1,73,36,102,26,108.05,68.9,42.62,116.02,176.61,39.05,33.13,53.98,60.91,NaN,NaN,NaN,NaN
12/7/19 8:30,FRC1,73,36,98,27,109.72,64.47,41.29,107.44,163.65,37.71,31.51,50.13,58.81,NaN,NaN,NaN,NaN
12/7/19 8:45,FRC1,75,35,102,26,109.66,58.99,41.55,96.7,141.19,40.54,30.3,44.41,55.76,NaN,NaN,NaN,NaN
12/7/19 9:00,FRC1,75,35,120,22,109.79,52.36,41.27,90.14,116.82,40.17,29.4,38.5,53.21,NaN,NaN,NaN,NaN
12/7/19 9:15,FRC1,73,36,98,27,108.9,45.34,40.94,76.23,102.1,36.65,31.11,35.83,51.8,NaN,NaN,NaN,NaN
12/7/19 9:30,FRC1,75,35,110,24,96.78,40.65,41.46,62.51,81.38,33.31,29.3,37.4,51.26,NaN,NaN,NaN,NaN
12/7/19 9:45,FRC1,75,35,106,25,70.52,34.19,40.63,46.68,58.17,30.91,32.47,32.17,56.43,NaN,NaN,NaN,NaN
12/7/19 10:00,FRC1,73,36,120,22,54.3,30.68,35.71,50.07,45.23,29.82,35.68,35.76,50.12,NaN,NaN,NaN,NaN
12/7/19 10:15,FRC1,73,36,120,22,45.53,25.95,31.21,73,37.3,27.24,38.85,37.02,50.95,NaN,NaN,NaN,NaN
12/7/19 10:30,FRC1,73,36,115,23,40.28,24.14,27.58,83.24,35.75,26.31,46.36,37.74,45.32,NaN,NaN,NaN,NaN
12/7/19 10:45,FRC1,75,35,156,17,37.13,22.94,24.48,90.42,34.9,26.44,50.26,40.02,36.96,NaN,NaN,NaN,NaN
12/7/19 11:00,FRC1,75,35,139,19,34.68,22.87,23.65,93.92,31.81,26.05,52.84,43.4,33.73,NaN,NaN,NaN,NaN
12/7/19 11:15,FRC1,75,35,110,24,32.78,22.54,23.19,81.32,30.04,25.46,53.4,45.74,29.64,NaN,NaN,NaN,NaN
12/7/19 11:30,FRC1,75,35,132,20,31.4,24.45,22.92,32.66,29.47,25.41,53.42,47.06,28.81,NaN,NaN,NaN,NaN
12/7/19 11:45,FRC1,75,35,126,21,30.97,22.25,22.04,32.62,29.55,25.91,52.79,48.08,28.94,NaN,NaN,NaN,NaN
12/7/19 12:00,FRC1,75,35,110,24,29.91,19,22.72,71.34,29.41,30.5,52.12,48.95,28.82,NaN,NaN,NaN,NaN
12/7/19 12:15,FRC1,73,36,126,21,29.41,19.95,22.31,91.26,29.4,28.99,51.58,47.72,45.08,NaN,NaN,NaN,NaN
12/7/19 12:30,FRC1,73,36,106,25,28.81,20.63,39.95,93.3,29.87,31.54,51.26,47.44,27.76,NaN,NaN,NaN,NaN
12/7/19 12:45,FRC1,75,35,132,20,28.44,19.87,25.62,93.88,30.08,33.83,50.96,47.13,27.35,NaN,NaN,NaN,NaN
12/7/19 13:00,FRC1,73,36,120,22,28.01,19.24,21.51,38.63,29.57,34.57,50.75,45.89,27.34,NaN,NaN,NaN,NaN
12/7/19 13:15,FRC1,73,36,98,27,27.66,20.15,20.18,34.88,29.49,38.23,50.69,45.72,27.34,NaN,NaN,NaN,NaN
12/7/19 13:30,FRC1,75,35,126,21,27.56,19.25,19.69,28.93,37.73,33.98,51.93,45.88,27.5,NaN,NaN,NaN,NaN
12/7/19 13:45,FRC1,75,35,106,25,32.21,19.41,20.5,31.93,34.05,30.51,46.45,47.81,27.97,NaN,NaN,NaN,NaN
12/7/19 14:00,FRC1,73,36,126,21,44.89,18.87,19.98,33.75,37.93,26.57,34.47,35.94,27.98,NaN,NaN,NaN,NaN
12/7/19 14:15,FRC1,73,36,132,20,58.92,22.48,21.71,34.67,42.1,25.72,33.51,32.62,27.66,NaN,NaN,NaN,NaN
12/7/19 14:30,FRC1,75,35,139,19,70.27,22.52,25.81,35.36,39.22,25.25,28.65,27.75,32.94,NaN,NaN,NaN,NaN
12/7/19 14:45,FRC1,73,36,126,21,73.41,24.03,28.15,35.99,35.09,25.07,25.61,27.61,31.11,NaN,NaN,NaN,NaN
12/7/19 15:00,FRC1,73,36,120,22,72.4,24.76,29.71,37.32,32.31,25.46,24.7,27.82,34.76,NaN,NaN,NaN,NaN
12/7/19 15:15,FRC1,73,36,115,23,70.35,26.06,30.16,38.93,30.8,25.79,24.67,28.14,38.03,NaN,NaN,NaN,NaN
12/7/19 15:30,FRC1,73,36,110,24,68.72,25.36,31.22,40.56,29.97,25.74,24.69,28.17,40.77,NaN,NaN,NaN,NaN
12/7/19 15:45,FRC1,75,35,110,24,66.71,26.37,33.46,42.1,28.74,25.83,24.5,28.16,46.61,NaN,NaN,NaN,NaN
12/7/19 16:00,FRC1,75,35,115,23,66.32,27.24,35.04,42.39,28.3,25.97,24.24,28.58,50.56,NaN,NaN,NaN,NaN
12/7/19 16:15,FRC1,73,36,115,23,65.62,27.35,37.11,43.49,27.89,26.01,24.26,28.65,51.66,NaN,NaN,NaN,NaN
12/7/19 16:30,FRC1,73,36,110,24,64.68,29.34,40.44,44.6,27.9,26.76,24.2,29.19,54.28,NaN,NaN,NaN,NaN
12/7/19 16:45,FRC1,75,35,126,21,64.15,29.17,36.49,45.45,28.33,27.28,24.62,30.17,54.84,NaN,NaN,NaN,NaN
12/7/19 17:00,FRC1,75,35,139,19,63.94,27.39,28.46,45.68,29.38,27.24,25.06,30.96,57.82,NaN,NaN,NaN,NaN
12/7/19 17:15,FRC1,73,36,115,23,63.31,27,26.02,44.5,29.69,27.67,24.86,31.18,56.8,NaN,NaN,NaN,NaN
12/7/19 17:30,FRC1,73,36,120,22,63.39,26.8,26.23,50.07,30.27,32.52,25.19,32.33,57.85,NaN,NaN,NaN,NaN
12/7/19 17:45,FRC1,75,35,126,21,63.21,27.21,23.45,39.57,30.82,31.65,30.09,33.12,60.24,NaN,NaN,NaN,NaN
12/7/19 18:00,FRC1,73,36,120,22,55.54,27.96,23.05,34.63,31.29,35.35,28.91,37.3,60.04,NaN,NaN,NaN,NaN
12/7/19 18:15,FRC1,73,36,126,21,45.26,27.14,23.65,30.97,33.55,38.26,33.64,40.44,56.54,NaN,NaN,NaN,NaN
12/7/19 18:30,FRC1,75,35,115,23,38.58,24.12,24.42,32.32,38.73,41.52,35.93,45.19,54.79,NaN,NaN,NaN,NaN
12/7/19 18:45,FRC1,75,35,132,20,34.85,22.54,25.51,34.39,58.64,45.46,41.61,51.18,54.15,NaN,NaN,NaN,NaN
12/7/19 19:00,FRC1,73,36,126,21,33.69,23.29,26.08,35.15,82.21,51.42,48.92,59.36,43.6,NaN,NaN,NaN,NaN
12/7/19 19:15,FRC1,75,35,126,21,33.41,23.38,26.35,39.02,90.11,57.04,53.97,67.12,42.44,NaN,NaN,NaN,NaN
12/7/19 19:30,FRC1,73,36,120,22,33.96,24.07,27.06,39.91,110.99,60.23,58.03,77.12,38.58,NaN,NaN,NaN,NaN
12/7/19 19:45,FRC1,73,36,115,23,34.6,24.63,27.37,36.66,131.6,62.03,61.68,83.97,39.26,NaN,NaN,NaN,NaN
12/7/19 20:00,FRC1,75,35,165,16,34.91,24.98,27.89,39.37,153.77,64.35,62.98,89.47,39.6,NaN,NaN,NaN,NaN
12/7/19 20:15,FRC1,73,36,132,20,34.78,26.16,27.77,47.18,176.93,70.25,63.9,97.53,42.98,NaN,NaN,NaN,NaN
12/7/19 20:30,FRC1,73,36,120,22,35.77,26.55,27.61,54.47,192.86,84.51,65.12,110.63,47.12,NaN,NaN,NaN,NaN
12/7/19 20:45,FRC1,73,36,120,22,35.24,26.89,27.85,58.21,209.61,96.38,67.55,123.91,53.28,NaN,NaN,NaN,NaN
12/7/19 21:00,FRC1,75,35,110,24,34.39,29.14,27.43,60.66,230.88,96.85,68.86,124.37,57.24,NaN,NaN,NaN,NaN
12/7/19 21:15,FRC1,75,35,147,18,33.67,29.96,34.65,74.41,238.06,100.96,69.31,123.77,63.91,NaN,NaN,NaN,NaN
12/7/19 21:30,FRC1,73,36,115,23,32.34,28.5,38.72,86.83,239.61,107.35,68.83,127.42,70.11,NaN,NaN,NaN,NaN
12/7/19 21:45,FRC1,75,35,110,24,31.3,27.99,41.54,95.63,233.36,98.96,69.44,134.86,72.77,NaN,NaN,NaN,NaN
12/7/19 22:00,FRC1,75,35,98,27,31.55,27.13,42.29,103.21,231.01,86.46,70.16,130.99,75.66,NaN,NaN,NaN,NaN
12/7/19 22:15,FRC1,75,35,75,35,39.46,30.22,44.68,109.47,235.86,81.6,56.58,118,84.47,NaN,NaN,NaN,NaN
12/7/19 22:30,FRC1,73,36,110,24,53.23,34.93,45.98,109.2,238.46,72.53,50.75,96.68,87.21,NaN,NaN,NaN,NaN
12/7/19 22:45,FRC1,75,35,120,22,64.67,27.98,47.05,107.46,229.94,67.33,49.72,82.03,105.18,NaN,NaN,NaN,NaN
12/7/19 23:00,FRC1,73,36,73,36,68.48,26.82,46.04,106.44,208.7,60.55,46.1,72.58,118.72,NaN,NaN,NaN,NaN
12/7/19 23:15,FRC1,73,36,73,36,68.9,27.81,45.13,105.57,179.91,55.11,45.03,67.88,124.35,NaN,NaN,NaN,NaN
12/7/19 23:30,FRC1,73,36,73,36,68.82,28.53,44.59,105.73,140.77,52.07,43.94,64.57,124.7,NaN,NaN,NaN,NaN
12/7/19 23:45,FRC1,73,36,73,36,67.61,29.29,44.19,105.59,109.36,49.91,42.91,62.27,124.96,NaN,NaN,NaN,NaN