newtimestamp,Free Flow Time(seconds),Free Flow Speed(KMPH),Current Time(seconds),Current Speed(KMPH),March(2-8),March(9-15),March(16-22),March(23-29),March(30) – April(5),April(6-12),April(13-19),April(20-26),April(27) – May(3),May(4-10),May(11-17),May(18-24),May(25-31)
06/07/19 0:00,41,40,110,15,116.6,56.4,31.2,24.9,64.7,19.9,38.6,35,57.3,90.6,42.4,26.3,33.1
06/07/19 0:15,41,40,41,40,79.9,54.1,27.8,21.5,64,23.5,39.6,35.9,53.9,77.2,62.9,20.3,32.8
06/07/19 0:30,41,40,41,40,71.9,50.2,24.7,17.3,61.6,23.1,47.6,35.6,51.6,65.6,48.5,19.4,30.3
06/07/19 0:45,41,40,41,40,42.2,52.9,21.6,17.4,61.8,22.8,45.1,32.7,46.5,59.9,75.3,21.7,28.6
06/07/19 1:00,41,40,41,40,39.8,54.1,23,20.3,63.5,40.8,37.4,30.2,34.4,52.5,67,21.4,27.3
06/07/19 1:15,41,40,41,40,43.1,48.4,22.1,22.6,66,58.8,35.5,29.2,30.9,47.4,50.8,16,29.2
06/07/19 1:30,41,40,41,40,45,52.9,20,21.6,82,68.9,37.3,30.3,31.5,39.6,55,16.1,28
06/07/19 1:45,41,40,41,40,45.2,58.6,17.6,20.8,87.8,79,37.4,32,30.6,42.4,53.5,16.5,29.2
06/07/19 2:00,41,40,41,40,NaN,NaN,NaN,NaN,NaN,NaN,NaN,NaN,NaN,NaN,NaN,15.9,28.9
06/07/19 2:15,41,40,41,40,NaN,NaN,NaN,NaN,NaN,NaN,NaN,NaN,NaN,NaN,NaN,16,31.6
06/07/19 2:30,41,40,41,40,52.8,67,19.8,22.4,74.3,85.3,24.8,34.2,31,37.2,44.5,22.9,32.4
06/07/19 2:45,41,40,41,40,56.9,72.6,19.7,22.7,90.2,93.7,26,50.2,30.1,37.8,51.2,31.8,21.2
06/07/19 3:00,41,40,41,40,49.9,72.8,20.3,17.8,121.3,101,28.3,53.5,26.8,39.6,52.7,30,17.6
06/07/19 3:15,41,40,41,40,45.5,68.1,21,18.7,125,112.5,29.2,49.8,24.3,38.9,59.1,27.4,16.9
06/07/19 3:30,41,40,41,40,43,54,20.3,18.4,129.9,121.4,31.2,40.9,23.5,36.3,51.9,27.8,16
06/07/19 3:45,41,40,41,40,41.5,53.3,20.5,19.2,132.4,93.3,32.5,38.7,30.2,34.8,50.5,26.7,15.1
06/07/19 4:00,41,40,41,40,42.8,52,20.1,18.8,135.8,89.2,34.5,36.4,25.8,29.2,63.6,27.5,14.8
06/07/19 4:15,41,40,41,40,44,53,19.9,18.1,150.1,76.6,36,33,28.1,26.5,63.1,24,15
06/07/19 4:30,41,40,41,40,43.1,52.8,24.1,17.7,155.2,67.9,37.1,31.7,27.5,26.3,96.7,20.1,16.7
06/07/19 4:45,41,40,41,40,42.4,49.7,22.8,15.3,142.5,66.9,36.1,36.5,26.3,26.2,84.5,19.1,15.3
06/07/19 5:00,41,40,41,40,40.3,49.5,22.2,15.5,127.1,67.9,33.3,40.5,25.9,27,109.5,17.2,13.3
06/07/19 5:15,41,40,41,40,39,49.6,23.7,18,120,88.1,32.8,39.5,27.3,27.8,94.8,16,13.8
06/07/19 5:30,41,40,41,40,40.4,49.6,24.5,17.9,139.5,140.5,35.5,38.7,33.6,28.1,81.5,15.3,14.5
06/07/19 5:45,41,40,41,40,48.6,50.5,25,18.5,147.8,159,42.2,39.6,40.4,27.8,58.2,14.9,15.6
06/07/19 6:00,41,40,41,40,58.3,59.6,27.2,19.7,140.9,174.2,43.1,41,43.1,29.8,52,14.6,22.1
06/07/19 6:15,41,40,41,40,59.8,69.8,26.9,19.7,138.1,131,42.6,41.3,53.1,28.3,86.7,14.4,24.1
06/07/19 6:30,41,40,41,40,66.1,76.1,29.4,23.8,134,103.7,59,45,55.8,27.1,117.7,18.5,28
06/07/19 6:45,41,40,41,40,74.9,82,40,27.7,132.2,91.9,78.8,51.1,56.4,33.6,71.2,20.6,29.2
06/07/19 7:00,41,40,41,40,107.3,81.4,44.1,25.8,132.7,88.1,79.9,51.3,53,38.7,67.1,25.2,30.4
06/07/19 7:15,41,40,41,40,180.8,83.9,49,26.2,135.8,73.5,73.6,50.4,46,51,48.8,21.5,30
06/07/19 7:30,41,40,41,40,157.2,90.3,47.7,32,132.4,60.3,57.2,47.4,46.1,43.9,58.4,18,26.5
06/07/19 7:45,41,40,41,40,145.7,82.7,40.9,28.7,122.3,62.1,56.4,51,42.3,45.4,70,19.5,34.7
06/07/19 8:00,41,40,41,40,122.1,76.5,35.2,29.9,115,61.6,54.9,52.3,38.5,44.3,60.1,22,30.7
06/07/19 8:15,41,40,41,40,101.8,61.8,28,27,NaN,74.7,46.2,53.4,33.3,34.8,55.3,20.4,28.6
06/07/19 8:30,41,40,41,40,107.1,47,37,29.8,103.7,64.1,44.5,54.4,40.2,37.8,52.8,21.6,29.3
06/07/19 8:45,41,40,55,30,113.2,45.9,36.9,28.4,90.2,54.2,38.6,51.9,27.9,31.8,61.2,19.2,36.2
06/07/19 9:00,42,39,56,29,117,40,32.3,25.3,78,54.3,41.8,52.6,26.1,32.5,76.5,19.3,27.3
06/07/19 9:15,41,40,41,40,123.5,45.6,34.5,27.3,67.1,49.8,38.2,48.1,29.4,28.1,57.3,25.5,22.3
06/07/19 9:30,42,39,55,30,148.7,44.4,31.4,26.5,48.5,52.7,25.5,33.8,26.2,33.6,50.4,17.4,22
06/07/19 9:45,41,40,41,40,138.3,46.4,26.3,21.8,45.1,56.2,19.4,29.1,21,25.6,43.3,18.8,21.3
06/07/19 10:00,41,40,56,29,123.6,41.5,26.3,17.8,43.5,53.4,21.2,33,18,24.6,50.4,19.6,22.2
06/07/19 10:15,41,40,41,40,115.4,39.5,29.1,20.8,44.5,46.6,18.7,23.6,17.1,26.2,43,19.8,19.3
06/07/19 10:30,41,40,55,30,144.8,43.1,29.9,21.8,42.6,36.7,17.2,20.7,20.4,23.7,45.8,17,22.9
06/07/19 10:45,41,40,56,29,113.9,30.4,26,25.2,38.2,40.3,17.1,26.5,21.7,26.6,40.9,18,21.2
06/07/19 11:00,42,39,56,29,80.9,25.2,26.2,21.2,30.6,28.2,15.4,18.6,20.8,22.8,55,13.1,17.4
06/07/19 11:15,42,39,55,30,93.7,19.2,21.6,19.9,30.2,35.4,16.9,15,16.6,24.8,36.9,15,20.5
06/07/19 11:30,41,40,82,20,102.9,29.3,24.9,19.8,25.5,32.9,16.5,17.9,18.1,23.7,32.1,15.5,18.2
06/07/19 11:45,42,39,75,22,116.5,21.9,23.1,20.5,31.2,29.3,18,17,21.6,22.7,39,14.5,32.4
06/07/19 12:00,41,40,56,29,100.6,26.4,22.2,23.5,25.8,26.6,18.8,12.3,21.5,22,35,15.5,25.8
06/07/19 12:15,40,41,118,14,98.1,20.1,23.6,20,22.7,21.7,16.7,15.3,19,20.3,52.3,15.8,19.9
06/07/19 12:30,41,40,78,21,107.4,20.5,27.7,27.9,35.4,23.2,17.8,15.3,22.3,27.4,34.3,15.9,24.7
06/07/19 12:45,0,0,0,0,95.5,22.1,20.9,24.1,35.4,24.5,20.3,10.8,25.8,18.9,37.3,16.5,23.4
06/07/19 13:00,41,40,103,16,90.1,17.3,22.4,17.5,26.6,22.7,17.3,14.7,24.3,26.1,34.5,24.2,19.6
06/07/19 13:15,41,40,68,24,90.3,16,21.1,17.8,23.7,23.9,16,13,15.4,21.7,30.2,17.1,18.9
06/07/19 13:30,40,41,137,12,79.4,18.8,22.7,21.7,27.3,25.1,14.8,18.4,17.9,24.6,36,18.1,19.3
06/07/19 13:45,41,40,66,25,62.3,19.5,20.5,19,36.5,22.1,14.8,24.5,18,NaN,NaN,14.1,17.4
06/07/19 14:00,41,40,78,21,60.8,18.5,20.1,16.1,37.2,21.1,17,20.5,16.3,NaN,NaN,18.2,13.3
06/07/19 14:15,41,40,63,26,33.1,19.1,18.1,17.1,24.6,16.2,16.5,22,25.9,NaN,26.9,15.8,13.4
06/07/19 14:30,41,40,110,15,63.9,21.2,21.4,19.2,19.8,18.5,13.5,16.2,19.5,NaN,31.5,14.9,14.6
06/07/19 14:45,42,39,71,23,108.4,15.5,17.8,17,28.2,17.7,17.6,16.5,17.3,NaN,28.1,13.2,18.9
06/07/19 15:00,41,40,97,17,92.5,16.7,25.4,18.9,30.2,18.8,18.9,15.3,16.4,NaN,21.7,15.1,19.2
06/07/19 15:15,42,39,82,20,78.7,15.9,20.7,16.7,26.6,19.9,19.7,15,16.9,NaN,20.4,14.9,14.9
06/07/19 15:30,42,39,75,22,63.4,19.7,18.9,12.7,24.3,17.8,18.8,11.4,19,NaN,32.3,13.4,15.7
06/07/19 15:45,41,40,51,32,69.9,18,21.2,13.3,28.2,16.7,21.4,13.6,19.9,NaN,31.8,16.3,16.3
06/07/19 16:00,41,40,97,17,86.9,18.4,18.7,16.6,24.6,18.6,25.5,31.6,18.7,NaN,29,14.6,19.9
06/07/19 16:15,42,39,75,22,102.8,17.3,22.9,17,25.2,17,21.5,16.7,23.7,NaN,33.1,18.5,18
06/07/19 16:30,42,39,66,25,70.8,21.4,21.7,19.3,21.3,35.3,21.9,13.8,24.3,NaN,34.1,17.7,22.9
06/07/19 16:45,41,40,56,29,69.5,18.4,18.5,19.7,31.8,26.1,17.8,16.5,20.3,NaN,37.2,19.6,16.9
06/07/19 17:00,41,40,59,28,81,17.5,25.7,15.4,34,32.1,29.3,17,21.5,NaN,29.2,17.9,21.1
06/07/19 17:15,42,39,71,23,136.8,17,31.1,19.3,36.8,27.5,20.2,13.5,19.4,NaN,35,25.9,19.5
06/07/19 17:30,41,40,55,30,96.1,19.9,30.8,19.8,38.4,30.5,25.2,8.5,27.3,NaN,39.7,23.2,24
06/07/19 17:45,42,39,75,22,106.5,20.8,25,23.3,45.7,30.1,28.6,10,22.8,NaN,39.1,20,25.9
06/07/19 18:00,41,40,63,26,85.1,25.6,28.1,24,54.3,35,32.7,14.3,34.9,NaN,41.2,30.3,23.6
06/07/19 18:15,42,39,59,28,79.8,26.9,35.5,27,65.4,40.1,37.7,17,30.9,NaN,44.9,23.5,26.7
06/07/19 18:30,42,39,59,28,94,37.3,37,31.8,63.5,64.8,45.1,33.6,41.7,NaN,50.4,28.2,38.7
06/07/19 18:45,42,39,68,24,101.3,38.8,48.9,30.9,73.4,81.8,55.1,41.3,42.5,NaN,58.5,22.3,36.2
06/07/19 19:00,41,40,56,29,87.5,42.9,57.9,32.7,81.5,80.2,52.6,56.1,47.2,NaN,69,46.3,39.7
06/07/19 19:15,41,40,66,25,105.5,41.6,60.1,32.3,58.4,78.7,69.9,96.1,50,NaN,82.1,49.5,46.9
06/07/19 19:30,41,40,59,28,96.3,38.3,63.7,34.2,59.1,89.7,73.9,117.9,51.6,NaN,87.5,44.9,45.5
06/07/19 19:45,42,39,68,24,100.4,41.1,65.4,39.9,74.9,123.5,52,117.1,69.8,NaN,77.2,44.8,42
06/07/19 20:00,42,39,183,9,108.4,42.5,77.9,38.6,61.5,130.1,44.3,115.3,72.4,NaN,74.9,50.6,41.8
06/07/19 20:15,41,40,236,7,93.8,43.8,84.8,40,46.7,138.9,42.9,110.3,67.5,NaN,90.2,54.1,46.6
06/07/19 20:30,41,40,183,9,112.6,48.8,85.1,43.3,56.2,159.4,42.1,100.6,65.1,NaN,NaN,53.8,52.1
06/07/19 20:45,42,39,61,27,77.6,55.6,84.6,41.8,55.4,182.5,40.3,112.9,61.1,NaN,NaN,55.2,53.2
06/07/19 21:00,41,40,53,31,91.4,51.2,84.7,36.3,53.7,175.2,44.4,131.8,62.6,NaN,NaN,47.7,49.9
06/07/19 21:15,42,39,97,17,90.9,56.1,80,45.4,61.1,145,57.2,141.7,62.1,NaN,NaN,39.5,47.2
06/07/19 21:30,41,40,59,28,75.1,49.6,63.6,43.9,80.3,118.6,50.1,155.2,54.7,NaN,NaN,44.6,44.3
06/07/19 21:45,41,40,71,23,84.6,49.8,55.6,39.8,83.1,113.7,40.4,153.9,49.4,NaN,NaN,38.8,39.8
06/07/19 22:00,41,40,41,40,83.6,51.9,53.5,26.9,52.4,133.5,36.7,157.8,53.6,NaN,NaN,38.4,38.7
06/07/19 22:15,41,40,41,40,81.3,65.5,53,24.1,52.9,133.5,34.2,160.5,49.2,NaN,NaN,36.9,35.9
06/07/19 22:30,41,40,41,40,104.5,64.5,60.6,22.4,46.2,128.6,29.7,167.7,38.8,NaN,NaN,35.5,34.8
06/07/19 22:45,41,40,41,40,90.9,49.9,67.8,22.4,57.3,139.6,28.6,165.4,43.1,NaN,NaN,34,34.7
06/07/19 23:00,42,39,42,39,88.6,46.6,83.8,23.3,63.9,141.9,31.1,130.1,47,NaN,NaN,34.3,34.4
06/07/19 23:15,42,39,42,39,106.6,49.4,91.5,26.2,69.1,142.6,48.3,106.5,43.3,NaN,NaN,33.7,36.2
06/07/19 23:30,41,40,41,40,106.4,55,100.3,25,76.6,143.7,50.3,100.7,32.8,NaN,NaN,34.5,34.6
06/07/19 23:45,41,40,110,15,70.3,52.7,108.2,26.4,85.6,142.6,52,87.3,31.2,NaN,NaN,34.9,36.2
07/07/19 0:00,42,39,42,39,62.1,45.9,120.7,26.3,73.4,158.1,50.3,83.2,31.2,NaN,NaN,36.6,32.1
07/07/19 0:15,42,39,42,39,52,41.4,135.6,26.9,81.8,164.4,39.3,77.3,30.3,NaN,NaN,39.9,25.9
07/07/19 0:30,42,39,42,39,62.7,43.5,121.8,26.1,68.8,155,35.9,73.8,29.1,NaN,NaN,42.8,25
07/07/19 0:45,42,39,42,39,61,45.2,90.9,22.9,60.9,147.7,32.4,73.7,27.3,NaN,NaN,39.7,24.8
07/07/19 1:00,42,39,42,39,49.3,42.7,65.3,23.4,59.1,147.1,29.6,92.1,30.8,NaN,NaN,37.1,25.1
07/07/19 1:15,42,39,42,39,42.9,41.7,58.2,29.5,53.9,145.1,34.2,101.9,25,NaN,NaN,34,26.4
07/07/19 1:30,42,39,42,39,37.2,39.5,53.6,37.1,41.2,143.4,37.6,87.5,20.2,NaN,NaN,32.4,27.5
07/07/19 1:45,42,39,42,39,30.4,33.9,50.5,35.2,35.4,142.7,33.5,84.4,19.6,NaN,NaN,28.1,28.8
07/07/19 2:00,42,39,42,39,NaN,NaN,NaN,NaN,NaN,NaN,NaN,NaN,NaN,NaN,NaN,26.2,27.1
07/07/19 2:15,42,39,42,39,NaN,NaN,NaN,NaN,NaN,NaN,NaN,NaN,NaN,NaN,NaN,26.8,24.2
07/07/19 2:30,42,39,42,39,29.1,NaN,38.6,29.8,28.6,97,24.9,67.7,27.8,NaN,NaN,30.7,23.5
07/07/19 2:45,42,39,42,39,41.5,NaN,40.3,32.8,29.4,55.6,25.4,68.5,30.2,NaN,NaN,32,22.8
07/07/19 3:00,42,39,42,39,38.5,33.7,39.4,28.9,23.2,44.4,23.6,65.2,29.3,NaN,NaN,30,23.2
07/07/19 3:15,42,39,42,39,37.8,34.2,38.6,28.8,23,47.7,22,62.4,23.9,NaN,NaN,28.8,23.9
07/07/19 3:30,42,39,42,39,40.3,36.7,40.2,27.6,23.9,59.9,23.5,61.3,23.2,NaN,NaN,29.6,27.1
07/07/19 3:45,42,39,42,39,38.4,34.8,41.3,27.9,22.2,69.6,28.4,60.8,27.7,NaN,NaN,29.9,31.5
07/07/19 4:00,42,39,42,39,37.5,34.1,39,29.5,21.9,76.1,28.1,60,28.8,NaN,NaN,29.7,33.8
07/07/19 4:15,42,39,42,39,46.8,36.8,36.3,28.6,22,93.3,26.9,59.9,28.8,NaN,NaN,31.5,38.6
07/07/19 4:30,42,39,42,39,44.5,36.4,35.6,27.4,25.8,114.5,18.6,66.5,26.6,NaN,NaN,31.6,37.2
07/07/19 4:45,42,39,42,39,40.8,36.1,35.3,28,25.2,129.9,17,83.8,24.4,NaN,NaN,27.7,38.6
07/07/19 5:00,42,39,42,39,34.4,33.8,35.5,28.8,23.7,137.3,17.5,98.3,25.3,NaN,NaN,28.6,31.2
07/07/19 5:15,42,39,42,39,37.4,31.1,36.9,27.4,23.7,147,20.2,112,27.5,NaN,NaN,29.9,28.4
07/07/19 5:30,42,39,42,39,37.7,30.4,37.8,26.1,25.9,158.4,24.7,121.7,32.5,NaN,NaN,30.3,27.4
07/07/19 5:45,42,39,42,39,41,33.5,38.4,25.8,28.2,154.9,23.7,113.9,33.7,NaN,NaN,31.5,24.9
07/07/19 6:00,42,39,42,39,40.6,32.4,39.1,25.8,31.2,160.9,32.5,85.2,33.6,NaN,NaN,37.5,23.1
07/07/19 6:15,42,39,42,39,38.9,32.5,39.7,26,32.3,192.2,39,82.1,32.8,NaN,NaN,39.2,23.5
07/07/19 6:30,42,39,42,39,38.5,36.9,45.6,26.1,31.4,190,39.7,79.8,32.3,NaN,NaN,39.4,24.9
07/07/19 6:45,42,39,42,39,40.9,46.5,51.2,27.7,35.8,142.9,39.2,81.2,36.1,NaN,NaN,41.9,25.5
07/07/19 7:00,42,39,42,39,52.2,62.3,53.4,27.2,38.7,127,39.1,76.5,43.4,NaN,NaN,44.4,24.2
07/07/19 7:15,42,39,42,39,53.1,64.3,53.1,27.6,38.7,70.7,34.6,62,36.4,NaN,NaN,34.7,23.6
07/07/19 7:30,42,39,42,39,44,51.9,59.3,26.9,33.8,45,34.9,55.1,33.2,NaN,NaN,34,30
07/07/19 7:45,42,39,42,39,49.6,53.6,53.2,25.2,36.6,41.4,37.5,52.6,28.9,NaN,NaN,29.2,32.2
07/07/19 8:00,41,40,41,40,51.6,36,52.9,22.3,31.7,26.3,30,50.1,32.2,NaN,NaN,29.2,36.1
07/07/19 8:15,41,40,41,40,66.4,38.2,56.4,23,29.1,36.4,30.5,35.8,33.8,NaN,NaN,27.4,28.6
07/07/19 8:30,41,40,41,40,66.5,30.5,51.7,19.3,27.4,23.9,22.2,26.1,27.2,NaN,NaN,23.4,26.1
07/07/19 8:45,41,40,41,40,58.9,28.4,44.3,19,27.4,24.8,19.7,22.4,23,NaN,NaN,24,26.1
07/07/19 9:00,41,40,41,40,40.6,25.6,37.2,21.3,26.9,32.7,18.3,23,23.3,NaN,NaN,21.9,35.7
07/07/19 9:15,41,40,41,40,39.5,22.4,36.7,25.2,27.5,43.7,18.5,21.7,28.3,NaN,NaN,21.2,23.8
07/07/19 9:30,41,40,41,40,29.8,24.1,31.9,28.5,25.6,32.6,20.4,18.4,26.1,NaN,NaN,18.3,26.6
07/07/19 9:45,41,40,41,40,30.6,27.1,30.1,23.2,21.4,35.9,18.2,17.7,19.9,NaN,NaN,21.7,18
07/07/19 10:00,41,40,41,40,29.7,21.3,22.1,23.6,17.7,35.1,16.9,18.5,19.8,NaN,NaN,18.4,17.9
07/07/19 10:15,41,40,41,40,35.4,19.4,20.1,22.1,19.4,43.8,16.3,16.9,23.1,NaN,NaN,18.3,18.7
07/07/19 10:30,41,40,41,40,26.3,18,24.9,21.7,16.4,28.3,18.7,19.7,29.8,NaN,NaN,18.3,20
07/07/19 10:45,41,40,53,31,22.9,20.6,22.1,28.5,19,27.1,18.1,16.1,21.2,18.6,NaN,17.8,15.5
07/07/19 11:00,42,39,42,39,34,23.2,18.4,24.6,16.3,34.1,17.3,14.4,21.5,20.6,NaN,18,17.5
07/07/19 11:15,42,39,55,30,18.9,21,27.6,27.5,14,41,18.9,15.6,32.6,18.3,NaN,23.7,14.9
7/7/19 11:35,42,39,42,39,20.5,15.8,17.8,24.5,15.4,33.9,20.4,10.4,20.6,19.3,NaN,21.6,14.1
7/7/19 11:50,41,40,59,28,17.9,22.2,26.6,26.5,15.5,30.7,15.5,10.2,20.8,18.1,NaN,17.7,14.9
7/7/19 12:05,42,39,42,39,21.3,16.5,19.5,18.2,18.4,34.3,19.5,9.9,14.4,19.4,NaN,19.6,17.5
7/7/19 12:20,42,39,53,31,23.5,16.4,21.6,21.6,18.5,23.4,20.1,12.3,16.5,19.8,NaN,16.6,18.2
7/7/19 12:35,42,39,66,25,22.6,14,17.2,21.3,16.2,35.9,21.5,9.5,20.3,18.4,NaN,17.7,15.3
7/7/19 12:50,42,39,63,26,19.1,16.3,16,20.4,19,26.4,16.5,10.6,17.3,17.5,NaN,18.2,17.8
7/7/19 13:05,42,39,68,24,18.6,16.9,19.8,18,15.9,24.7,16.4,11.4,16.1,19.3,NaN,20.9,19.7
7/7/19 13:20,42,39,55,30,41.1,16.1,17.5,17.7,15.4,23.8,12.6,12.5,16.6,17.4,NaN,16.2,14.6
7/7/19 13:35,41,40,59,28,22.4,18.7,17.2,17.4,16.4,28,17.1,14.2,19.1,17.5,NaN,15.9,19.3
7/7/19 13:50,42,39,68,24,20.4,19.8,15.1,17,14.8,25.4,18.6,13.5,16.3,19.8,NaN,18.8,17.1
7/7/19 14:05,42,39,103,16,20.4,15.9,12.9,16.9,15.6,22.4,13.7,14.6,15.1,15.8,NaN,15.9,17.4
7/7/19 14:20,41,40,55,30,22.3,11.8,14.6,16.7,15,26,16.4,11.9,14.7,19.3,NaN,31.6,15.3
7/7/19 14:35,41,40,55,30,38.7,10.4,13.2,16.8,14.5,29.3,14.7,14.3,14.3,17.8,NaN,41.4,14.9
7/7/19 14:50,42,39,53,31,38,11.4,13.7,16.9,15.3,28.3,16.9,10.6,17,20.4,NaN,25.9,13
7/7/19 15:05,41,40,56,29,34.2,14.4,13.7,16.8,16.9,37.6,13.6,8.6,17,21.4,NaN,17.5,13.7
7/7/19 15:20,42,39,42,39,38.7,10.8,13.9,14.5,17,35.7,17.1,13.6,15.9,21.4,NaN,19.1,18.1
7/7/19 15:35,42,39,75,22,30,12.9,15,20.5,13.6,30.2,17.1,18.3,19.5,19.2,NaN,23.2,14.4
7/7/19 15:50,42,39,56,29,30.8,18.2,18.7,19.4,13.4,21.6,15.3,17.6,21,16.7,NaN,20.2,16.8
7/7/19 16:05,41,40,41,40,41.9,18.2,16.6,15.1,13.4,31.8,19.1,16.5,14.3,19.9,NaN,19.5,16.1
7/7/19 16:20,42,39,42,39,48,26.4,21.6,17.5,13.4,22.7,14.7,18.4,17.8,21,37.5,22.4,19.7
7/7/19 16:35,41,40,63,26,35.4,22.6,15.4,19.8,14.2,19.2,15,18.4,22.6,23.3,36,22.6,19.6
7/7/19 16:50,42,39,61,27,32.4,12.7,20.2,21.4,16.4,33.2,19.4,27.1,20.9,24.5,37.7,20.3,21.2
7/7/19 17:05,41,40,63,26,29.8,15.5,25,20.9,15.5,29.1,18.5,23.1,18.3,22.1,30,25.4,16.4
7/7/19 17:20,42,39,63,26,37.7,17.8,22.3,25.5,15.5,42.2,20.6,23.1,22,20.2,48.5,27.3,22.5
7/7/19 17:35,41,40,71,23,37.5,24.7,24.1,25,16,33.5,23,26,24.3,27.1,41.9,33.2,22.6
7/7/19 17:50,42,39,66,25,39.9,23.8,20.9,27.5,18.2,42.2,24.4,26.5,28.7,37.7,36.5,34.7,22.4
7/7/19 18:05,41,40,56,29,44.9,31.9,26.4,26.8,19.7,39.7,27.9,25.3,33.8,41.3,48.8,34.1,21.2
7/7/19 18:20,42,39,42,39,57.2,38.1,30.4,25.6,24,44.7,28.7,27.4,37.5,37.4,46.1,38.1,29.1
7/7/19 18:35,41,40,66,25,67,49.9,32.1,27.6,26.4,43,38.1,31.4,40.9,53.7,59.3,47,35.8
7/7/19 18:50,42,39,42,39,86.3,53.1,39.1,37.7,33.7,50.3,41.3,40.9,55.4,42.9,62.1,47.9,40.9
7/7/19 19:05,41,40,41,40,78.5,62,47.7,34.2,33.1,49.2,51.7,60.4,78.9,45.1,58.2,55.5,49.4
7/7/19 19:20,42,39,42,39,81.7,103.9,49.4,27.2,32,45.4,58.1,85.9,96.5,57.5,59.9,61.8,64.8
7/7/19 19:35,41,40,61,27,84.3,96.9,57.8,29.3,30.8,43.4,63.5,132.2,103.3,79.9,76.5,65.6,90.4
7/7/19 19:50,42,39,42,39,97.9,92.3,100.9,26.1,32.9,45.3,57.9,134.4,121.7,88.7,78.8,72.3,95.7
7/7/19 20:05,42,39,71,23,116,98.3,87.9,27.7,32.3,22.9,63.3,106.3,138.4,95,85.3,72.4,90.6
7/7/19 20:20,42,39,55,30,109.6,116.6,80.8,29.4,34.8,16.5,66.3,102.1,140.6,103.4,97.2,73.1,92.3
7/7/19 20:35,41,40,63,26,121.3,115.4,86.8,34.7,37.3,16.3,70.2,103.4,130.5,114.5,107.4,77.7,94.6
7/7/19 20:50,41,40,41,40,144.3,116,81.5,37.8,30.8,22.1,69.6,117.2,121.9,155.7,112.7,86.6,93.5
7/7/19 21:05,41,40,56,29,155.1,111.8,66.2,35.2,30.7,24.4,58.2,150.2,100.2,173.4,120.7,89.6,95.3
7/7/19 21:20,42,39,61,27,146.7,131.7,59,36.1,29.4,25.6,59.9,167.1,89.2,186.1,137.2,92.1,111.1
7/7/19 21:35,41,40,41,40,147.1,172.6,58.3,39.2,33.4,31.8,58,206,94.8,188.4,148.9,102.8,128.1
7/7/19 21:50,41,40,41,40,165.5,170.2,58.9,34,35.8,47,48,222.6,93.6,202.9,153.9,121,132.7
7/7/19 22:05,41,40,41,40,176.2,138.6,65.9,40.5,34.9,47.3,42.4,217.5,88.3,409,154.3,121.5,133.4
7/7/19 22:20,41,40,41,40,192.6,134.7,58,42.7,31.9,36.1,40.6,189.8,102.8,372.5,151.6,115.6,133.2
7/7/19 22:35,41,40,41,40,212.8,128.7,52.2,42.1,32,34.8,37.8,159.1,100,376.2,138.5,104.1,126.2
7/7/19 22:50,41,40,41,40,225.3,128.8,58,43.3,22,29.6,37.7,139.2,76.2,370.2,106,100.7,86.8
7/7/19 23:05,41,40,41,40,228.3,124.2,63.6,42.2,22,27.2,33.2,120.8,82.9,357.3,100.6,100.5,67.3
7/7/19 23:20,42,39,42,39,225.9,115.8,67.7,40.3,27.7,25.9,32.4,122.2,68.9,343.4,139.8,102.1,58.2
7/7/19 23:35,42,39,42,39,226,126.2,84.6,39,26.9,28.4,31.7,143,60.4,333.8,132.8,102.9,64
7/7/19 23:50,42,39,42,39,231.5,139.9,87.2,35.6,23.9,27.9,29.1,143.9,60.4,319.8,129.1,99.5,59.4
8/7/19 0:00,42,39,42,39,261,142.4,85.1,33.4,20.8,37.2,27.7,139.4,64.1,309.9,132.4,95.3,50.3
8/7/19 0:15,42,39,42,39,216.8,143.1,82,31.4,23.6,47.5,25.7,135.2,71.6,278.7,131.1,95.8,48.3
8/7/19 0:30,42,39,42,39,172.1,153.8,80,26.2,23.2,63.8,24.5,132.4,72.6,238.8,135.8,98,47.9
8/7/19 0:45,42,39,42,39,134.1,157.8,75.2,22.7,22.6,70.8,23.8,125.5,49.4,221.6,116.1,101.3,47.9
8/7/19 1:00,42,39,42,39,115.4,147.1,58.9,21.6,23.3,89.9,22.4,130.9,38,221.5,99.1,101.6,46.2
8/7/19 1:15,42,39,42,39,130.1,146,42.8,17.3,20.7,85.7,21.5,132.8,34,215.7,102.8,98.4,41.4
8/7/19 1:30,42,39,42,39,148.4,128.2,43.6,18.4,23.8,72.3,19.6,129,33.5,136.8,106.8,90.8,36.6
8/7/19 1:45,42,39,42,39,154,114.2,47.9,18.8,23.1,48.1,19,126.6,30.8,93.8,123.5,87.2,37.3
8/7/19 2:00,42,39,42,39,NaN,NaN,NaN,NaN,NaN,NaN,NaN,NaN,NaN,NaN,NaN,85.7,35.2
8/7/19 2:15,42,39,42,39,NaN,NaN,NaN,NaN,NaN,NaN,NaN,NaN,NaN,NaN,NaN,89.4,35.4
8/7/19 2:30,42,39,42,39,154.5,91,30.8,17.8,23,62.8,17.1,185.3,24.2,66.8,196.5,93.4,36.6
8/7/19 2:45,42,39,42,39,182.9,98.5,33.1,20.6,24.4,52.4,18.5,186,28.9,68.1,174.7,89.9,35.8
8/7/19 3:00,42,39,42,39,205.4,83,32.3,23.2,21.8,50.5,18.9,183.5,28.4,66.4,167.1,87.3,36.4
8/7/19 3:15,42,39,42,39,205.4,75,30.5,25.4,18.6,49.6,18.7,139,25.8,64.7,120.6,85.3,34.9
8/7/19 3:30,42,39,42,39,204.1,73,29.7,22.4,19.3,31.8,18.5,97.8,32.5,62.3,87.8,83.8,33.9
8/7/19 3:45,42,39,42,39,204.3,66,30.5,20.8,18.8,29,17.8,88.6,37,57.8,70.6,82.4,32.1
8/7/19 4:00,42,39,42,39,200.6,59.2,32.5,19.4,18.4,24,18.5,88.4,37.2,55.2,64.7,81.2,28
8/7/19 4:15,42,39,42,39,191.7,66.8,33.4,17.6,17.9,23.7,20.1,111.4,34,50.6,71.1,78.4,25.5
8/7/19 4:30,42,39,42,39,186.1,74.6,33.3,16.6,17,24.8,20.6,94.6,35.5,46.9,114.5,75.6,24.3
8/7/19 4:45,42,39,42,39,197.3,72.2,34.5,17.1,16.4,23.2,21.5,80.7,35.6,44,104.6,66.8,24.5
8/7/19 5:00,42,39,42,39,200.3,72.3,40.4,17.2,17.1,22.4,22.6,98.5,33.2,41.3,93.3,47.3,24.9
8/7/19 5:15,42,39,42,39,192.7,74.6,39.6,17.6,17.9,20.7,24.1,109.7,32.4,40.1,93.7,38.4,27.6
8/7/19 5:30,0,0,0,0,181.8,57.1,38.9,17.3,18.1,22,24,117,32.2,40.6,113.6,37,29.8
8/7/19 5:45,0,0,0,0,166.2,51.1,37.5,17.4,19.3,23.2,28.7,105.3,32.6,45.9,127.4,37.5,28.7
8/7/19 6:00,0,0,0,0,153.6,60.6,36.2,20,20.1,25.6,35.6,92.7,33,47.9,137.7,39.4,27.2
8/7/19 6:15,0,0,0,0,139.7,70.4,39.4,24.7,21.7,34.1,35.9,96.7,33.1,44.6,136.7,44.6,28.7
8/7/19 6:30,0,0,0,0,132.3,79.4,42,28.2,23.8,40,34.8,97,33.5,45,128.1,46.9,32.8
8/7/19 6:45,0,0,0,0,117.1,123.4,45.6,29.2,24.6,63.8,48.6,104.9,36.2,63.2,113.4,49.4,32.6
8/7/19 7:00,0,0,0,0,112.8,147.9,54.1,31.5,27.5,88.7,57.7,113.6,37.1,56.4,85.7,49.3,34
8/7/19 7:15,0,0,0,0,110.7,93.8,62.3,28,28.8,144.8,68.8,179.7,38.7,56.8,79.2,48.3,30.7
8/7/19 7:30,0,0,0,0,107.2,69.4,94.5,30.5,29.6,119.5,54.4,216.3,42.9,54.3,77.8,55,30.6
8/7/19 7:45,0,0,0,0,104.4,67.9,93.6,37,29.3,95.8,49.3,82.6,43.2,53.1,80.3,57.1,29.3
8/7/19 8:00,0,0,0,0,100.6,73.7,85.6,39.9,28,68.4,47.6,76.6,51.8,53.5,80.2,68.8,32
8/7/19 8:15,0,0,0,0,90.6,76.4,71.6,33.7,29.2,73.1,45.5,65.2,52.3,43.6,77.8,62.6,26.8
8/7/19 8:30,0,0,0,0,75.3,56.1,56.2,35.9,29.4,60.2,37.5,65.6,50.3,40.1,82.1,55.2,20.5
8/7/19 8:45,0,0,0,0,70.2,56.6,58.1,34.8,40,65.9,35.8,66.5,52.2,37.5,111.9,43.1,21.3
8/7/19 9:00,0,0,0,0,60.5,50.7,63.1,31.8,32,54.8,35.8,68.1,52.9,33.7,84.4,40.3,22.9
8/7/19 9:15,0,0,0,0,50.9,47.3,45.8,32.3,36.3,50.9,28.8,67.7,52.3,32.5,87.6,42.3,25
8/7/19 9:30,0,0,0,0,36.7,51.6,41.6,28.7,30.6,35.8,34.4,63.7,46.7,30.9,77.4,43.1,29.4
8/7/19 9:45,0,0,0,0,24.2,49.9,37.3,26.1,24.9,34.7,35.8,33.7,39.7,NaN,NaN,37.8,29.6
8/7/19 10:00,0,0,0,0,24.9,46,37.9,34.2,NaN,36.4,34.7,32.4,34.5,30.7,NaN,36.7,30.5
8/7/19 10:15,0,0,0,0,28.3,37,36.4,34.6,NaN,40.9,31.3,18.1,33.3,37,NaN,33.9,28.5
8/7/19 10:30,0,0,0,0,31,25,34.7,30.2,20.6,55.4,22.6,22,33.6,43.9,NaN,34.1,23.9
8/7/19 10:45,0,0,0,0,28.7,22.5,27.6,31.9,23.3,46.1,20.8,26.1,23.9,NaN,NaN,23.6,20
8/7/19 11:00,0,0,0,0,32.6,25.1,22.9,27.2,20.6,35.9,19.4,25.8,24.3,33.2,35.6,23,22.5
8/7/19 11:15,0,0,0,0,32.4,23.5,25.7,30.9,17.5,27.5,22.9,23.7,15.6,26.2,47.1,24.1,23.8
8/7/19 11:30,0,0,0,0,32.4,19.5,24.8,24.4,17.5,26.7,23,19.7,20.8,24,32.2,23.3,25.4
8/7/19 11:45,0,0,0,0,32.5,19.2,31.9,24.2,21.7,22.8,22.7,19,20.5,26.7,NaN,20.4,24.8
08/07/19 12:00,41,40,63,26,41,21.1,27,26.8,27.2,37.5,33.8,21.9,22.1,28.9,NaN,33.8,24.6
08/07/19 12:15,41,40,55,30,35.3,19.9,25.2,32.2,17.4,20.4,25.8,31.8,30.7,23.7,NaN,40.8,25.6
08/07/19 12:30,42,39,42,39,34.6,20.7,26.5,25.7,16.7,20.4,21.9,19,31,29.8,NaN,20.9,25.9
08/07/19 12:45,0,0,0,0,25.6,16.8,23.9,NaN,21.8,21.1,23.5,20.8,25.9,24.4,21.5,27,23.5
8/7/19 13:00,40,41,91,18,22.9,19.8,23.4,26.1,19.8,18.2,15.4,24.2,16.6,26.4,13.3,25.5,37.4
8/7/19 13:15,41,40,61,27,21.9,19.3,28.1,21.9,17.5,24.6,20.1,18,23.4,31.2,17.7,23.6,30.8
8/7/19 13:30,42,39,59,28,21.2,18,26,22.3,21.2,19.5,22.6,16.2,35.6,29.9,28.3,18.9,32.1
08/07/19 13:45,0,0,0,0,19.7,17.9,28.8,24.1,22.7,16.6,20.4,16.8,15.5,22.7,18.2,19.8,22.2
08/07/19 14:00,0,0,0,0,20.3,16.8,23.4,22.7,19.8,16.6,20.6,15,19.6,27.2,16.5,21.8,29.5
08/07/19 14:15,0,0,0,0,21.9,20.1,15.5,23,18.4,27.2,19.4,17.9,19.8,20.7,20.6,19.4,17.6
08/07/19 14:30,0,0,0,0,24.4,19.5,22.1,24.1,18.7,22.4,12.3,19.4,25.6,24,17.6,22.7,16.9
08/07/19 14:45,0,0,0,0,22.6,20.2,27.8,25.6,22.1,28.6,NaN,23.5,36.5,33.4,23.5,22,17.7
08/07/19 15:00,0,0,0,0,18,16.8,19.3,21.9,21.3,24.5,NaN,24,20.4,31.3,27,22.2,18.5
08/07/19 15:15,0,0,0,0,20.8,18.5,17.6,18.4,21.3,26,28.4,20.8,17.3,27.8,31.5,27.1,17.6
08/07/19 15:30,0,0,0,0,20.5,17.2,23.1,20.4,20.3,28.4,18.9,18.1,21.9,29.6,32.3,18.6,19.5
08/07/19 15:45,0,0,0,0,20.8,17.9,21.8,21.1,18.1,31.9,19.7,16.8,17.6,25.9,41.7,22.4,22
08/07/19 16:00,0,0,0,0,20.6,17,25,21.9,16.3,26.2,24,21.2,22,NaN,NaN,15.1,19.4
08/07/19 16:15,0,0,0,0,20.4,21.4,18.4,20,20,24.2,17.9,26.6,16.6,26.5,41.6,16.2,23.8
08/07/19 16:30,0,0,0,0,23.4,20.3,40.1,24.3,19.2,32.1,14.6,22.3,19.5,25.3,47.8,19.2,21.8
08/07/19 16:45,0,0,0,0,21.6,15.5,39.4,26.4,22.9,39.2,25.3,26.8,19.1,31,53.2,18.7,21.5
08/07/19 17:00,0,0,0,0,25.3,21.4,32.6,25.9,27.3,34,22.7,19,31.8,35.3,52.3,31.9,23.9
08/07/19 17:15,0,0,0,0,21.9,34.8,28.1,20.9,21.4,38.8,19.3,22.8,30.3,36.9,41.2,24.3,25
08/07/19 17:30,41,40,55,30,22.4,25.7,27.2,25.1,22.4,39.9,14.9,21.4,37.9,34.2,24.7,24.9,26.7
08/07/19 17:45,42,39,59,28,24.6,29.4,27.7,31.5,21.7,37.5,13.6,34.9,40.8,45.4,19.7,31.6,24.5
08/07/19 18:00,41,40,66,25,26.2,45,37.7,29.3,19.6,36.5,15.4,33.9,54.6,47.9,21.4,32.9,29.5
08/07/19 18:15,0,0,0,0,37.2,60.1,45.3,33.4,26,44.5,23.6,33.8,56.8,48,27.9,41.2,35.3
08/07/19 18:30,42,39,82,20,41.3,69.2,49.4,36.1,26.5,66.4,30.3,41.3,62.7,71,34.9,40.5,34.6
08/07/19 18:45,41,40,68,24,43.8,45.9,62.2,37.4,32.5,53.3,26.8,52.5,76.4,68.6,35.2,43.5,37.8
8/7/19 19:00,40,41,86,19,45.4,45.9,64.1,38.4,45.7,63.9,29.4,54.2,106.1,71.2,38.4,63.4,41.1
8/7/19 19:15,41,40,66,25,49.2,31.5,71.3,41.4,53.9,54,39.1,64.4,122.2,88.1,49.3,59.2,49.4
8/7/19 19:30,42,39,82,20,55.1,41,74.1,41.8,58.5,63.5,45.8,88.4,113.8,102.4,44.3,64.9,73
8/7/19 19:45,42,39,61,27,61.3,41.1,74.1,53.1,67.5,66.8,58.9,114.7,122.8,109.2,42.3,71.8,82.1
8/7/19 20:00,41,40,78,21,64.2,66.6,76.6,54.1,57.3,71.9,67.1,147.6,148.4,125,37.6,77.2,92.2
8/7/19 20:15,41,40,71,23,59.1,102.9,79.7,51.6,60.3,70.4,86.8,142,145.1,150.4,41.1,80.9,98.9
8/7/19 20:30,41,40,75,22,63.8,125.9,97,52.5,53.7,65.7,121.2,157,141.3,179.6,24.1,88.3,110.6
8/7/19 20:45,42,39,53,31,56.4,133.3,101.9,55.9,47.1,76.5,148.6,175.7,145.2,196.4,16.5,81.6,109.6
8/7/19 21:00,42,39,42,39,35.9,152.5,121.4,55.7,46.6,89.5,172.4,141.7,181.1,216.1,19.5,57.8,105.5
8/7/19 21:15,42,39,91,18,29.6,168.4,128.4,69.1,67.4,92.2,179.5,131.3,207.8,220.2,26.8,42.9,101.7
8/7/19 21:30,41,40,127,13,28.2,120.2,150.7,55.4,71.4,94.4,200.9,151.9,233.1,221.9,21.2,42,98
8/7/19 21:45,41,40,41,40,29.2,119.8,168.3,47.9,83.8,91.6,249.2,167.3,301.8,228.7,19.6,40.8,100.7
8/7/19 22:00,41,40,41,40,27.6,120.5,167.4,48.2,86.4,80.6,260.4,192.3,251.7,239.2,17.2,37.6,110.4
8/7/19 22:15,41,40,53,31,26.1,108.7,173.5,46.7,73.5,96.5,251.5,206.4,208.4,274.4,17.5,34.7,94.4
8/7/19 22:30,41,40,41,40,26.4,75.3,175.2,46.5,58,97.4,252.7,194.5,163.6,269.5,18.5,45.4,78.3
8/7/19 22:45,41,40,41,40,25.1,65.6,175.2,47.8,39.3,100.4,275,198.2,118.8,247.6,15.1,35.3,71.7
8/7/19 23:00,41,40,41,40,24.2,47.8,178.4,49.9,37.9,75.5,304.5,202.6,165.3,239.4,13.8,33.2,66.1
8/7/19 23:15,41,40,41,40,25.3,48.3,192.5,51.4,47.2,75.5,345.5,205.8,219.6,234.2,14.4,37.2,65.3
8/7/19 23:30,41,40,41,40,26.5,49.3,191.9,51.1,47.9,72.2,421.3,192,200.5,228.3,16,39.8,66.8
8/7/19 23:45,41,40,41,40,28.8,44.1,153.9,48.5,47.8,64.8,274.8,200.4,190.2,220.9,15.6,41.7,68.5
9/7/19 0:00,41,40,41,40,29,37.6,112.7,46.6,47.8,58.1,74.3,198.9,168.4,208.9,16.6,43,67.1
9/7/19 0:15,41,40,41,40,27.9,35.7,96.8,41.7,40.6,51.3,23.4,196.4,159.2,248.6,16.4,45.2,66.3
9/7/19 0:30,41,40,41,40,24.8,34.9,84.4,39.1,41.7,59.6,14.9,130.7,158.1,336.3,17.6,55.3,76.4
9/7/19 0:45,41,40,41,40,23.9,35.3,77.5,38.9,50.8,74.5,11.2,111.8,128.3,338.6,18.7,68.2,85.9
9/7/19 1:00,41,40,41,40,26.2,35.2,73,34.6,49.9,73.6,10.7,98.3,112.2,318.1,19.2,69.8,87.9
9/7/19 1:15,41,40,41,40,28.4,35.8,66.3,33.1,47.7,71.4,10.4,82.1,115.5,275,16.2,61.3,86.1
9/7/19 1:30,41,40,41,40,25,37.4,56.7,32.9,41.9,92.4,10.4,67.7,124.8,248.8,15.7,48.5,79.7
9/7/19 1:45,41,40,41,40,22.9,36.9,52.4,27,32.7,108.5,10,56.7,126.3,229,16.2,47.7,67.5
9/7/19 2:00,41,40,41,40,NaN,NaN,NaN,NaN,NaN,NaN,NaN,NaN,NaN,NaN,NaN,47.1,59.8
9/7/19 2:15,41,40,41,40,NaN,NaN,NaN,NaN,NaN,NaN,NaN,NaN,NaN,NaN,NaN,45.1,46.1
9/7/19 2:30,41,40,41,40,19.1,35.3,48,29.4,31.6,83.4,11,42.9,75.5,162.1,15.5,39,46.6
9/7/19 2:45,41,40,41,40,20.4,32.2,49.3,34.5,34.8,80.3,11.5,46.8,87.9,153.9,13.1,33.2,47.2
9/7/19 3:00,41,40,41,40,19.1,24.9,46.2,31.7,33.2,77.6,10.3,58.9,116.4,108.2,13.1,31.9,45
9/7/19 3:15,41,40,41,40,19.2,24.4,45.8,28.7,29.5,79.7,9.9,87.6,99.2,72.9,13.2,30.8,45.3
9/7/19 3:30,41,40,41,40,21,24.1,47.9,24.4,29.7,68.5,10.3,94.7,68.5,73.1,12.5,29.7,45.2
9/7/19 3:45,41,40,41,40,22.2,24.8,59.2,21.7,30,65.8,10.2,97.5,59,75.1,12.9,29.3,42
9/7/19 4:00,41,40,41,40,22.7,25,59.1,22.8,30.7,75.3,10.2,102.4,57.3,71.3,31.5,28.8,41.3
9/7/19 4:15,41,40,41,40,25.6,24.9,55.7,23.2,31.1,81,8.9,109,56.1,64.6,27.2,30.2,40.6
9/7/19 4:30,41,40,41,40,28.9,25.6,52.4,24.1,31.5,76.4,8.3,112.5,57.2,64.9,19,31.9,39.5
9/7/19 4:45,41,40,41,40,27,28.6,51,25.4,32.2,80.6,8.9,115.2,57.9,62,28.4,34.6,39.6
9/7/19 5:00,41,40,41,40,25.1,37.1,51.1,24.7,31.6,82.5,8.3,138.7,66.1,48.7,29.2,35.2,40.7
9/7/19 5:15,41,40,41,40,25.1,39.6,51.2,27.2,31.3,82.2,9.3,171.7,76.5,39.1,27.9,37.3,42
9/7/19 5:30,41,40,41,40,26.9,40.3,49.1,31.6,30.5,66.8,12,182.6,92.8,37.6,28.4,52.2,42.3
9/7/19 5:45,41,40,41,40,28.2,36.9,47.2,31.9,30.2,55.4,13,203.6,75.9,37.9,29,55.2,42.2
9/7/19 6:00,41,40,41,40,27.6,36.1,44.8,32.8,60.5,57.5,16.1,197.5,72.8,40.4,29,55.3,41.2
9/7/19 6:15,41,40,41,40,32.3,41.8,43.5,34.8,106.3,48.2,15.6,198.5,86.8,44.2,27.1,55.2,40.2
9/7/19 6:30,41,40,41,40,33.2,47.6,46,34.6,119.3,44.7,27.2,214.2,104.6,59.3,29.2,55.9,40
9/7/19 6:45,41,40,41,40,33.6,47.2,57.6,44,117.8,49.3,27.7,250.8,94,73.7,39.4,61.8,42.3
9/7/19 7:00,41,40,41,40,42.1,54.5,61.3,51.2,102.1,46.8,31.5,232.6,96.1,76.8,60.8,68.4,39.9
9/7/19 7:15,41,40,41,40,39.1,55.4,76.2,46.9,76.4,48.4,39,234.7,123.7,81.4,63.3,66.7,36.8
9/7/19 7:30,41,40,41,40,37.2,54.5,76.1,38.7,90.5,49.6,30.9,217.1,117.4,81.4,60.9,57.8,38.1
9/7/19 7:45,41,40,41,40,46.7,61,62.8,33.2,88.5,61.6,38,189.5,124.2,76.3,48.2,47.4,32.9
9/7/19 8:00,41,40,41,40,49,56.4,63.4,34.8,76.9,69,53.1,178.5,96.1,61.5,28,49.3,30.8
9/7/19 8:15,41,40,41,40,55.4,84.6,61,34.4,83.9,79,33.4,161.2,75.8,44.8,34.9,42.2,32.6
9/7/19 8:30,41,40,41,40,49.2,75.3,53.1,38.1,73.9,50.4,51.6,127.1,59,36,25.5,43.8,34.8
9/7/19 8:45,42,39,42,39,41.9,80.2,55.4,44.3,97.8,52.4,33,100.8,43.1,32.3,29.3,41.1,35.1
9/7/19 9:00,41,40,55,30,39.3,44.6,44.7,32.2,88.7,58.8,41.9,67.3,36.8,28.8,35,44.3,34.8
09/07/19 9:15,0,0,0,0,39.4,29.5,40.8,35.2,76.8,58.6,31.2,57.9,30.6,19.7,32.3,44.1,37.1
09/07/19 9:30,0,0,0,0,41.9,41.3,40.1,32.9,56.2,57.6,37.1,49.6,26,16.8,24.1,39,27.5
09/07/19 9:45,0,0,0,0,36.5,31.9,32.2,30.5,40,57.6,34.7,43.6,23.8,14.4,25,38.4,25.4
09/07/19 10:00,0,0,0,0,42.5,30.9,36.5,31.3,38.3,56.5,46.7,33.2,21.8,12.5,23.1,37.9,28.9
09/07/19 10:15,0,0,0,0,38.3,30.5,34.2,27.2,32.4,46,36.9,23.2,31.8,12.4,21.2,31.2,24.2
09/07/19 10:30,0,0,0,0,26.7,27.6,22.7,20.2,32,46.6,40,16.5,48.4,14.4,21.4,30.9,22.9
09/07/19 10:45,0,0,0,0,25.1,30.3,22.4,23.4,23.1,45.2,57,22.3,48.4,14,17.2,32.2,25.5
09/07/19 11:00,0,0,0,0,28,33.7,25.9,22.8,25.4,37.5,41.2,21.4,38.9,18.7,17.1,25.6,24.9
09/07/19 11:15,0,0,0,0,32.9,32.2,22.1,19.4,20.5,47,34.1,21.4,38.9,15.9,18.7,39.7,25.4
09/07/19 11:30,0,0,0,0,28.8,43.1,19.4,20.6,34.9,39.1,39.1,16.2,32.4,27.8,14.8,32.5,26.2
09/07/19 11:45,0,0,0,0,25.1,30.7,22.7,21.2,31.1,37.5,44.4,19.9,33.5,16.7,14.4,27.6,27.9
09/07/19 12:00,0,0,0,0,21.4,26.7,23,22.6,19.8,28.4,64.4,10.4,43.6,19.1,18.2,31.7,33.1
09/07/19 12:15,0,0,0,0,23.8,27.3,23.1,21,17.2,47.8,64.4,13,37.9,21.9,16,22.9,22.5
9/7/19 12:30,41,40,75,22,24.8,27.4,25.9,21.2,16.9,34.2,63.2,11.5,33.5,20.5,16.1,27.1,30.6
9/7/19 12:45,41,40,82,20,27,23.5,25.7,22.6,15.5,30.1,59.8,14.6,25.7,25.9,21.2,27.5,23.3
9/7/19 13:00,42,39,82,20,19,24.6,29.1,19.2,15.7,41.3,52.3,15.7,45.5,16.4,19,20.5,31.5
9/7/19 13:15,41,40,66,25,17.8,20.2,24.5,22.6,23.3,32.6,31,23.1,34.8,16.3,20.4,25.8,18.4
9/7/19 13:30,41,40,61,27,21.1,19.5,26.9,16.5,22,42.4,39.2,15.4,36.1,21.6,22.9,24.6,28
9/7/19 13:45,42,39,68,24,20.9,25.3,21.7,16.1,20.2,28.5,61,19.4,21.4,15.4,15.8,27.9,23.3
9/7/19 14:00,41,40,59,28,20.9,22.7,23,18.8,25.9,29.2,34.9,15.4,16.4,24.3,15.8,25.5,23.7
9/7/19 14:15,41,40,41,40,19.9,15.1,20.1,19.7,13.6,24,29.7,19.3,31.9,21.9,20.5,23.9,15.9
9/7/19 14:30,42,39,110,15,21.8,22.3,26.6,21.5,15.5,26.9,22,27.9,18.9,22.5,20,17.9,20
9/7/19 14:45,40,41,118,14,24.6,22.7,24,34.6,21.2,47.4,39.4,32.3,25.9,24.9,25.5,22.1,22.7
9/7/19 15:00,42,39,103,16,26.6,19.6,23.8,18.2,23.3,52.7,41.2,21.4,21.5,20.5,29.4,25.8,25.1
9/7/19 15:15,42,39,165,10,17.1,33.8,34.3,20.1,18,32.7,40.8,25.7,14.2,24.9,17.2,20.4,24.7
9/7/19 15:30,42,39,206,8,21,28.3,22.7,17.6,22,33.8,59.9,22,14.9,20.1,23.8,19.7,27.5
9/7/19 15:45,41,40,183,9,23.5,24.6,24.4,22.4,23.3,31.1,52.6,23.4,9.9,18.4,18.2,22.5,15.8
9/7/19 16:00,39,42,206,8,22.6,29.5,22.2,18.5,20.9,31,30.1,18.6,13.2,23.2,16.8,21.9,24.5
9/7/19 16:15,42,39,110,15,24.1,22.5,24.1,15.4,26.1,30.5,26.4,22.9,16.5,26.8,16.3,24.2,22.1
9/7/19 16:30,42,39,97,17,25.7,24.9,25.6,16.8,21.4,33.9,30,35.2,16.4,22.2,15.7,24.6,26.3
9/7/19 16:45,41,40,41,40,23.6,20.5,26.7,19,26.9,29.8,35.3,25.3,20.4,29.8,22.3,18.8,24.6
9/7/19 17:00,41,40,63,26,26.5,25.2,25.4,19.6,29.6,36.5,29.5,32.5,26.7,28.7,NaN,25.5,22.7
9/7/19 17:15,41,40,75,22,28.8,23.5,35,20.1,24.1,39.7,24.6,29.4,26.1,26.3,21.6,25.3,21
9/7/19 17:30,42,39,103,16,28.5,34.8,44.4,19.1,28.1,33.4,24.3,30.2,26.8,29.4,22.3,26.6,19.4
9/7/19 17:45,41,40,75,22,25,36.9,53.8,26.9,27.6,34.4,16.2,35.3,29.1,26.8,25.1,36,22.5
9/7/19 18:00,42,39,61,27,30.1,32.3,44.9,23.2,34.3,32,14.4,34.4,31.4,43.5,41.9,31.7,26.5
9/7/19 18:15,41,40,71,23,33.8,30.8,49.9,27.4,32.1,45.4,18,45.3,61.2,50.3,39.1,41.2,33.2
9/7/19 18:30,42,39,63,26,41.1,34.4,51.5,37,41.4,69,41.7,51.1,53.3,76.9,38.7,41.9,39.9
9/7/19 18:45,42,39,78,21,50,40,55.9,41.1,48.3,61.3,68.5,62,44.1,77.9,38.6,22.6,41.6
9/7/19 19:00,41,40,59,28,54.4,43,101.8,45.9,57.5,67.3,78.2,88.1,65.6,84.2,41.9,25.3,52.4
9/7/19 19:15,41,40,41,40,60.7,46.9,104.7,49.9,52.5,79.6,69.6,122.9,175,94.4,50.7,22.3,55.6
9/7/19 19:30,42,39,53,31,62.4,57.6,130.4,57.6,57.2,97.4,51.1,159.1,152.4,108.7,63,23.8,72.6
9/7/19 19:45,41,40,78,21,75.1,61.1,190.2,72,71.9,170.3,45.9,182,149.3,131.1,81,29.8,77.3
9/7/19 20:00,41,40,63,26,79.4,50.7,215.6,78.7,81.4,187.9,29,185.7,153.4,182.3,83.9,35.9,80
9/7/19 20:15,41,40,75,22,85.4,49.7,246.7,83.8,110.6,185.4,25.8,218.5,148.6,186.8,72.8,35.6,89.2
9/7/19 20:30,42,39,78,21,88.8,51.5,225.8,89.5,91.7,198.7,27.1,228.3,117.3,170.4,76.8,36.5,98.7
9/7/19 20:45,41,40,66,25,87.9,53.7,206.3,88.2,92.4,201,27.6,250,122.5,167.1,93.4,34.8,95
9/7/19 21:00,41,40,41,40,90.5,62,176.5,81,100.9,194,29.1,195.3,104,164.9,105.8,30.7,91.8
9/7/19 21:15,42,39,59,28,98.2,61,207.8,95.3,102.9,192.7,22.2,178.2,106.5,182.4,108.5,33.3,92.5
9/7/19 21:30,41,40,41,40,105.4,59.9,198.6,97,98,179.4,21.8,139.8,96.8,208.7,130.2,33.1,99.6
9/7/19 21:45,42,39,71,23,113,56.3,193.8,96,88.5,182,20.5,77.5,80.1,240.8,126.3,29.9,111
9/7/19 22:00,41,40,91,18,117.8,49.5,193.7,94.9,86.2,170.7,18.8,67,75.3,329.7,132.3,29.8,113.2
9/7/19 22:15,42,39,59,28,124.3,44.3,199.4,68.6,58.9,167.3,19.8,65.3,67,397.3,139.5,34.2,103.6
9/7/19 22:30,42,39,42,39,129.1,36.2,185.6,60.4,55.3,163,21.3,56.3,60.3,432.9,130.4,46.2,100.4
9/7/19 22:45,42,39,42,39,132.1,33.6,172.2,60.2,51.8,151,24.3,56.1,63.2,390.2,114.3,33.8,100.7
9/7/19 23:00,42,39,42,39,127,37.1,185.5,60.9,46.8,142.2,22.4,55.9,73.9,342.7,122.9,37,95.8
9/7/19 23:15,42,39,42,39,104.2,41.7,150.3,52.7,47.2,140.9,28.4,62.2,71.1,332.1,145.8,39.2,85.4
9/7/19 23:30,42,39,42,39,81.8,40,148.1,53.1,49.8,144.4,37,62.9,84.3,339,140.3,32.4,98.8
9/7/19 23:45,42,39,42,39,75.8,43.1,158.5,48,57.1,152.1,17.2,55.1,87.3,333.7,124.8,30,73.4
9/7/19 0:00,41,40,41,40,72.9,41.7,158.3,40,58,165.5,19.9,49.6,86.7,331.7,124.8,29.7,67.2
9/7/19 0:15,41,40,41,40,67.6,38.7,137.4,36.9,44.7,190.8,19.1,49.5,79.8,344.5,113.3,20.4,62.5
9/7/19 0:30,41,40,41,40,56.3,37.2,143.2,33,33,204.6,21.8,54.5,89.7,339.1,142.4,18.5,59.2
9/7/19 0:45,41,40,41,40,48.5,38.9,152.3,34.5,33.4,217.6,23.1,47.7,63.4,358.2,129.9,19,56.8
9/7/19 1:00,41,40,41,40,38,39.7,147.5,33.5,33.7,230.9,22.6,40.4,45.3,368.8,100.7,18,56.5
9/7/19 1:15,41,40,41,40,39.3,42.1,139.5,33.6,32.3,218.3,16.3,38.7,32.9,387.9,95.2,17.5,56.3
9/7/19 1:30,41,40,41,40,41.4,43.6,146.1,34.9,30.9,203.8,15,37.2,43.9,440.5,91.7,19,54.5
9/7/19 1:45,41,40,41,40,41.5,44.2,141.3,31.2,30.8,206.8,15.9,29.2,40.2,461.4,84.9,34.5,50
9/7/19 2:00,41,40,41,40,NaN,NaN,NaN,NaN,NaN,NaN,NaN,NaN,NaN,NaN,84.7,32,42.6
9/7/19 2:15,41,40,41,40,NaN,NaN,NaN,NaN,NaN,NaN,NaN,NaN,NaN,NaN,87.2,37.9,37
9/7/19 2:30,41,40,41,40,33.3,27.7,170.3,27.1,28.9,155.1,21.9,31.5,38.2,382.1,83.9,37.9,37.4
9/7/19 2:45,41,40,41,40,37.1,31.8,145.3,25.8,30.1,213.5,24.3,30.8,31.3,401.8,82.7,32,36.2
9/7/19 3:00,41,40,41,40,39.1,39.3,133.2,26.3,27.7,227.5,23.8,24.4,35.1,305.4,73.4,28.7,34.7
9/7/19 3:15,41,40,41,40,38.8,47.3,91.2,37.2,25.9,231.5,18,25.2,38.4,205.5,70.5,23,34.4
9/7/19 3:30,41,40,41,40,36.6,61.3,72.7,43.1,25.7,252.9,25.9,25.8,42.4,148,59.9,19.8,34.4
9/7/19 3:45,41,40,41,40,34.2,46.6,66.8,42.7,28.9,269.8,24.1,24.4,46,120.1,47.9,19.9,33.2
9/7/19 4:00,41,40,41,40,32.9,38.2,67,44.8,27.8,265.7,17.3,24.1,47.3,102.1,49.7,19.5,32.1
9/7/19 4:15,41,40,41,40,32.5,36.5,59.7,45.2,27.3,264.5,11.7,22.8,50,77.6,48.4,20.2,31
9/7/19 4:30,41,40,41,40,32.8,37.7,57.9,46,27.3,242,11.9,22.8,62.7,66.5,58.7,21,34.4
9/7/19 4:45,41,40,41,40,35.8,38.8,59.4,46.6,26.8,241.4,11.2,24,82.2,59,70.1,21.1,45.2
9/7/19 5:00,41,40,41,40,39.9,38.8,61.7,44.6,28.5,224.6,12.9,26.5,81.6,58.6,85.5,21.3,37.5
9/7/19 5:15,41,40,41,40,34.5,38,63.3,37.4,27.9,207.9,22.5,30.3,75.3,44.6,97.5,24.5,39.1
9/7/19 5:30,41,40,41,40,32.3,39.5,60,35.1,25.1,125.9,17.5,30.4,47.7,43.4,96.8,26.3,38.9
9/7/19 5:45,41,40,41,40,32.2,53.1,54,33.6,25.2,78.1,17.1,33.9,32,46.1,90.1,26.2,36.9
9/7/19 6:00,41,40,41,40,32.3,53.1,51.6,28.8,26.2,64.2,26.5,41.3,53.1,48.6,76.9,26.4,36.1
9/7/19 6:15,41,40,41,40,31.9,53.7,61.9,27.3,29,58.4,28.6,48.5,40.4,54.4,82,25.9,37.2
9/7/19 6:30,41,40,41,40,33.1,67,66.3,28.5,35.2,58.6,38.1,44.6,43.6,80.8,93.4,28.6,38.8
9/7/19 6:45,41,40,41,40,32.1,82.4,59.2,28.5,44.9,58.4,39.6,36.6,44.1,82.2,80.1,31,40.8
9/7/19 7:00,41,40,41,40,33.1,71,58,28.8,50,55.9,37.5,47.9,54.8,81.8,96.3,24.9,40.8
9/7/19 7:15,41,40,41,40,37.8,81.9,57.7,28.4,49.3,59.3,39.1,72.2,67.8,72,93.1,23.6,39.2
9/7/19 7:30,41,40,41,40,54.1,102.8,57.7,NaN,46.4,53.2,40.9,73,52.3,66.5,100.9,24.5,36.4
9/7/19 7:45,41,40,41,40,50.5,98.9,58.4,NaN,49.6,41.9,36.3,40.7,53.3,59.5,90.7,24.6,31.9
9/7/19 8:00,41,40,41,40,51.1,96.6,61.3,NaN,42.6,40.8,40.4,41.3,83.8,41.6,52.2,24.3,28
9/7/19 8:15,41,40,41,40,50.8,91.5,59.8,NaN,36.5,36.4,33,42.3,57.2,37.1,20.5,24,22.4
9/7/19 8:30,41,40,41,40,41.1,74.9,55.5,NaN,37.3,50.1,31.5,42.3,59.7,29.2,18.9,20.7,22.2
9/7/19 8:45,42,39,42,39,31.8,81.2,44.6,NaN,43,40.1,36.2,54.7,53,21,26.5,19.5,28.9
9/7/19 9:00,41,40,55,30,28.4,77.7,41.9,NaN,35.7,43.3,25.8,47.9,51.6,18.6,22,23.9,48.5
09/07/19 9:15,0,0,0,0,35.1,70.6,34.8,NaN,28.1,43.8,26.2,48.6,64.4,16.9,20.9,19.2,34
09/07/19 9:30,0,0,0,0,35.7,57.8,30.1,NaN,27.1,45.9,21.3,41.6,38.8,13.7,22.5,22.4,36.2
09/07/19 9:45,0,0,0,0,37.5,47.8,24.3,NaN,27.9,42,20.4,35.3,43,17.2,21.7,24.1,30.1
09/07/19 10:00,0,0,0,0,46.7,38.2,19.8,NaN,27.5,50.1,21.5,32,37.3,24.9,23.6,21.3,27.9
09/07/19 10:15,0,0,0,0,40.7,30.7,21.8,NaN,18.4,37,15.6,27.4,33.8,19.4,26.6,21.5,28.2
09/07/19 10:30,0,0,0,0,43.8,45.3,23.4,NaN,27.5,31.7,14.6,27.3,34.3,14.5,30,23.8,22.4
09/07/19 10:45,0,0,0,0,37.2,60.3,20.2,NaN,30.4,32.1,16.4,24.4,40.7,14.9,30.1,27.4,20.6
09/07/19 11:00,0,0,0,0,35.9,51.5,20.2,NaN,18.8,29.3,16.8,20.2,30.2,15.5,28,42.6,19.6
09/07/19 11:15,0,0,0,0,35.3,45,24.4,NaN,18,26.5,19.6,37.2,33.5,15.2,35,23.3,NaN
09/07/19 11:30,0,0,0,0,30.4,54.6,24.9,NaN,27.7,23.8,15.6,22.8,33.8,29.4,44.6,19.8,12.7
09/07/19 11:45,0,0,0,0,31.6,42,22.8,NaN,26.2,23.4,14.8,21.2,27,21.5,32.8,22.6,12
09/07/19 12:00,0,0,0,0,32.4,53.7,23.6,NaN,18.5,21.6,19.3,16.1,30.4,29.9,38.3,26.2,12.9
09/07/19 12:15,0,0,0,0,26.7,42.8,24.9,NaN,23.8,14,18.9,17.5,36.4,33.7,42.2,17.9,14.7
9/7/19 12:30,41,40,75,22,21.5,45.2,27.8,NaN,19.3,15.3,18.9,22.6,48.8,30.7,34.9,27,11.8
9/7/19 12:45,41,40,82,20,25.3,44.6,21.8,NaN,29.7,21.4,12.6,20.2,31.6,29.1,40.2,21.6,13.7
9/7/19 13:00,42,39,82,20,29.9,NaN,17.3,NaN,20.8,21.3,11.7,23,26.1,25.9,35.2,18,11.5
9/7/19 13:15,41,40,66,25,21.6,NaN,16,NaN,22.9,20.1,15.1,12.9,28,24.6,37.2,15.4,16.1
9/7/19 13:30,41,40,61,27,21.1,66.5,12.9,NaN,26.6,26.3,9.4,23.2,26.6,26.6,54,17.4,14.4
9/7/19 13:45,42,39,68,24,22.6,62.7,24,NaN,22.3,25.6,7.8,26.3,36.4,20.5,50.1,16.2,17.5
9/7/19 14:00,41,40,59,28,21.7,56.5,13.4,23.8,23.6,21.4,10.1,13.5,13.2,27.1,37,16,14.6
9/7/19 14:15,41,40,41,40,21.3,64,13.7,19.2,18.6,17.5,14.8,13.6,14.2,13.8,37.7,16,29.8
9/7/19 14:30,42,39,110,15,18.5,59.3,16.2,19,23.7,11.9,16.4,14.9,19.3,27.2,49,11.7,12.6
9/7/19 14:45,40,41,118,14,21.9,63.2,14,22.2,32,23.3,20.3,20.6,46.8,25.2,47.9,12.3,19.1
9/7/19 15:00,42,39,103,16,19.2,50.8,15.6,22.3,23.8,25.2,18,16.3,20,20.2,50.1,13.4,24.2
9/7/19 15:15,42,39,165,10,20.6,57.4,17.5,20.2,17.3,20.2,24.1,18.2,11.8,21.4,54,19.2,18.6
9/7/19 15:30,42,39,206,8,25,66.9,12.2,18.4,22.8,20.4,23.2,24.6,9.5,19.5,39.3,14.5,22.3
9/7/19 15:45,41,40,183,9,19,52.1,12.2,22.8,24.8,20.3,20.6,23.2,13.4,21.1,42.7,13.6,20.6
9/7/19 16:00,39,42,206,8,27.2,62.1,20.5,20.5,20.6,21.9,24.8,18.9,15.2,17.9,44.2,12.9,22.8
9/7/19 16:15,42,39,110,15,18.2,63.5,23.8,21.3,25.1,19.8,20.3,32.8,14.3,20.6,37.4,16.1,19.8
9/7/19 16:30,42,39,97,17,26,74,29.1,23.1,31.8,22.5,19.3,20.4,14.7,23.1,62.1,15.7,22.5
9/7/19 16:45,41,40,41,40,23.7,56.8,28.5,25.3,24.2,25.2,14,21.9,13.4,23.1,44.7,20.2,26.3
9/7/19 17:00,41,40,63,26,29.8,74.5,38.4,22.5,27.9,22.4,14,16.7,20.3,27.9,85,18.7,25.9
9/7/19 17:15,41,40,75,22,31.8,73.4,36.1,26.8,34.6,27.1,16.1,32.3,21.6,36,55.7,25.9,25.4
9/7/19 17:30,42,39,103,16,27.5,99.1,36.6,28.6,37.7,26.4,17.5,41.2,31.3,36.3,63.4,25.1,35
9/7/19 17:45,41,40,75,22,26.6,130.1,37.6,27.9,36.9,27.9,11.1,43.8,23.2,37.2,72.2,30,29.7
9/7/19 18:00,42,39,61,27,29.4,99.9,43.7,27.4,33.9,28.7,13.8,49.9,25.4,54.7,86,28.9,35.1
9/7/19 18:15,41,40,71,23,36.2,111.5,54.2,40,44.5,43,14.8,59.2,27.9,50.6,94.6,27,39.5
9/7/19 18:30,42,39,63,26,52.8,105.1,53.2,42.2,57.3,54.3,15.7,77,41.9,63.8,95.2,36,44.3
9/7/19 18:45,42,39,78,21,72.7,110.6,65.2,51.9,79.3,64.6,23.9,93.8,57.6,74.3,118.3,44.8,50.3
9/7/19 19:00,41,40,59,28,93.5,116,66.5,59.1,80.5,77,33.2,114.3,75.2,93,127.7,52.7,56.4
9/7/19 19:15,41,40,41,40,92,146.2,75.6,72.1,115.1,87.7,41.1,106.9,91.3,88.4,136.2,67,85.6
9/7/19 19:30,42,39,53,31,93.4,143.4,77.3,76.5,99.7,91.5,36.4,112.8,117.1,88.1,158.5,82.9,120.4
9/7/19 19:45,41,40,78,21,99.8,133.2,78.9,90.3,121.3,89.6,52.4,120.4,113.1,92.3,184.3,124,125.5
9/7/19 20:00,41,40,63,26,108.5,128.3,80.3,105.4,169.1,81.3,40.4,111.6,133.2,87.2,176.3,164.1,120.9
9/7/19 20:15,41,40,75,22,116.8,134.8,85.9,119.3,125.7,82.7,38,100.9,139.9,90.8,163.2,192.8,126.5
9/7/19 20:30,42,39,78,21,119.2,156.4,92.1,140.9,131.8,95.5,35.6,127.9,139,106,160.3,251.9,148.3
9/7/19 20:45,41,40,66,25,120,169.4,97.9,148,174.7,87.1,29.9,138.2,160.8,120.2,152.8,293.4,186.6
9/7/19 21:00,41,40,41,40,130.1,172.2,95.7,151.9,204.2,68.9,25.8,144.3,286.2,147.9,147,308,205.6
9/7/19 21:15,42,39,59,28,138.5,172.9,92.9,150.9,245.3,71.7,24.6,139.3,266.8,158.7,202.9,340.4,222.6
9/7/19 21:30,41,40,41,40,140.4,180.3,94.4,157.2,247.9,65,27.7,160.4,218.2,152.6,188.3,335.9,228.2
9/7/19 21:45,42,39,71,23,139.5,195.2,94.1,186.4,255.4,50.9,43.6,151.6,208.2,128.1,143.2,374.2,226.9
9/7/19 22:00,41,40,91,18,138.8,199.3,92.8,157.5,262,44.5,39.5,132.3,184.3,122,147.1,348.7,225.8
9/7/19 22:15,42,39,59,28,137.9,184.4,91.9,144,190.8,37.9,44.2,118,167.7,115.4,131.3,228.2,217
9/7/19 22:30,42,39,42,39,143,157.6,92.7,128.2,158.3,36.8,41.9,128.9,159.2,100.6,122.5,195.1,185.4
9/7/19 22:45,42,39,42,39,150.7,123.2,99.8,124.7,150.5,34.1,63.2,102.1,155.8,101.2,117.4,180.6,199.7
9/7/19 23:00,42,39,42,39,167.4,109.6,107.7,125.1,117.7,31.1,45.5,78.2,168.6,109.7,115.9,174.5,203.6
9/7/19 23:15,42,39,42,39,166.2,104.3,119.7,126.6,96.2,31.9,47.7,53.1,186.6,117.3,148.8,166.3,198.2
9/7/19 23:30,42,39,42,39,163.4,111.2,153.7,123.4,90.3,37,43.7,45.5,199.7,117.3,132.4,153.2,181.4
9/7/19 23:45,42,39,42,39,167.6,108.7,160.4,122.2,89.7,40.5,37.3,36.5,179.6,116.1,132.1,145.5,170
11/7/19 0:00,42,39,42,39,168.8,120.8,158.6,121.3,93.8,52.1,34.9,31.5,157.9,117.9,138.6,116.4,160.5
11/7/19 0:15,41,40,41,40,165.8,128,158,123.1,106.6,45.4,29.1,44.8,162.4,122.1,125.5,89.5,153.1
11/7/19 0:30,42,39,42,39,163.3,131.6,120.5,123.6,137.8,36.2,23.4,38.4,127.4,133.9,121.6,76.1,148.5
11/7/19 0:45,42,39,42,39,157.8,133.8,88.3,126.2,156.6,34,23.4,41.5,97,137.2,130.1,122,146.6
11/7/19 1:00,42,39,42,39,149.9,140.1,63.5,154.4,160,33.5,24.8,39.9,75.9,117.4,129.7,112.8,146.1
11/7/19 1:15,42,39,42,39,130.7,141.4,56.5,171.3,161.1,36.3,23.7,34.3,62.1,104.3,133.5,97.2,194.2
11/7/19 1:30,41,40,41,40,110.6,140.7,49,178.3,163.5,38.3,21.1,36.9,50.1,70.2,145,87.1,212.6
11/7/19 1:45,41,40,41,40,92.8,136.4,45.8,176,164.4,37.3,19.5,42.3,43.8,53,122.6,74.4,176.7
11/7/19 2:00,42,39,42,39,NaN,NaN,NaN,NaN,NaN,NaN,NaN,NaN,NaN,NaN,90,72.3,166.1
11/7/19 2:15,41,40,41,40,NaN,NaN,NaN,NaN,NaN,NaN,NaN,NaN,NaN,NaN,66.1,70.2,144.3
11/7/19 2:30,42,39,42,39,57.9,143.9,42.9,154.2,146.5,33.9,16.3,31.8,27.9,30.8,53.3,66.2,115.4
11/7/19 2:45,42,39,42,39,60.5,161.3,43.4,132.7,163.7,37.8,17.6,28.4,34.6,32.2,51.3,63,80.7
11/7/19 3:00,42,39,42,39,58,131,37.3,90.1,151.1,67.3,21.4,26.6,34.2,31.5,62.7,57.5,71.1
11/7/19 3:15,42,39,42,39,56.7,117.5,34,73,131.7,55.9,35,26.6,20.8,30.8,61.4,52.2,67.3
11/7/19 3:30,41,40,41,40,56.6,114.6,50.4,69.3,107.9,48.4,31.9,22.4,18.4,31.9,50.4,50.8,68
11/7/19 3:45,42,39,42,39,56.4,113.3,59.2,68,89.9,44.6,31.9,19,23.2,35,44,48.4,69.9
11/7/19 4:00,41,40,41,40,53.5,110.9,41.5,68.5,78.2,37.4,34.1,19.3,34,37.1,42.6,43.9,70.2
11/7/19 4:15,42,39,42,39,49.2,112.5,39.1,65.7,70.1,33.4,37.8,21,40.4,34.5,42.7,39.1,66.9
11/7/19 4:30,41,40,41,40,49,127.4,38.6,60.8,68,49.5,36.1,23.2,42.8,29.8,42.2,38,64.1
11/7/19 4:45,42,39,42,39,49,131.8,36.8,60.5,68.8,63.5,38,24,37,27.6,33.5,41.6,61.7
11/7/19 5:00,42,39,42,39,55.6,180.9,37.6,58.4,73.2,68.8,37,22.6,23,21.8,15.1,43.3,58.6
11/7/19 5:15,42,39,42,39,63.1,206,35.9,54.9,88.8,67.8,37.9,22.7,23.3,17.5,11.2,42.8,46.2
11/7/19 5:30,42,39,42,39,61.8,176.2,28.2,47.5,100.3,62.4,35.6,22.8,20.6,17.2,10.6,43.1,32.9
11/7/19 5:45,42,39,42,39,59.6,149.2,27.2,45.7,106.6,52.2,44.3,21.9,31.6,17.4,11.1,41.2,34.6
11/7/19 6:00,41,40,41,40,61.5,118.7,27.3,45.1,112.5,53.7,40.1,21.9,35.2,16.1,11.7,36.1,39.3
11/7/19 6:15,41,40,41,40,65,106.8,35.3,46.5,121.5,89.4,36.7,22.9,45.5,15.3,12.1,37,41.9
11/7/19 6:30,42,39,42,39,78.8,116.6,41.8,52.6,136,97.4,31.6,24.6,69.6,19.9,15.3,45,41.6
11/7/19 6:45,42,39,42,39,79.2,120.5,42.2,52.1,153.2,105.7,34.1,26.4,64.4,26.5,19.2,48.3,40.2
11/7/19 7:00,42,39,42,39,83.5,110,43.9,46.4,166.3,113.9,44.4,31.9,76.6,25.7,22.3,41.6,45.2
11/7/19 7:15,42,39,42,39,91.7,114.7,43.3,50.4,165.5,112.6,74,27.4,73.1,49.8,32.9,39.1,37.7
11/7/19 7:30,41,40,41,40,68.1,109.5,40.7,53.2,195.5,101.4,55.7,26.7,73.1,26.7,27.5,38.9,42.7
11/7/19 7:45,42,39,42,39,66,118.7,36.8,52.7,181.3,74.3,41.5,26.9,39.3,25.1,29,37.5,30.4
11/7/19 8:00,42,39,42,39,63.6,111.4,35.8,56.5,99.7,71.5,30.7,26.8,42.5,29.7,40.9,34.2,28.6
11/7/19 8:15,42,39,42,39,74.4,101.2,30.9,59.3,78.5,67.6,44.3,26.7,55.4,33.5,57.6,42.2,35.7
11/7/19 8:30,42,39,59,28,68.4,108.2,25.2,68.9,73.1,63.5,41.2,26.8,36.2,23.3,76.9,41.4,53.2
11/7/19 8:45,41,40,55,30,42.5,109.7,24.9,73.8,74.5,61.8,44.1,28,53.2,21.4,42.3,43.6,66
11/7/19 9:00,41,40,55,30,44.1,67.6,24.3,49.7,70.3,67.7,33,25.2,40.2,25.2,37.4,37.2,55.1
11/7/19 9:15,41,40,53,31,55.2,79.4,24.5,40.3,86.1,68.5,30.8,21.3,34.8,23.6,37.7,37.4,53
11/7/19 9:30,42,39,53,31,58.1,69.6,25.3,35.1,95.6,61.8,30.5,18.4,42,24.1,33,38.3,40.8
11/7/19 9:45,41,40,55,30,46,70.3,26,35.9,72.6,52.4,28.9,18.5,32.2,21.4,48.3,37,30.2
11/7/19 10:00,41,40,51,32,44.2,66.2,25,27.7,62.4,44.7,29,20.9,39.3,21.8,66.7,34.4,27.2
11/7/19 10:15,41,40,71,23,34.8,54.5,27.4,36.8,30.8,38.2,26.3,51,40.2,19.2,55.2,35.1,28.5
11/7/19 10:30,41,40,66,25,32.3,43.7,24.3,44,33.4,38,21.7,31.8,39.6,18.8,56.3,38.8,29.2
11/7/19 10:45,41,40,41,40,25.2,52.8,21.9,33.2,32.4,32.4,20.8,33.6,43.1,24,55.1,39.8,28.8
11/7/19 11:00,41,40,55,30,21.3,57.7,20.4,34.3,27.4,35.3,24.6,32.6,50.6,24.6,47.5,32.7,21
11/7/19 11:15,41,40,63,26,19.3,64.9,18.5,35,40.5,26,21.4,63.5,41.1,23,43.7,28.4,22
11/7/19 11:30,41,40,56,29,29.1,41.9,18.5,33,36.5,25.2,19.4,42.4,41.2,25.4,42.9,24.9,17.1
11/7/19 11:45,42,39,75,22,24.5,36.3,16,23.4,26,23.6,19.3,44.3,57.4,26.1,43.5,31.6,18.3
11/7/19 12:00,41,40,63,26,19.8,32.4,16.1,25.7,25.5,28.4,21.8,41.9,54,24,48.4,33.8,15.6
11/7/19 12:15,41,40,71,23,26.7,32.3,15.1,22.8,23.9,25.3,27.5,44.1,51.2,34.5,48.2,22.9,11.6
11/7/19 12:30,41,40,53,31,29.5,30.8,13.5,22,24.2,26.8,23.6,31.9,44.3,27.7,32.8,24.7,10.3
11/7/19 12:45,41,40,41,40,21.9,29,14.4,21.1,22,28.3,29.6,33.6,42.5,26.7,25.9,24.6,17
11/7/19 13:00,41,40,66,25,19.5,27.6,14.8,22.1,15.3,27,18.6,25.3,40.4,22.4,30.4,24.1,13.6
11/7/19 13:15,41,40,51,32,19.4,27.7,14.9,14.4,15.1,23.9,19.5,26.1,50,23.5,22.5,17.4,24.7
11/7/19 13:30,40,41,91,18,22.7,27.6,18.1,17.7,24.3,25.6,26.8,31.7,49.8,27.9,27.7,29.1,18
11/7/19 13:45,42,39,75,22,24.9,23.9,14.7,28.3,18.3,24.4,16.2,31.3,39.7,27.3,26.1,21.3,16.5
11/7/19 14:00,42,39,59,28,31.5,22.7,12.6,25.8,18.3,19.8,13.8,24.7,40.7,25.7,24.3,16.6,21.3
11/7/19 14:15,42,39,66,25,23.2,22.7,10,35.5,26.4,15.5,12.8,32.1,36.6,27.7,19.3,23.7,17.7
11/7/19 14:30,42,39,63,26,19.8,31.9,9.9,27.1,17.7,20.7,17.4,35.3,40,26,23.6,17.8,17
11/7/19 14:45,42,39,75,22,16.2,25.9,10.6,26.8,16.8,24,31.9,36.9,69.2,26.4,23.6,24.4,17.9
11/7/19 15:00,41,40,71,23,23,30.7,13.4,17.7,19,25.9,20.7,22.8,46.3,25.6,21,22.9,19.1
11/7/19 15:15,42,39,118,14,21.2,31,10.7,20.5,19.7,28.4,14.4,14,58.5,18.4,24.7,14.8,17.1
11/7/19 15:30,42,39,82,20,17.6,34.6,10.6,19.2,20.5,31.6,18.8,10.9,43.4,NaN,20.2,17.4,20.4
11/7/19 15:45,41,40,75,22,15.6,30,12.4,17.6,22.4,22.3,13.9,17.5,40.7,NaN,19.1,25.5,18.8
11/7/19 16:00,42,39,42,39,24.4,28.1,12,19.6,21.5,21.8,13.2,19.6,47.5,31.9,21.1,21.8,22.6
11/7/19 16:15,42,39,55,30,22.4,35.8,12.7,20.4,22.8,24.4,18.1,25.5,36.2,43.1,25.8,27.3,21.5
11/7/19 16:30,41,40,71,23,26,24.8,12.4,24,26.2,30.3,16.9,39,65.3,38.2,22.3,27.7,26.8
11/7/19 16:45,41,40,53,31,24.4,32.4,14.5,30.6,26.9,28,16.4,37.9,49.7,51,24.2,23.2,19.3
11/7/19 17:00,42,39,59,28,22,36.5,15.3,42,24.1,33.2,19.9,45.4,34.1,44.3,25.6,45.8,22.3
11/7/19 17:15,42,39,59,28,22.1,31.7,15.5,26.8,25.6,37.9,21,38.6,55,69.1,27,48.9,27
11/7/19 17:30,42,39,86,19,26.7,31.8,15.1,26.6,32.8,37.1,19.6,49.7,33,67.2,21.6,37.5,32.6
11/7/19 17:45,41,40,41,40,34,38.6,19.4,24.9,34.4,37.9,18,47.1,42.4,90.5,26.8,43.2,27.2
11/7/19 18:00,41,40,56,29,37.9,53.8,16,35.6,37.1,33.5,24.4,42.4,25.6,103.8,29.8,36.8,31.4
11/7/19 18:15,41,40,68,24,47.5,44.4,18.5,51.4,36.3,41.9,20.9,34.9,20.1,96.3,40.1,16.5,42.8
11/7/19 18:30,41,40,59,28,61.5,45.9,23,61.6,49.6,40.3,23.2,37.1,18.1,96.6,44.1,13.5,52.1
11/7/19 18:45,41,40,68,24,64.9,45.9,21.4,78.7,67,46.3,38.4,33.6,37.1,85.6,46.3,29.7,60.1
11/7/19 19:00,42,39,59,28,73.6,50.8,24.9,91.4,93.7,55.2,45,37,42.4,97,59.2,35.9,75.8
11/7/19 19:15,41,40,75,22,87.1,61.7,31.3,92.2,104.3,65,54.3,55.8,52.8,130.4,62.9,44.5,78.5
11/7/19 19:30,42,39,61,27,92.3,115.6,30.9,100.7,109.7,88.8,51.3,49.9,50.7,176.5,74.8,44.9,97.8
11/7/19 19:45,41,40,97,17,104.2,96.6,40.6,139.3,122,91,55.8,48.6,45.7,174.1,96.4,73.3,127
11/7/19 20:00,41,40,71,23,118.5,95.9,42.9,130.3,115.2,91.1,51.4,51.4,75.5,160.6,101.3,63.2,162.1
11/7/19 20:15,41,40,78,21,147.2,91.8,43.4,128.1,119.1,106.3,48.7,61.5,75.4,157.5,118.3,48.1,189.8
11/7/19 20:30,41,40,66,25,128.8,93.2,41.9,130,127,109.9,51,76.3,57.1,153.2,126.9,53.6,185.8
11/7/19 20:45,42,39,68,24,141.1,86.9,32.5,147.1,163.2,118,51.5,67.3,50.8,151.8,153.7,46.1,180.9
11/7/19 21:00,42,39,78,21,151.5,91.9,34,160.4,144.9,115.4,53.2,87.1,55.1,175.4,179.2,61.5,177.6
11/7/19 21:15,42,39,68,24,152.4,82.4,35.3,201.4,129.4,103.9,61.9,79,61.4,170.1,177.9,64.9,163.1
11/7/19 21:30,42,39,59,28,146.1,71.9,36.5,240.5,116.3,94.6,63.3,83.2,53.3,146.4,172.7,76.5,169.5
11/7/19 21:45,41,40,41,40,136.2,86,34.2,266.2,93.5,87.1,67.6,69,49.1,132.1,157.9,70.5,185.2
11/7/19 22:00,41,40,41,40,109.9,74.1,35.6,285,100.9,67.2,66.2,85.4,33.6,127.6,139.7,90.7,185.6
11/7/19 22:15,41,40,41,40,87.1,68.2,37.7,264.6,102.2,59.7,64,94.1,30.1,120.7,175.7,96,183.7
11/7/19 22:30,41,40,41,40,73.8,63.2,39.9,243.4,86.1,60.8,57.4,85.9,31.2,114.8,164.9,109.4,186.5
11/7/19 22:45,42,39,42,39,69.7,68.5,37.7,260.3,79.7,59.5,53.4,76.3,40,115.5,170.7,74,181.8
11/7/19 23:00,42,39,42,39,65.8,116.9,32.1,290.5,78.9,54.5,67.1,86.7,34.8,92,175.6,81.5,167.3
11/7/19 23:15,42,39,42,39,53.9,126.5,38.1,305.1,73.9,54.1,71.4,116.8,24.9,87.5,169.8,95.7,162.6
11/7/19 23:30,42,39,42,39,51.4,128.2,34.8,303.1,66.3,54.2,76.2,123.2,25.1,85.3,172.7,76.1,155.5
11/7/19 23:45,42,39,42,39,57.7,125.5,30.5,301.4,66.4,60.2,89.7,119.5,32.5,74,191.2,68.4,148.6
11/7/19 23:55,42,39,42,39,79.1,132.1,30,300.8,66,59.4,88.3,115,34.9,62,179,58.3,151.7
12/7/19 0:10,42,39,42,39,81.8,135.6,29.9,293.8,66.3,50,80.4,101.5,41.8,50.1,177,54.2,103.4
12/7/19 0:25,42,39,42,39,77.1,154.2,28.6,251.2,68.4,46.2,64.9,120.6,34.5,46.5,169.4,57.4,44.6
12/7/19 0:40,42,39,42,39,75.4,174,18.3,219.8,69.4,36.3,59.7,136.3,16.2,45.9,155.8,60.4,23.7
12/7/19 0:55,42,39,42,39,75.1,166.5,18.5,198.3,69.6,29.1,59.3,138.5,14,45,152.3,63.2,18.6
12/7/19 1:10,42,39,42,39,80.4,147.5,18.5,189.4,71.6,31.3,67.5,151.1,14.5,42.8,146.8,61.6,15.7
12/7/19 1:25,42,39,42,39,88.3,122.3,16.1,185.3,73.7,31.1,66.8,158.5,19.9,42.1,144.4,57.4,16.1
12/7/19 1:40,42,39,42,39,84.9,86.3,17.3,170.3,76.9,30.1,59,151.6,20.7,44.5,178.5,55.9,20.2
12/7/19 1:55,42,39,42,39,NaN,NaN,NaN,NaN,NaN,NaN,NaN,NaN,NaN,NaN,205.5,64.4,33.4
12/7/19 2:10,42,39,42,39,NaN,NaN,NaN,NaN,NaN,NaN,NaN,NaN,NaN,NaN,251.1,70.4,44
12/7/19 2:25,42,39,42,39,86.9,46.9,12.8,128,119.6,33.5,36.4,65.6,16.4,32,228.2,65.4,38.3
12/7/19 2:40,42,39,42,39,111.6,47.6,16.1,132.1,134.7,34.6,46.5,56.5,21.5,29.3,181.7,67.2,31.6
12/7/19 2:55,42,39,42,39,107.9,49.1,20.2,126,163.8,32.6,46.4,46.5,24.4,29.2,163.2,70.2,28.8
12/7/19 3:10,42,39,42,39,95.1,48.5,23.9,125,178.2,27.3,41.7,47.1,24.6,29,147.8,71.7,23.2
12/7/19 3:25,42,39,42,39,72.9,47.2,26.3,130.5,195.2,23.8,42,50.8,23.8,28,111.7,72.3,20
12/7/19 3:40,42,39,42,39,60.9,45.8,24,136.6,193.8,24.7,45.3,53.1,33.2,25.9,80.3,73,21.3
12/7/19 3:55,42,39,42,39,51.4,46.1,21.7,140.9,194,23.4,54.8,52.5,31.1,28.1,65.2,78.2,21.4
12/7/19 4:10,42,39,42,39,44,48.5,21.9,148.7,196.1,19.8,57,53.6,51.5,30.2,57.9,90.9,19.6
12/7/19 4:25,42,39,42,39,40.9,48.1,23,164.1,202.6,15.6,56.2,57.9,67.6,29.2,55.9,89.4,18.4
12/7/19 4:40,42,39,42,39,38.8,47.8,24.8,174.9,208.3,13.7,42.2,57,72.5,21.5,51.3,87.3,17
12/7/19 4:55,42,39,42,39,37.8,54.8,25.7,202.2,215.2,12.6,41.3,57,70.5,16.5,34.9,83.1,16.4
12/7/19 5:10,42,39,42,39,37,47.3,21,211,220.1,12.1,47.1,57.1,71,16.9,23,80.5,18.2
12/7/19 5:25,42,39,42,39,40,44.4,20,209,221.5,10.9,51.9,55.8,88.8,20.2,19.8,73.5,18.1
12/7/19 5:40,42,39,42,39,50.2,41.6,20.5,202.9,221.8,10.6,56.1,59,86.9,19.6,17.9,71.5,19.4
12/7/19 5:55,42,39,42,39,74.5,44.1,21.5,185.8,221.3,11.4,46.1,58.7,55.5,22.5,19.1,83.5,26.8
12/7/19 6:10,42,39,42,39,90.5,65.6,22.1,177.8,224.2,14.8,44.2,61.3,53.7,26.7,14.3,79.5,25.2
12/7/19 6:25,42,39,42,39,69.9,68.2,29.1,182.2,228.6,17.9,48.3,72.9,59.1,37,14.1,78,32
12/7/19 6:40,42,39,42,39,96.1,65.3,38.7,212.3,232.7,25.5,44.6,77.7,110.7,68.6,19.5,73.8,35.6
12/7/19 6:55,42,39,42,39,85,56.6,34.6,228.3,240.6,34.9,46.7,74.3,105,80.4,22.7,46.1,38.6
12/7/19 7:10,42,39,42,39,143.1,60.4,33.3,232.6,230.8,42.3,47.1,72.5,91.5,106,19.9,37.3,37.9
12/7/19 7:25,42,39,42,39,231,53.2,33.3,213,174.4,39.7,48.1,71.4,62.8,74.3,27.5,33.3,37.5
12/7/19 7:40,42,39,42,39,237.5,59.2,30.3,193.5,139.9,36.5,46.5,64,47.4,58.8,31.6,24.6,38
12/7/19 7:55,42,39,42,39,215.4,54.6,36.9,206.5,126.2,62.5,46.1,61.1,72.7,55.5,30.1,24.5,33.4
12/7/19 8:10,42,39,42,39,186.2,50.3,30.4,189,86.5,82.3,45.3,63.6,54.8,48.3,29.4,23.4,28.5
12/7/19 8:25,42,39,42,39,127.8,38.1,29.5,135.6,107.6,75,43.9,60.4,53.9,46,25,20.2,32
12/7/19 8:40,42,39,42,39,101.5,32.4,28.4,84.2,103.1,68.3,44.1,54.5,46.2,38.8,32.4,26,30.1
12/7/19 8:55,42,39,55,30,85.4,33.6,30.5,68.3,89.1,39.4,39.4,41.7,36.2,38,27.5,21.2,24.3
12/7/19 9:10,41,40,55,30,60,31.1,31.2,70.3,74.7,29.7,31.1,35,34.8,33.1,27.5,19.8,24.1
12/7/19 9:25,41,40,71,23,51.5,33.6,24.2,61.8,74.3,29,26.9,34.8,36.4,24.9,23.4,18.2,25.3
12/7/19 9:40,41,40,41,40,44.3,33.5,25.9,46.2,69.8,28.4,23.9,29.9,42.3,31.1,25.7,18.5,22.3
12/7/19 9:55,41,40,55,30,36.6,34.4,23.6,51.2,56.8,25.6,25.9,35.9,33.3,32.4,18.6,17,19.4
12/7/19 10:10,42,39,42,39,35.8,28.6,21,55.5,57.5,25.2,19.4,28.4,32.8,43,19.4,19.4,24.5
12/7/19 10:25,41,40,59,28,35.5,26.3,22.1,60.2,64.3,26.8,18.7,31.5,45.1,44.5,20.6,19.1,27.1
12/7/19 10:40,42,39,71,23,26.8,28.5,25,53.9,62.3,25.1,20.4,30.5,33.8,69.2,17.9,21.7,29.9
12/7/19 10:55,41,40,41,40,26.2,27.9,21.6,36.6,38.6,22.9,19.1,30.7,47.6,46.6,18.9,21.9,22.8
12/7/19 11:10,42,39,53,31,25.9,21.5,20.9,27.5,31.4,29.2,15.3,24.4,31.6,30.3,18.7,23.6,23
12/7/19 11:25,42,39,63,26,44.1,21.5,21,27.6,33.3,29.4,13.5,26.7,36.8,40.2,30,25.1,20.1
12/7/19 11:40,42,39,59,28,28.8,23.4,22,33.7,31.5,19.4,15.8,32.5,51,35.8,19.5,24,26.8
12/7/19 11:55,41,40,41,40,31.9,28.4,25,34.1,37.1,30.2,15,24.5,41.8,44.2,NaN,26.7,27.2
12/7/19 12:10,41,40,66,25,30.1,27.4,18.9,22.1,39.3,23.1,11.1,25.4,32.8,24.3,NaN,25.2,21.6
12/7/19 12:25,42,39,66,25,26,22.6,17.1,29,58.2,17.6,19.4,23.4,38.8,26.3,NaN,22.1,19.2
12/7/19 12:40,41,40,68,24,35.9,23.6,17,32.2,34.2,29.5,12.6,17.1,31.1,28.9,NaN,24.3,25.1
12/7/19 12:55,42,39,110,15,21.7,21.1,17.5,31,31.1,17.4,12.7,20.7,27.1,28.4,NaN,33.8,21.2
12/7/19 13:10,42,39,75,22,29.7,21.7,19.6,27.6,33.4,22.7,9.6,23.5,37.9,26.4,NaN,30.6,18.7
12/7/19 13:25,42,39,61,27,28.8,22.5,16.9,26.4,45.1,18.2,17,26.6,32.8,31.6,NaN,32.5,27.9
12/7/19 13:40,41,40,63,26,28.1,27.3,25.6,24.2,33.4,26,11.8,13.9,39.3,33.9,NaN,36.3,26.1
12/7/19 13:55,41,40,41,40,22.1,25.2,16.3,19,27.1,22.8,10.4,25.9,20.9,49.2,NaN,36.5,14.7
12/7/19 14:10,42,39,71,23,23.5,27.2,18.1,21.3,25.1,21.7,10.7,36.7,23.4,33.4,NaN,28.4,32.4
12/7/19 14:25,41,40,86,19,31.2,24.3,19.6,26.5,29,20.9,11,29.9,40.1,25.9,NaN,21.7,23.6
12/7/19 14:40,43,38,150,11,30.2,36.1,16.5,23.5,48.7,24.5,10.1,27,39.6,21.6,NaN,20.1,44.2
12/7/19 14:55,41,40,75,22,30.8,21.2,15.6,19.9,35.9,29.7,9.7,27,23.8,29.3,NaN,19.5,30.1
12/7/19 15:10,41,40,41,40,25.6,22.8,17.6,29.8,34,22.2,15,14,28.8,22.3,NaN,21.2,None
12/7/19 15:25,42,39,53,31,25.6,22.9,14.4,23.5,26.9,20.7,11.9,25.6,24.6,27.2,NaN,25.9,None
12/7/19 15:40,41,40,61,27,34.7,18.7,19.6,19.8,30.2,19.4,9,24.2,33.2,17.8,NaN,21.2,None
12/7/19 15:55,42,39,59,28,28.8,21.2,15,25.6,36,18.6,8.6,33.1,29.2,23,NaN,22.2,None
12/7/19 16:10,41,40,55,30,27.4,23.6,18.2,29.2,24.4,15.8,12,32.3,21.9,21.3,NaN,21.9,None
12/7/19 16:25,41,40,63,26,35,24,19.2,35.3,28.4,19.7,11.5,21.2,62.5,21.2,NaN,27.1,None
12/7/19 16:40,41,40,55,30,25,24.1,16.9,38.7,34.3,24.8,19.4,23.1,59.2,34,NaN,22.5,None
12/7/19 16:55,42,39,59,28,33.7,24.3,16.4,32.2,27.3,22.2,11.6,27.5,33,33.6,61.2,21.7,None
12/7/19 17:10,41,40,66,25,34,23.4,13.9,32.6,26.4,25.3,11.1,30.9,33.4,23.7,66.5,20.7,None
12/7/19 17:25,41,40,68,24,37.5,22.3,16.3,29.1,28.4,20.2,13,32.4,48,33.5,49.2,28.9,None
12/7/19 17:40,41,40,68,24,46.6,21.8,31.3,33.1,46.9,20.5,16.4,31.7,42.2,30.9,58.8,23.9,None
12/7/19 17:55,42,39,68,24,43.9,24.8,22.6,34.6,44.1,24.6,16.1,32.2,22.2,39.4,64.2,27.3,None
12/7/19 18:10,41,40,78,21,49.3,30.1,21.9,40,55.7,28.2,15.8,42.1,23.2,53.1,58.1,31.8,43.1
12/7/19 18:25,41,40,41,40,58,33.6,29,57.2,73,31.1,20.4,46.8,25.2,72.9,50.5,32.6,51.5
12/7/19 18:40,42,39,71,23,61.1,44.1,26.9,67.3,80.6,41,20,55.5,23.4,80.3,50.7,31.2,59.3
12/7/19 18:55,41,40,56,29,73.1,50,37.6,76.9,90.3,40.1,22.6,76.3,25.2,43.6,93,43,80.2
12/7/19 19:10,41,40,41,40,73.9,52.9,37.8,73.9,124.2,46.5,22.7,70.2,32.4,47.1,78.1,39.7,60.1
12/7/19 19:25,0,0,0,0,98.1,51.2,38.1,90.5,129.8,53.1,28.4,70.8,28.7,53.7,89.1,39.7,67.7
12/7/19 19:40,41,40,63,26,110.1,49.4,39.9,100.5,154.3,63.4,34.2,69.2,31.6,43.6,71.4,43.7,86.1
12/7/19 19:55,41,40,63,26,117.4,53.9,42.5,112.9,165.4,70.2,35.3,76.8,38.7,55.1,68.2,58.3,108.5
12/7/19 20:10,42,39,59,28,106.5,56,48.3,134.5,180.2,74.8,36.1,103.8,42.2,58.7,64.5,62.1,107.3
12/7/19 20:25,42,39,71,23,104,60.3,49.8,150.4,161.3,78.7,37.1,106.3,50.1,58.6,86.1,63.4,104.6
12/7/19 20:40,42,39,59,28,90.9,56.5,50.1,135,157,74.3,38.7,97.2,58.3,60,63.5,69,105
12/7/19 20:55,41,40,75,22,88.6,51.6,49.1,124.8,153.4,61.9,36.6,104.3,77.3,64.8,17.4,74.2,121.2
12/7/19 21:10,42,39,97,17,83,52.8,49.8,110.6,121.1,55.8,38.2,109.8,69.9,70.2,15.6,76.6,132.9
12/7/19 21:25,41,40,110,15,70.1,59.8,49.9,101.3,97,58.4,38.3,111.2,70,118.8,14,78.1,130
12/7/19 21:40,42,39,53,31,67.6,57.3,48.5,88.9,110.9,59,39.2,103,74.4,165.8,19.7,92.1,127.3
12/7/19 21:55,41,40,55,30,68.2,52.6,38,85.8,116.7,72.1,40.4,93.2,115.1,91.2,38.5,83.4,213.3
12/7/19 22:10,42,39,42,39,64.2,45.6,34.3,82.2,92,81.4,41.2,80.4,168.6,44,80.7,62.6,181.9
12/7/19 22:25,42,39,42,39,63.2,36.9,32.9,95.7,73.6,77.7,41.7,72.6,162,37.8,73.9,54.8,170.1
12/7/19 22:40,42,39,42,39,63.8,33.6,34.6,89.7,45,62.6,39.1,71.4,157.6,38.2,53,42.2,157.2
12/7/19 22:55,41,40,41,40,56.4,34.3,35.1,121.7,26.2,49.7,38.1,70.3,148.8,41.7,48.5,34.9,151.8
12/7/19 23:10,41,40,41,40,53.8,37.2,33.2,113.9,19.2,49.2,35.4,66.3,102.7,39.9,53.9,34.1,149.3
12/7/19 23:25,41,40,41,40,55,36.1,28.9,71.4,17.8,45.1,39.5,60.4,86.7,51,48.1,34.1,139.4
12/7/19 23:40,41,40,41,40,56.8,34.3,25.9,65.8,18.6,44.6,39,58.2,91.7,48.2,40.9,33.8,125.9
